[Tue, 28 Jul 2026 18:29:15 IST] [INFO] [Connect] Starting FreeRDP: D:\products\Guac-RDP\server\SDL3\sdl-freerdp.exe [/v:192.168.1.241 /u:qaadmin /p:Test@123 /w:1024 /h:768 /bpp:32 /cert:ignore +sdl-allow-screensaver]
[Tue, 28 Jul 2026 18:29:16 IST] [INFO] [Connect] FreeRDP process started successfully. PID: 54752
[Tue, 28 Jul 2026 18:29:16 IST] [INFO] [StartRendering] Waiting up to 5s for SDL window creation (PID: 54752)...
[Tue, 28 Jul 2026 18:29:16 IST] [INFO] [StartRendering] SDL window found successfully (HWND: 3804274)
[Tue, 28 Jul 2026 18:29:16 IST] [INFO] ========== Capture Tick ==========
[Tue, 28 Jul 2026 18:29:16 IST] [INFO] Current timestamp: 2026-07-28 18:29:16.5598375 +0530 IST m=+44.408552501
[Tue, 28 Jul 2026 18:29:16 IST] [INFO] HWND: 0
[Tue, 28 Jul 2026 18:29:16 IST] [INFO] FindWindowByPID() succeeded: false
[Tue, 28 Jul 2026 18:29:16 IST] [INFO] Process is still alive: true
[Tue, 28 Jul 2026 18:29:16 IST] [INFO] ========== Capture Tick ==========
[Tue, 28 Jul 2026 18:29:16 IST] [INFO] Current timestamp: 2026-07-28 18:29:16.6601554 +0530 IST m=+44.508870401
[Tue, 28 Jul 2026 18:29:16 IST] [INFO] HWND: 0
[Tue, 28 Jul 2026 18:29:16 IST] [INFO] FindWindowByPID() succeeded: false
[Tue, 28 Jul 2026 18:29:16 IST] [INFO] Process is still alive: true
[Tue, 28 Jul 2026 18:29:16 IST] [INFO] ========== Capture Tick ==========
[Tue, 28 Jul 2026 18:29:16 IST] [INFO] Current timestamp: 2026-07-28 18:29:16.7598414 +0530 IST m=+44.608556401
[Tue, 28 Jul 2026 18:29:16 IST] [INFO] HWND: 3935346
[Tue, 28 Jul 2026 18:29:16 IST] [INFO] FindWindowByPID() succeeded: true
[Tue, 28 Jul 2026 18:29:16 IST] [INFO] Process is still alive: true
[Tue, 28 Jul 2026 18:29:16 IST] [INFO] CaptureWindow entered
[Tue, 28 Jul 2026 18:29:16 IST] [INFO] HWND: 3935346
[Tue, 28 Jul 2026 18:29:16 IST] [INFO] Width: 1024, Height: 768
[Tue, 28 Jul 2026 18:29:16 IST] [INFO] GetWindowDC succeeded: true
[Tue, 28 Jul 2026 18:29:16 IST] [INFO] CreateCompatibleDC succeeded: true
[Tue, 28 Jul 2026 18:29:16 IST] [INFO] CreateCompatibleBitmap succeeded: true
[Tue, 28 Jul 2026 18:29:16 IST] [INFO] SelectObject succeeded: true
[Tue, 28 Jul 2026 18:29:16 IST] [INFO] PrintWindow return value: 1
[Tue, 28 Jul 2026 18:29:16 IST] [INFO] Fallback PrintWindow() is executed: false
[Tue, 28 Jul 2026 18:29:16 IST] [INFO] GetDIBits return value: 768
[Tue, 28 Jul 2026 18:29:16 IST] [INFO] Number of scanlines copied: 768
[Tue, 28 Jul 2026 18:29:16 IST] [INFO] GetDIBits Width: 1024
[Tue, 28 Jul 2026 18:29:16 IST] [INFO] GetDIBits Height: 768
[Tue, 28 Jul 2026 18:29:16 IST] [INFO] Bitmap format: BI_RGB (32-bit)
[Tue, 28 Jul 2026 18:29:16 IST] [INFO] Non-black pixels: 780536
[Tue, 28 Jul 2026 18:29:16 IST] [INFO] Transparent pixels: 0
[Tue, 28 Jul 2026 18:29:16 IST] [INFO] Opaque pixels: 786432
[Tue, 28 Jul 2026 18:29:16 IST] [INFO] Dirty rectangle coordinates: (0,0)-(1024,768)
[Tue, 28 Jul 2026 18:29:16 IST] [INFO] Width: 1024
[Tue, 28 Jul 2026 18:29:16 IST] [INFO] Height: 768
[Tue, 28 Jul 2026 18:29:16 IST] [INFO] PNG encoding started
[Tue, 28 Jul 2026 18:29:16 IST] [INFO] PNG encoding finished
[Tue, 28 Jul 2026 18:29:16 IST] [INFO] PNG byte size: 6103
[Tue, 28 Jul 2026 18:29:16 IST] [INFO] Base64 byte size: 8140
[Tue, 28 Jul 2026 18:29:16 IST] [INFO] TX img: Stream ID: 1, Timestamp: 2026-07-28 18:29:16.8241494 +0530 IST m=+44.672864401
[Tue, 28 Jul 2026 18:29:16 IST] [INFO] Queue length: 0
[Tue, 28 Jul 2026 18:29:16 IST] [INFO] Whether send blocks: yes, if queue is full
[Tue, 28 Jul 2026 18:29:16 IST] [INFO] Whether send succeeds: true (queued)
[Tue, 28 Jul 2026 18:29:16 IST] [INFO] TX blob: Stream ID: 1, Blob size: 6000, Timestamp: 2026-07-28 18:29:16.8241494 +0530 IST m=+44.672864401
[Tue, 28 Jul 2026 18:29:16 IST] [INFO] Queue length: 0
[Tue, 28 Jul 2026 18:29:16 IST] [INFO] Whether send blocks: yes, if queue is full
[Tue, 28 Jul 2026 18:29:16 IST] [INFO] Whether send succeeds: true (queued)
[Tue, 28 Jul 2026 18:29:16 IST] [INFO] TX blob: Stream ID: 1, Blob size: 2140, Timestamp: 2026-07-28 18:29:16.8241494 +0530 IST m=+44.672864401
[Tue, 28 Jul 2026 18:29:16 IST] [INFO] Queue length: 1
[Tue, 28 Jul 2026 18:29:16 IST] [INFO] Whether send blocks: yes, if queue is full
[Tue, 28 Jul 2026 18:29:16 IST] [INFO] Whether send succeeds: true (queued)
[Tue, 28 Jul 2026 18:29:16 IST] [INFO] TX end: Stream ID: 1, Timestamp: 2026-07-28 18:29:16.8241494 +0530 IST m=+44.672864401
[Tue, 28 Jul 2026 18:29:16 IST] [INFO] Queue length: 2
[Tue, 28 Jul 2026 18:29:16 IST] [INFO] Whether send blocks: yes, if queue is full
[Tue, 28 Jul 2026 18:29:16 IST] [INFO] Whether send succeeds: true (queued)
[Tue, 28 Jul 2026 18:29:16 IST] [INFO] TX sync: Timestamp: 2026-07-28 18:29:16.8241494 +0530 IST m=+44.672864401
[Tue, 28 Jul 2026 18:29:16 IST] [INFO] Queue length: 2
[Tue, 28 Jul 2026 18:29:16 IST] [INFO] Whether send blocks: yes, if queue is full
[Tue, 28 Jul 2026 18:29:16 IST] [INFO] Whether send succeeds: true (queued)
[Tue, 28 Jul 2026 18:29:16 IST] [INFO] ========== Capture Tick ==========
[Tue, 28 Jul 2026 18:29:16 IST] [INFO] Current timestamp: 2026-07-28 18:29:16.8605573 +0530 IST m=+44.709272301
[Tue, 28 Jul 2026 18:29:16 IST] [INFO] HWND: 3935346
[Tue, 28 Jul 2026 18:29:16 IST] [INFO] FindWindowByPID() succeeded: true
[Tue, 28 Jul 2026 18:29:16 IST] [INFO] Process is still alive: true
[Tue, 28 Jul 2026 18:29:16 IST] [INFO] CaptureWindow entered
[Tue, 28 Jul 2026 18:29:16 IST] [INFO] HWND: 3935346
[Tue, 28 Jul 2026 18:29:16 IST] [INFO] Width: 1024, Height: 768
[Tue, 28 Jul 2026 18:29:16 IST] [INFO] GetWindowDC succeeded: true
[Tue, 28 Jul 2026 18:29:16 IST] [INFO] CreateCompatibleDC succeeded: true
[Tue, 28 Jul 2026 18:29:16 IST] [INFO] CreateCompatibleBitmap succeeded: true
[Tue, 28 Jul 2026 18:29:16 IST] [INFO] SelectObject succeeded: true
[Tue, 28 Jul 2026 18:29:16 IST] [INFO] PrintWindow return value: 1
[Tue, 28 Jul 2026 18:29:16 IST] [INFO] Fallback PrintWindow() is executed: false
[Tue, 28 Jul 2026 18:29:16 IST] [INFO] GetDIBits return value: 768
[Tue, 28 Jul 2026 18:29:16 IST] [INFO] Number of scanlines copied: 768
[Tue, 28 Jul 2026 18:29:16 IST] [INFO] GetDIBits Width: 1024
[Tue, 28 Jul 2026 18:29:16 IST] [INFO] GetDIBits Height: 768
[Tue, 28 Jul 2026 18:29:16 IST] [INFO] Bitmap format: BI_RGB (32-bit)
[Tue, 28 Jul 2026 18:29:16 IST] [INFO] Non-black pixels: 31744
[Tue, 28 Jul 2026 18:29:16 IST] [INFO] Transparent pixels: 0
[Tue, 28 Jul 2026 18:29:16 IST] [INFO] Opaque pixels: 786432
[Tue, 28 Jul 2026 18:29:16 IST] [INFO] Dirty rectangle coordinates: (0,0)-(1024,768)
[Tue, 28 Jul 2026 18:29:16 IST] [INFO] Width: 1024
[Tue, 28 Jul 2026 18:29:16 IST] [INFO] Height: 768
[Tue, 28 Jul 2026 18:29:16 IST] [INFO] PNG encoding started
[Tue, 28 Jul 2026 18:29:16 IST] [INFO] PNG encoding finished
[Tue, 28 Jul 2026 18:29:16 IST] [INFO] PNG byte size: 6261
[Tue, 28 Jul 2026 18:29:16 IST] [INFO] Base64 byte size: 8348
[Tue, 28 Jul 2026 18:29:16 IST] [INFO] TX img: Stream ID: 2, Timestamp: 2026-07-28 18:29:16.9500493 +0530 IST m=+44.798764301
[Tue, 28 Jul 2026 18:29:16 IST] [INFO] Queue length: 0
[Tue, 28 Jul 2026 18:29:16 IST] [INFO] Whether send blocks: yes, if queue is full
[Tue, 28 Jul 2026 18:29:16 IST] [INFO] Whether send succeeds: true (queued)
[Tue, 28 Jul 2026 18:29:16 IST] [INFO] TX blob: Stream ID: 2, Blob size: 6000, Timestamp: 2026-07-28 18:29:16.9500493 +0530 IST m=+44.798764301
[Tue, 28 Jul 2026 18:29:16 IST] [INFO] Queue length: 0
[Tue, 28 Jul 2026 18:29:16 IST] [INFO] Whether send blocks: yes, if queue is full
[Tue, 28 Jul 2026 18:29:16 IST] [INFO] Whether send succeeds: true (queued)
[Tue, 28 Jul 2026 18:29:16 IST] [INFO] TX blob: Stream ID: 2, Blob size: 2348, Timestamp: 2026-07-28 18:29:16.9500493 +0530 IST m=+44.798764301
[Tue, 28 Jul 2026 18:29:16 IST] [INFO] Queue length: 1
[Tue, 28 Jul 2026 18:29:16 IST] [INFO] Whether send blocks: yes, if queue is full
[Tue, 28 Jul 2026 18:29:16 IST] [INFO] Whether send succeeds: true (queued)
[Tue, 28 Jul 2026 18:29:16 IST] [INFO] TX end: Stream ID: 2, Timestamp: 2026-07-28 18:29:16.9500493 +0530 IST m=+44.798764301
[Tue, 28 Jul 2026 18:29:16 IST] [INFO] Queue length: 2
[Tue, 28 Jul 2026 18:29:16 IST] [INFO] Whether send blocks: yes, if queue is full
[Tue, 28 Jul 2026 18:29:16 IST] [INFO] Whether send succeeds: true (queued)
[Tue, 28 Jul 2026 18:29:16 IST] [INFO] TX sync: Timestamp: 2026-07-28 18:29:16.9510504 +0530 IST m=+44.799765401
[Tue, 28 Jul 2026 18:29:16 IST] [INFO] Queue length: 2
[Tue, 28 Jul 2026 18:29:16 IST] [INFO] Whether send blocks: yes, if queue is full
[Tue, 28 Jul 2026 18:29:16 IST] [INFO] Whether send succeeds: true (queued)
[Tue, 28 Jul 2026 18:29:16 IST] [INFO] ========== Capture Tick ==========
[Tue, 28 Jul 2026 18:29:16 IST] [INFO] Current timestamp: 2026-07-28 18:29:16.9602311 +0530 IST m=+44.808946101
[Tue, 28 Jul 2026 18:29:16 IST] [INFO] HWND: 3935346
[Tue, 28 Jul 2026 18:29:16 IST] [INFO] FindWindowByPID() succeeded: true
[Tue, 28 Jul 2026 18:29:16 IST] [INFO] Process is still alive: true
[Tue, 28 Jul 2026 18:29:16 IST] [INFO] CaptureWindow entered
[Tue, 28 Jul 2026 18:29:16 IST] [INFO] HWND: 3935346
[Tue, 28 Jul 2026 18:29:16 IST] [INFO] Width: 1024, Height: 768
[Tue, 28 Jul 2026 18:29:16 IST] [INFO] GetWindowDC succeeded: true
[Tue, 28 Jul 2026 18:29:16 IST] [INFO] CreateCompatibleDC succeeded: true
[Tue, 28 Jul 2026 18:29:16 IST] [INFO] CreateCompatibleBitmap succeeded: true
[Tue, 28 Jul 2026 18:29:16 IST] [INFO] SelectObject succeeded: true
[Tue, 28 Jul 2026 18:29:16 IST] [INFO] PrintWindow return value: 1
[Tue, 28 Jul 2026 18:29:16 IST] [INFO] Fallback PrintWindow() is executed: false
[Tue, 28 Jul 2026 18:29:16 IST] [INFO] GetDIBits return value: 768
[Tue, 28 Jul 2026 18:29:16 IST] [INFO] Number of scanlines copied: 768
[Tue, 28 Jul 2026 18:29:16 IST] [INFO] GetDIBits Width: 1024
[Tue, 28 Jul 2026 18:29:16 IST] [INFO] GetDIBits Height: 768
[Tue, 28 Jul 2026 18:29:16 IST] [INFO] Bitmap format: BI_RGB (32-bit)
[Tue, 28 Jul 2026 18:29:16 IST] [INFO] Non-black pixels: 31744
[Tue, 28 Jul 2026 18:29:16 IST] [INFO] Transparent pixels: 0
[Tue, 28 Jul 2026 18:29:16 IST] [INFO] Opaque pixels: 786432
[Tue, 28 Jul 2026 18:29:17 IST] [INFO] Dirty rectangle coordinates: (0,0)-(1024,31)
[Tue, 28 Jul 2026 18:29:17 IST] [INFO] Width: 1024
[Tue, 28 Jul 2026 18:29:17 IST] [INFO] Height: 31
[Tue, 28 Jul 2026 18:29:17 IST] [INFO] PNG encoding started
[Tue, 28 Jul 2026 18:29:17 IST] [INFO] PNG encoding finished
[Tue, 28 Jul 2026 18:29:17 IST] [INFO] PNG byte size: 2782
[Tue, 28 Jul 2026 18:29:17 IST] [INFO] Base64 byte size: 3712
[Tue, 28 Jul 2026 18:29:17 IST] [INFO] TX img: Stream ID: 3, Timestamp: 2026-07-28 18:29:17.0081388 +0530 IST m=+44.856853801
[Tue, 28 Jul 2026 18:29:17 IST] [INFO] Queue length: 0
[Tue, 28 Jul 2026 18:29:17 IST] [INFO] Whether send blocks: yes, if queue is full
[Tue, 28 Jul 2026 18:29:17 IST] [INFO] Whether send succeeds: true (queued)
[Tue, 28 Jul 2026 18:29:17 IST] [INFO] TX blob: Stream ID: 3, Blob size: 3712, Timestamp: 2026-07-28 18:29:17.0081388 +0530 IST m=+44.856853801
[Tue, 28 Jul 2026 18:29:17 IST] [INFO] Queue length: 0
[Tue, 28 Jul 2026 18:29:17 IST] [INFO] Whether send blocks: yes, if queue is full
[Tue, 28 Jul 2026 18:29:17 IST] [INFO] Whether send succeeds: true (queued)
[Tue, 28 Jul 2026 18:29:17 IST] [INFO] TX end: Stream ID: 3, Timestamp: 2026-07-28 18:29:17.0081388 +0530 IST m=+44.856853801
[Tue, 28 Jul 2026 18:29:17 IST] [INFO] Queue length: 1
[Tue, 28 Jul 2026 18:29:17 IST] [INFO] Whether send blocks: yes, if queue is full
[Tue, 28 Jul 2026 18:29:17 IST] [INFO] Whether send succeeds: true (queued)
[Tue, 28 Jul 2026 18:29:17 IST] [INFO] TX sync: Timestamp: 2026-07-28 18:29:17.0081388 +0530 IST m=+44.856853801
[Tue, 28 Jul 2026 18:29:17 IST] [INFO] Queue length: 2
[Tue, 28 Jul 2026 18:29:17 IST] [INFO] Whether send blocks: yes, if queue is full
[Tue, 28 Jul 2026 18:29:17 IST] [INFO] Whether send succeeds: true (queued)
[Tue, 28 Jul 2026 18:29:17 IST] [INFO] ========== Capture Tick ==========
[Tue, 28 Jul 2026 18:29:17 IST] [INFO] Current timestamp: 2026-07-28 18:29:17.0601735 +0530 IST m=+44.908888501
[Tue, 28 Jul 2026 18:29:17 IST] [INFO] HWND: 3935346
[Tue, 28 Jul 2026 18:29:17 IST] [INFO] FindWindowByPID() succeeded: true
[Tue, 28 Jul 2026 18:29:17 IST] [INFO] Process is still alive: true
[Tue, 28 Jul 2026 18:29:17 IST] [INFO] CaptureWindow entered
[Tue, 28 Jul 2026 18:29:17 IST] [INFO] HWND: 3935346
[Tue, 28 Jul 2026 18:29:17 IST] [INFO] Width: 1024, Height: 768
[Tue, 28 Jul 2026 18:29:17 IST] [INFO] GetWindowDC succeeded: true
[Tue, 28 Jul 2026 18:29:17 IST] [INFO] CreateCompatibleDC succeeded: true
[Tue, 28 Jul 2026 18:29:17 IST] [INFO] CreateCompatibleBitmap succeeded: true
[Tue, 28 Jul 2026 18:29:17 IST] [INFO] SelectObject succeeded: true
[Tue, 28 Jul 2026 18:29:17 IST] [INFO] PrintWindow return value: 1
[Tue, 28 Jul 2026 18:29:17 IST] [INFO] Fallback PrintWindow() is executed: false
[Tue, 28 Jul 2026 18:29:17 IST] [INFO] GetDIBits return value: 768
[Tue, 28 Jul 2026 18:29:17 IST] [INFO] Number of scanlines copied: 768
[Tue, 28 Jul 2026 18:29:17 IST] [INFO] GetDIBits Width: 1024
[Tue, 28 Jul 2026 18:29:17 IST] [INFO] GetDIBits Height: 768
[Tue, 28 Jul 2026 18:29:17 IST] [INFO] Bitmap format: BI_RGB (32-bit)
[Tue, 28 Jul 2026 18:29:17 IST] [INFO] Non-black pixels: 31744
[Tue, 28 Jul 2026 18:29:17 IST] [INFO] Transparent pixels: 0
[Tue, 28 Jul 2026 18:29:17 IST] [INFO] Opaque pixels: 786432
[Tue, 28 Jul 2026 18:29:17 IST] [INFO] Dirty rectangle coordinates: (0,0)-(1024,31)
[Tue, 28 Jul 2026 18:29:17 IST] [INFO] Width: 1024
[Tue, 28 Jul 2026 18:29:17 IST] [INFO] Height: 31
[Tue, 28 Jul 2026 18:29:17 IST] [INFO] PNG encoding started
[Tue, 28 Jul 2026 18:29:17 IST] [INFO] PNG encoding finished
[Tue, 28 Jul 2026 18:29:17 IST] [INFO] PNG byte size: 2548
[Tue, 28 Jul 2026 18:29:17 IST] [INFO] Base64 byte size: 3400
[Tue, 28 Jul 2026 18:29:17 IST] [INFO] TX img: Stream ID: 4, Timestamp: 2026-07-28 18:29:17.1030697 +0530 IST m=+44.951784701
[Tue, 28 Jul 2026 18:29:17 IST] [INFO] Queue length: 0
[Tue, 28 Jul 2026 18:29:17 IST] [INFO] Whether send blocks: yes, if queue is full
[Tue, 28 Jul 2026 18:29:17 IST] [INFO] Whether send succeeds: true (queued)
[Tue, 28 Jul 2026 18:29:17 IST] [INFO] TX blob: Stream ID: 4, Blob size: 3400, Timestamp: 2026-07-28 18:29:17.1030697 +0530 IST m=+44.951784701
[Tue, 28 Jul 2026 18:29:17 IST] [INFO] Queue length: 0
[Tue, 28 Jul 2026 18:29:17 IST] [INFO] Whether send blocks: yes, if queue is full
[Tue, 28 Jul 2026 18:29:17 IST] [INFO] Whether send succeeds: true (queued)
[Tue, 28 Jul 2026 18:29:17 IST] [INFO] TX end: Stream ID: 4, Timestamp: 2026-07-28 18:29:17.1030697 +0530 IST m=+44.951784701
[Tue, 28 Jul 2026 18:29:17 IST] [INFO] Queue length: 1
[Tue, 28 Jul 2026 18:29:17 IST] [INFO] Whether send blocks: yes, if queue is full
[Tue, 28 Jul 2026 18:29:17 IST] [INFO] Whether send succeeds: true (queued)
[Tue, 28 Jul 2026 18:29:17 IST] [INFO] TX sync: Timestamp: 2026-07-28 18:29:17.1030697 +0530 IST m=+44.951784701
[Tue, 28 Jul 2026 18:29:17 IST] [INFO] Queue length: 2
[Tue, 28 Jul 2026 18:29:17 IST] [INFO] Whether send blocks: yes, if queue is full
[Tue, 28 Jul 2026 18:29:17 IST] [INFO] Whether send succeeds: true (queued)
[Tue, 28 Jul 2026 18:29:17 IST] [INFO] ========== Capture Tick ==========
[Tue, 28 Jul 2026 18:29:17 IST] [INFO] Current timestamp: 2026-07-28 18:29:17.1597269 +0530 IST m=+45.008441901
[Tue, 28 Jul 2026 18:29:17 IST] [INFO] HWND: 3935346
[Tue, 28 Jul 2026 18:29:17 IST] [INFO] FindWindowByPID() succeeded: true
[Tue, 28 Jul 2026 18:29:17 IST] [INFO] Process is still alive: true
[Tue, 28 Jul 2026 18:29:17 IST] [INFO] CaptureWindow entered
[Tue, 28 Jul 2026 18:29:17 IST] [INFO] HWND: 3935346
[Tue, 28 Jul 2026 18:29:17 IST] [INFO] Width: 1024, Height: 768
[Tue, 28 Jul 2026 18:29:17 IST] [INFO] GetWindowDC succeeded: true
[Tue, 28 Jul 2026 18:29:17 IST] [INFO] CreateCompatibleDC succeeded: true
[Tue, 28 Jul 2026 18:29:17 IST] [INFO] CreateCompatibleBitmap succeeded: true
[Tue, 28 Jul 2026 18:29:17 IST] [INFO] SelectObject succeeded: true
[Tue, 28 Jul 2026 18:29:17 IST] [INFO] PrintWindow return value: 1
[Tue, 28 Jul 2026 18:29:17 IST] [INFO] Fallback PrintWindow() is executed: false
[Tue, 28 Jul 2026 18:29:17 IST] [INFO] GetDIBits return value: 768
[Tue, 28 Jul 2026 18:29:17 IST] [INFO] Number of scanlines copied: 768
[Tue, 28 Jul 2026 18:29:17 IST] [INFO] GetDIBits Width: 1024
[Tue, 28 Jul 2026 18:29:17 IST] [INFO] GetDIBits Height: 768
[Tue, 28 Jul 2026 18:29:17 IST] [INFO] Bitmap format: BI_RGB (32-bit)
[Tue, 28 Jul 2026 18:29:17 IST] [INFO] Non-black pixels: 31744
[Tue, 28 Jul 2026 18:29:17 IST] [INFO] Transparent pixels: 0
[Tue, 28 Jul 2026 18:29:17 IST] [INFO] Opaque pixels: 786432
[Tue, 28 Jul 2026 18:29:17 IST] [INFO] Dirty rectangle empty
[Tue, 28 Jul 2026 18:29:17 IST] [INFO] ========== Capture Tick ==========
[Tue, 28 Jul 2026 18:29:17 IST] [INFO] Current timestamp: 2026-07-28 18:29:17.2606335 +0530 IST m=+45.109348501
[Tue, 28 Jul 2026 18:29:17 IST] [INFO] HWND: 3935346
[Tue, 28 Jul 2026 18:29:17 IST] [INFO] FindWindowByPID() succeeded: true
[Tue, 28 Jul 2026 18:29:17 IST] [INFO] Process is still alive: true
[Tue, 28 Jul 2026 18:29:17 IST] [INFO] CaptureWindow entered
[Tue, 28 Jul 2026 18:29:17 IST] [INFO] HWND: 3935346
[Tue, 28 Jul 2026 18:29:17 IST] [INFO] Width: 1024, Height: 768
[Tue, 28 Jul 2026 18:29:17 IST] [INFO] GetWindowDC succeeded: true
[Tue, 28 Jul 2026 18:29:17 IST] [INFO] CreateCompatibleDC succeeded: true
[Tue, 28 Jul 2026 18:29:17 IST] [INFO] CreateCompatibleBitmap succeeded: true
[Tue, 28 Jul 2026 18:29:17 IST] [INFO] SelectObject succeeded: true
[Tue, 28 Jul 2026 18:29:17 IST] [INFO] PrintWindow return value: 1
[Tue, 28 Jul 2026 18:29:17 IST] [INFO] Fallback PrintWindow() is executed: false
[Tue, 28 Jul 2026 18:29:17 IST] [INFO] GetDIBits return value: 768
[Tue, 28 Jul 2026 18:29:17 IST] [INFO] Number of scanlines copied: 768
[Tue, 28 Jul 2026 18:29:17 IST] [INFO] GetDIBits Width: 1024
[Tue, 28 Jul 2026 18:29:17 IST] [INFO] GetDIBits Height: 768
[Tue, 28 Jul 2026 18:29:17 IST] [INFO] Bitmap format: BI_RGB (32-bit)
[Tue, 28 Jul 2026 18:29:17 IST] [INFO] Non-black pixels: 31744
[Tue, 28 Jul 2026 18:29:17 IST] [INFO] Transparent pixels: 0
[Tue, 28 Jul 2026 18:29:17 IST] [INFO] Opaque pixels: 786432
[Tue, 28 Jul 2026 18:29:17 IST] [INFO] Dirty rectangle empty
[Tue, 28 Jul 2026 18:29:17 IST] [INFO] ========== Capture Tick ==========
[Tue, 28 Jul 2026 18:29:17 IST] [INFO] Current timestamp: 2026-07-28 18:29:17.3606447 +0530 IST m=+45.209359701
[Tue, 28 Jul 2026 18:29:17 IST] [INFO] HWND: 3935346
[Tue, 28 Jul 2026 18:29:17 IST] [INFO] FindWindowByPID() succeeded: true
[Tue, 28 Jul 2026 18:29:17 IST] [INFO] Process is still alive: true
[Tue, 28 Jul 2026 18:29:17 IST] [INFO] CaptureWindow entered
[Tue, 28 Jul 2026 18:29:17 IST] [INFO] HWND: 3935346
[Tue, 28 Jul 2026 18:29:17 IST] [INFO] Width: 1024, Height: 768
[Tue, 28 Jul 2026 18:29:17 IST] [INFO] GetWindowDC succeeded: true
[Tue, 28 Jul 2026 18:29:17 IST] [INFO] CreateCompatibleDC succeeded: true
[Tue, 28 Jul 2026 18:29:17 IST] [INFO] CreateCompatibleBitmap succeeded: true
[Tue, 28 Jul 2026 18:29:17 IST] [INFO] SelectObject succeeded: true
[Tue, 28 Jul 2026 18:29:17 IST] [INFO] PrintWindow return value: 1
[Tue, 28 Jul 2026 18:29:17 IST] [INFO] Fallback PrintWindow() is executed: false
[Tue, 28 Jul 2026 18:29:17 IST] [INFO] GetDIBits return value: 768
[Tue, 28 Jul 2026 18:29:17 IST] [INFO] Number of scanlines copied: 768
[Tue, 28 Jul 2026 18:29:17 IST] [INFO] GetDIBits Width: 1024
[Tue, 28 Jul 2026 18:29:17 IST] [INFO] GetDIBits Height: 768
[Tue, 28 Jul 2026 18:29:17 IST] [INFO] Bitmap format: BI_RGB (32-bit)
[Tue, 28 Jul 2026 18:29:17 IST] [INFO] Non-black pixels: 31744
[Tue, 28 Jul 2026 18:29:17 IST] [INFO] Transparent pixels: 0
[Tue, 28 Jul 2026 18:29:17 IST] [INFO] Opaque pixels: 786432
[Tue, 28 Jul 2026 18:29:17 IST] [INFO] Dirty rectangle empty
[Tue, 28 Jul 2026 18:29:17 IST] [INFO] ========== Capture Tick ==========
[Tue, 28 Jul 2026 18:29:17 IST] [INFO] Current timestamp: 2026-07-28 18:29:17.4600518 +0530 IST m=+45.308766801
[Tue, 28 Jul 2026 18:29:17 IST] [INFO] HWND: 3935346
[Tue, 28 Jul 2026 18:29:17 IST] [INFO] FindWindowByPID() succeeded: true
[Tue, 28 Jul 2026 18:29:17 IST] [INFO] Process is still alive: true
[Tue, 28 Jul 2026 18:29:17 IST] [INFO] CaptureWindow entered
[Tue, 28 Jul 2026 18:29:17 IST] [INFO] HWND: 3935346
[Tue, 28 Jul 2026 18:29:17 IST] [INFO] Width: 1024, Height: 768
[Tue, 28 Jul 2026 18:29:17 IST] [INFO] GetWindowDC succeeded: true
[Tue, 28 Jul 2026 18:29:17 IST] [INFO] CreateCompatibleDC succeeded: true
[Tue, 28 Jul 2026 18:29:17 IST] [INFO] CreateCompatibleBitmap succeeded: true
[Tue, 28 Jul 2026 18:29:17 IST] [INFO] SelectObject succeeded: true
[Tue, 28 Jul 2026 18:29:17 IST] [INFO] PrintWindow return value: 1
[Tue, 28 Jul 2026 18:29:17 IST] [INFO] Fallback PrintWindow() is executed: false
[Tue, 28 Jul 2026 18:29:17 IST] [INFO] GetDIBits return value: 768
[Tue, 28 Jul 2026 18:29:17 IST] [INFO] Number of scanlines copied: 768
[Tue, 28 Jul 2026 18:29:17 IST] [INFO] GetDIBits Width: 1024
[Tue, 28 Jul 2026 18:29:17 IST] [INFO] GetDIBits Height: 768
[Tue, 28 Jul 2026 18:29:17 IST] [INFO] Bitmap format: BI_RGB (32-bit)
[Tue, 28 Jul 2026 18:29:17 IST] [INFO] Non-black pixels: 780536
[Tue, 28 Jul 2026 18:29:17 IST] [INFO] Transparent pixels: 0
[Tue, 28 Jul 2026 18:29:17 IST] [INFO] Opaque pixels: 786432
[Tue, 28 Jul 2026 18:29:17 IST] [INFO] Dirty rectangle coordinates: (8,31)-(1024,768)
[Tue, 28 Jul 2026 18:29:17 IST] [INFO] Width: 1016
[Tue, 28 Jul 2026 18:29:17 IST] [INFO] Height: 737
[Tue, 28 Jul 2026 18:29:17 IST] [INFO] PNG encoding started
[Tue, 28 Jul 2026 18:29:17 IST] [INFO] PNG encoding finished
[Tue, 28 Jul 2026 18:29:17 IST] [INFO] PNG byte size: 8828
[Tue, 28 Jul 2026 18:29:17 IST] [INFO] Base64 byte size: 11772
[Tue, 28 Jul 2026 18:29:17 IST] [INFO] TX img: Stream ID: 5, Timestamp: 2026-07-28 18:29:17.5385708 +0530 IST m=+45.387285801
[Tue, 28 Jul 2026 18:29:17 IST] [INFO] Queue length: 0
[Tue, 28 Jul 2026 18:29:17 IST] [INFO] Whether send blocks: yes, if queue is full
[Tue, 28 Jul 2026 18:29:17 IST] [INFO] Whether send succeeds: true (queued)
[Tue, 28 Jul 2026 18:29:17 IST] [INFO] TX blob: Stream ID: 5, Blob size: 6000, Timestamp: 2026-07-28 18:29:17.5385708 +0530 IST m=+45.387285801
[Tue, 28 Jul 2026 18:29:17 IST] [INFO] Queue length: 0
[Tue, 28 Jul 2026 18:29:17 IST] [INFO] Whether send blocks: yes, if queue is full
[Tue, 28 Jul 2026 18:29:17 IST] [INFO] Whether send succeeds: true (queued)
[Tue, 28 Jul 2026 18:29:17 IST] [INFO] TX blob: Stream ID: 5, Blob size: 5772, Timestamp: 2026-07-28 18:29:17.5385708 +0530 IST m=+45.387285801
[Tue, 28 Jul 2026 18:29:17 IST] [INFO] Queue length: 1
[Tue, 28 Jul 2026 18:29:17 IST] [INFO] Whether send blocks: yes, if queue is full
[Tue, 28 Jul 2026 18:29:17 IST] [INFO] Whether send succeeds: true (queued)
[Tue, 28 Jul 2026 18:29:17 IST] [INFO] TX end: Stream ID: 5, Timestamp: 2026-07-28 18:29:17.5385708 +0530 IST m=+45.387285801
[Tue, 28 Jul 2026 18:29:17 IST] [INFO] Queue length: 2
[Tue, 28 Jul 2026 18:29:17 IST] [INFO] Whether send blocks: yes, if queue is full
[Tue, 28 Jul 2026 18:29:17 IST] [INFO] Whether send succeeds: true (queued)
[Tue, 28 Jul 2026 18:29:17 IST] [INFO] TX sync: Timestamp: 2026-07-28 18:29:17.5385708 +0530 IST m=+45.387285801
[Tue, 28 Jul 2026 18:29:17 IST] [INFO] Queue length: 2
[Tue, 28 Jul 2026 18:29:17 IST] [INFO] Whether send blocks: yes, if queue is full
[Tue, 28 Jul 2026 18:29:17 IST] [INFO] Whether send succeeds: true (queued)
[Tue, 28 Jul 2026 18:29:17 IST] [INFO] ========== Capture Tick ==========
[Tue, 28 Jul 2026 18:29:17 IST] [INFO] Current timestamp: 2026-07-28 18:29:17.5600197 +0530 IST m=+45.408734701
[Tue, 28 Jul 2026 18:29:17 IST] [INFO] HWND: 3539794
[Tue, 28 Jul 2026 18:29:17 IST] [INFO] FindWindowByPID() succeeded: true
[Tue, 28 Jul 2026 18:29:17 IST] [INFO] Process is still alive: true
[Tue, 28 Jul 2026 18:29:17 IST] [INFO] CaptureWindow entered
[Tue, 28 Jul 2026 18:29:17 IST] [INFO] HWND: 3539794
[Tue, 28 Jul 2026 18:29:17 IST] [INFO] Width: 446, Height: 114
[Tue, 28 Jul 2026 18:29:17 IST] [INFO] GetWindowDC succeeded: true
[Tue, 28 Jul 2026 18:29:17 IST] [INFO] CreateCompatibleDC succeeded: true
[Tue, 28 Jul 2026 18:29:17 IST] [INFO] CreateCompatibleBitmap succeeded: true
[Tue, 28 Jul 2026 18:29:17 IST] [INFO] SelectObject succeeded: true
[Tue, 28 Jul 2026 18:29:17 IST] [INFO] PrintWindow return value: 1
[Tue, 28 Jul 2026 18:29:17 IST] [INFO] Fallback PrintWindow() is executed: false
[Tue, 28 Jul 2026 18:29:17 IST] [INFO] GetDIBits return value: 114
[Tue, 28 Jul 2026 18:29:17 IST] [INFO] Number of scanlines copied: 114
[Tue, 28 Jul 2026 18:29:17 IST] [INFO] GetDIBits Width: 446
[Tue, 28 Jul 2026 18:29:17 IST] [INFO] GetDIBits Height: 114
[Tue, 28 Jul 2026 18:29:17 IST] [INFO] Bitmap format: BI_RGB (32-bit)
[Tue, 28 Jul 2026 18:29:17 IST] [INFO] Non-black pixels: 49870
[Tue, 28 Jul 2026 18:29:17 IST] [INFO] Transparent pixels: 0
[Tue, 28 Jul 2026 18:29:17 IST] [INFO] Opaque pixels: 50844
[Tue, 28 Jul 2026 18:29:17 IST] [INFO] Dirty rectangle coordinates: (0,0)-(446,114)
[Tue, 28 Jul 2026 18:29:17 IST] [INFO] Width: 446
[Tue, 28 Jul 2026 18:29:17 IST] [INFO] Height: 114
[Tue, 28 Jul 2026 18:29:17 IST] [INFO] PNG encoding started
[Tue, 28 Jul 2026 18:29:17 IST] [INFO] PNG encoding finished
[Tue, 28 Jul 2026 18:29:17 IST] [INFO] PNG byte size: 4866
[Tue, 28 Jul 2026 18:29:17 IST] [INFO] Base64 byte size: 6488
[Tue, 28 Jul 2026 18:29:17 IST] [INFO] TX img: Stream ID: 6, Timestamp: 2026-07-28 18:29:17.5869782 +0530 IST m=+45.435693201
[Tue, 28 Jul 2026 18:29:17 IST] [INFO] Queue length: 0
[Tue, 28 Jul 2026 18:29:17 IST] [INFO] Whether send blocks: yes, if queue is full
[Tue, 28 Jul 2026 18:29:17 IST] [INFO] Whether send succeeds: true (queued)
[Tue, 28 Jul 2026 18:29:17 IST] [INFO] TX blob: Stream ID: 6, Blob size: 6000, Timestamp: 2026-07-28 18:29:17.5869782 +0530 IST m=+45.435693201
[Tue, 28 Jul 2026 18:29:17 IST] [INFO] Queue length: 0
[Tue, 28 Jul 2026 18:29:17 IST] [INFO] Whether send blocks: yes, if queue is full
[Tue, 28 Jul 2026 18:29:17 IST] [INFO] Whether send succeeds: true (queued)
[Tue, 28 Jul 2026 18:29:17 IST] [INFO] TX blob: Stream ID: 6, Blob size: 488, Timestamp: 2026-07-28 18:29:17.5869782 +0530 IST m=+45.435693201
[Tue, 28 Jul 2026 18:29:17 IST] [INFO] Queue length: 1
[Tue, 28 Jul 2026 18:29:17 IST] [INFO] Whether send blocks: yes, if queue is full
[Tue, 28 Jul 2026 18:29:17 IST] [INFO] Whether send succeeds: true (queued)
[Tue, 28 Jul 2026 18:29:17 IST] [INFO] TX end: Stream ID: 6, Timestamp: 2026-07-28 18:29:17.5869782 +0530 IST m=+45.435693201
[Tue, 28 Jul 2026 18:29:17 IST] [INFO] Queue length: 2
[Tue, 28 Jul 2026 18:29:17 IST] [INFO] Whether send blocks: yes, if queue is full
[Tue, 28 Jul 2026 18:29:17 IST] [INFO] Whether send succeeds: true (queued)
[Tue, 28 Jul 2026 18:29:17 IST] [INFO] TX sync: Timestamp: 2026-07-28 18:29:17.5869782 +0530 IST m=+45.435693201
[Tue, 28 Jul 2026 18:29:17 IST] [INFO] Queue length: 3
[Tue, 28 Jul 2026 18:29:17 IST] [INFO] Whether send blocks: yes, if queue is full
[Tue, 28 Jul 2026 18:29:17 IST] [INFO] Whether send succeeds: true (queued)
[Tue, 28 Jul 2026 18:29:17 IST] [INFO] ========== Capture Tick ==========
[Tue, 28 Jul 2026 18:29:17 IST] [INFO] Current timestamp: 2026-07-28 18:29:17.6596931 +0530 IST m=+45.508408101
[Tue, 28 Jul 2026 18:29:17 IST] [INFO] HWND: 3539794
[Tue, 28 Jul 2026 18:29:17 IST] [INFO] FindWindowByPID() succeeded: true
[Tue, 28 Jul 2026 18:29:17 IST] [INFO] Process is still alive: true
[Tue, 28 Jul 2026 18:29:17 IST] [INFO] CaptureWindow entered
[Tue, 28 Jul 2026 18:29:17 IST] [INFO] HWND: 3539794
[Tue, 28 Jul 2026 18:29:17 IST] [INFO] Width: 446, Height: 114
[Tue, 28 Jul 2026 18:29:17 IST] [INFO] GetWindowDC succeeded: true
[Tue, 28 Jul 2026 18:29:17 IST] [INFO] CreateCompatibleDC succeeded: true
[Tue, 28 Jul 2026 18:29:17 IST] [INFO] CreateCompatibleBitmap succeeded: true
[Tue, 28 Jul 2026 18:29:17 IST] [INFO] SelectObject succeeded: true
[Tue, 28 Jul 2026 18:29:17 IST] [INFO] PrintWindow return value: 1
[Tue, 28 Jul 2026 18:29:17 IST] [INFO] Fallback PrintWindow() is executed: false
[Tue, 28 Jul 2026 18:29:17 IST] [INFO] GetDIBits return value: 114
[Tue, 28 Jul 2026 18:29:17 IST] [INFO] Number of scanlines copied: 114
[Tue, 28 Jul 2026 18:29:17 IST] [INFO] GetDIBits Width: 446
[Tue, 28 Jul 2026 18:29:17 IST] [INFO] GetDIBits Height: 114
[Tue, 28 Jul 2026 18:29:17 IST] [INFO] Bitmap format: BI_RGB (32-bit)
[Tue, 28 Jul 2026 18:29:17 IST] [INFO] Non-black pixels: 49870
[Tue, 28 Jul 2026 18:29:17 IST] [INFO] Transparent pixels: 0
[Tue, 28 Jul 2026 18:29:17 IST] [INFO] Opaque pixels: 50844
[Tue, 28 Jul 2026 18:29:17 IST] [INFO] Dirty rectangle empty
[Tue, 28 Jul 2026 18:29:17 IST] [INFO] ========== Capture Tick ==========
[Tue, 28 Jul 2026 18:29:17 IST] [INFO] Current timestamp: 2026-07-28 18:29:17.7611466 +0530 IST m=+45.609861601
[Tue, 28 Jul 2026 18:29:17 IST] [INFO] HWND: 3539794
[Tue, 28 Jul 2026 18:29:17 IST] [INFO] FindWindowByPID() succeeded: true
[Tue, 28 Jul 2026 18:29:17 IST] [INFO] Process is still alive: true
[Tue, 28 Jul 2026 18:29:17 IST] [INFO] CaptureWindow entered
[Tue, 28 Jul 2026 18:29:17 IST] [INFO] HWND: 3539794
[Tue, 28 Jul 2026 18:29:17 IST] [INFO] Width: 446, Height: 114
[Tue, 28 Jul 2026 18:29:17 IST] [INFO] GetWindowDC succeeded: true
[Tue, 28 Jul 2026 18:29:17 IST] [INFO] CreateCompatibleDC succeeded: true
[Tue, 28 Jul 2026 18:29:17 IST] [INFO] CreateCompatibleBitmap succeeded: true
[Tue, 28 Jul 2026 18:29:17 IST] [INFO] SelectObject succeeded: true
[Tue, 28 Jul 2026 18:29:17 IST] [INFO] PrintWindow return value: 1
[Tue, 28 Jul 2026 18:29:17 IST] [INFO] Fallback PrintWindow() is executed: false
[Tue, 28 Jul 2026 18:29:17 IST] [INFO] GetDIBits return value: 114
[Tue, 28 Jul 2026 18:29:17 IST] [INFO] Number of scanlines copied: 114
[Tue, 28 Jul 2026 18:29:17 IST] [INFO] GetDIBits Width: 446
[Tue, 28 Jul 2026 18:29:17 IST] [INFO] GetDIBits Height: 114
[Tue, 28 Jul 2026 18:29:17 IST] [INFO] Bitmap format: BI_RGB (32-bit)
[Tue, 28 Jul 2026 18:29:17 IST] [INFO] Non-black pixels: 49870
[Tue, 28 Jul 2026 18:29:17 IST] [INFO] Transparent pixels: 0
[Tue, 28 Jul 2026 18:29:17 IST] [INFO] Opaque pixels: 50844
[Tue, 28 Jul 2026 18:29:17 IST] [INFO] Dirty rectangle empty
[Tue, 28 Jul 2026 18:29:17 IST] [INFO] ========== Capture Tick ==========
[Tue, 28 Jul 2026 18:29:17 IST] [INFO] Current timestamp: 2026-07-28 18:29:17.8599322 +0530 IST m=+45.708647201
[Tue, 28 Jul 2026 18:29:17 IST] [INFO] HWND: 3539794
[Tue, 28 Jul 2026 18:29:17 IST] [INFO] FindWindowByPID() succeeded: true
[Tue, 28 Jul 2026 18:29:17 IST] [INFO] Process is still alive: true
[Tue, 28 Jul 2026 18:29:17 IST] [INFO] CaptureWindow entered
[Tue, 28 Jul 2026 18:29:17 IST] [INFO] HWND: 3539794
[Tue, 28 Jul 2026 18:29:17 IST] [INFO] Width: 446, Height: 114
[Tue, 28 Jul 2026 18:29:17 IST] [INFO] GetWindowDC succeeded: true
[Tue, 28 Jul 2026 18:29:17 IST] [INFO] CreateCompatibleDC succeeded: true
[Tue, 28 Jul 2026 18:29:17 IST] [INFO] CreateCompatibleBitmap succeeded: true
[Tue, 28 Jul 2026 18:29:17 IST] [INFO] SelectObject succeeded: true
[Tue, 28 Jul 2026 18:29:17 IST] [INFO] PrintWindow return value: 1
[Tue, 28 Jul 2026 18:29:17 IST] [INFO] Fallback PrintWindow() is executed: false
[Tue, 28 Jul 2026 18:29:17 IST] [INFO] GetDIBits return value: 114
[Tue, 28 Jul 2026 18:29:17 IST] [INFO] Number of scanlines copied: 114
[Tue, 28 Jul 2026 18:29:17 IST] [INFO] GetDIBits Width: 446
[Tue, 28 Jul 2026 18:29:17 IST] [INFO] GetDIBits Height: 114
[Tue, 28 Jul 2026 18:29:17 IST] [INFO] Bitmap format: BI_RGB (32-bit)
[Tue, 28 Jul 2026 18:29:17 IST] [INFO] Non-black pixels: 49870
[Tue, 28 Jul 2026 18:29:17 IST] [INFO] Transparent pixels: 0
[Tue, 28 Jul 2026 18:29:17 IST] [INFO] Opaque pixels: 50844
[Tue, 28 Jul 2026 18:29:17 IST] [INFO] Dirty rectangle empty
[Tue, 28 Jul 2026 18:29:17 IST] [INFO] ========== Capture Tick ==========
[Tue, 28 Jul 2026 18:29:17 IST] [INFO] Current timestamp: 2026-07-28 18:29:17.9600195 +0530 IST m=+45.808734501
[Tue, 28 Jul 2026 18:29:17 IST] [INFO] HWND: 3539794
[Tue, 28 Jul 2026 18:29:17 IST] [INFO] FindWindowByPID() succeeded: true
[Tue, 28 Jul 2026 18:29:17 IST] [INFO] Process is still alive: true
[Tue, 28 Jul 2026 18:29:17 IST] [INFO] CaptureWindow entered
[Tue, 28 Jul 2026 18:29:17 IST] [INFO] HWND: 3539794
[Tue, 28 Jul 2026 18:29:17 IST] [INFO] Width: 446, Height: 114
[Tue, 28 Jul 2026 18:29:17 IST] [INFO] GetWindowDC succeeded: true
[Tue, 28 Jul 2026 18:29:17 IST] [INFO] CreateCompatibleDC succeeded: true
[Tue, 28 Jul 2026 18:29:17 IST] [INFO] CreateCompatibleBitmap succeeded: true
[Tue, 28 Jul 2026 18:29:17 IST] [INFO] SelectObject succeeded: true
[Tue, 28 Jul 2026 18:29:17 IST] [INFO] PrintWindow return value: 1
[Tue, 28 Jul 2026 18:29:17 IST] [INFO] Fallback PrintWindow() is executed: false
[Tue, 28 Jul 2026 18:29:17 IST] [INFO] GetDIBits return value: 114
[Tue, 28 Jul 2026 18:29:17 IST] [INFO] Number of scanlines copied: 114
[Tue, 28 Jul 2026 18:29:17 IST] [INFO] GetDIBits Width: 446
[Tue, 28 Jul 2026 18:29:17 IST] [INFO] GetDIBits Height: 114
[Tue, 28 Jul 2026 18:29:17 IST] [INFO] Bitmap format: BI_RGB (32-bit)
[Tue, 28 Jul 2026 18:29:17 IST] [INFO] Non-black pixels: 49870
[Tue, 28 Jul 2026 18:29:17 IST] [INFO] Transparent pixels: 0
[Tue, 28 Jul 2026 18:29:17 IST] [INFO] Opaque pixels: 50844
[Tue, 28 Jul 2026 18:29:17 IST] [INFO] Dirty rectangle empty
[Tue, 28 Jul 2026 18:29:18 IST] [INFO] ========== Capture Tick ==========
[Tue, 28 Jul 2026 18:29:18 IST] [INFO] Current timestamp: 2026-07-28 18:29:18.060109 +0530 IST m=+45.908824001
[Tue, 28 Jul 2026 18:29:18 IST] [INFO] HWND: 3539794
[Tue, 28 Jul 2026 18:29:18 IST] [INFO] FindWindowByPID() succeeded: true
[Tue, 28 Jul 2026 18:29:18 IST] [INFO] Process is still alive: true
[Tue, 28 Jul 2026 18:29:18 IST] [INFO] CaptureWindow entered
[Tue, 28 Jul 2026 18:29:18 IST] [INFO] HWND: 3539794
[Tue, 28 Jul 2026 18:29:18 IST] [INFO] Width: 446, Height: 114
[Tue, 28 Jul 2026 18:29:18 IST] [INFO] GetWindowDC succeeded: true
[Tue, 28 Jul 2026 18:29:18 IST] [INFO] CreateCompatibleDC succeeded: true
[Tue, 28 Jul 2026 18:29:18 IST] [INFO] CreateCompatibleBitmap succeeded: true
[Tue, 28 Jul 2026 18:29:18 IST] [INFO] SelectObject succeeded: true
[Tue, 28 Jul 2026 18:29:18 IST] [INFO] PrintWindow return value: 1
[Tue, 28 Jul 2026 18:29:18 IST] [INFO] Fallback PrintWindow() is executed: false
[Tue, 28 Jul 2026 18:29:18 IST] [INFO] GetDIBits return value: 114
[Tue, 28 Jul 2026 18:29:18 IST] [INFO] Number of scanlines copied: 114
[Tue, 28 Jul 2026 18:29:18 IST] [INFO] GetDIBits Width: 446
[Tue, 28 Jul 2026 18:29:18 IST] [INFO] GetDIBits Height: 114
[Tue, 28 Jul 2026 18:29:18 IST] [INFO] Bitmap format: BI_RGB (32-bit)
[Tue, 28 Jul 2026 18:29:18 IST] [INFO] Non-black pixels: 49870
[Tue, 28 Jul 2026 18:29:18 IST] [INFO] Transparent pixels: 0
[Tue, 28 Jul 2026 18:29:18 IST] [INFO] Opaque pixels: 50844
[Tue, 28 Jul 2026 18:29:18 IST] [INFO] Dirty rectangle empty
[Tue, 28 Jul 2026 18:29:18 IST] [INFO] ========== Capture Tick ==========
[Tue, 28 Jul 2026 18:29:18 IST] [INFO] Current timestamp: 2026-07-28 18:29:18.1611753 +0530 IST m=+46.009890301
[Tue, 28 Jul 2026 18:29:18 IST] [INFO] HWND: 3539794
[Tue, 28 Jul 2026 18:29:18 IST] [INFO] FindWindowByPID() succeeded: true
[Tue, 28 Jul 2026 18:29:18 IST] [INFO] Process is still alive: true
[Tue, 28 Jul 2026 18:29:18 IST] [INFO] CaptureWindow entered
[Tue, 28 Jul 2026 18:29:18 IST] [INFO] HWND: 3539794
[Tue, 28 Jul 2026 18:29:18 IST] [INFO] Width: 446, Height: 114
[Tue, 28 Jul 2026 18:29:18 IST] [INFO] GetWindowDC succeeded: true
[Tue, 28 Jul 2026 18:29:18 IST] [INFO] CreateCompatibleDC succeeded: true
[Tue, 28 Jul 2026 18:29:18 IST] [INFO] CreateCompatibleBitmap succeeded: true
[Tue, 28 Jul 2026 18:29:18 IST] [INFO] SelectObject succeeded: true
[Tue, 28 Jul 2026 18:29:18 IST] [INFO] PrintWindow return value: 1
[Tue, 28 Jul 2026 18:29:18 IST] [INFO] Fallback PrintWindow() is executed: false
[Tue, 28 Jul 2026 18:29:18 IST] [INFO] GetDIBits return value: 114
[Tue, 28 Jul 2026 18:29:18 IST] [INFO] Number of scanlines copied: 114
[Tue, 28 Jul 2026 18:29:18 IST] [INFO] GetDIBits Width: 446
[Tue, 28 Jul 2026 18:29:18 IST] [INFO] GetDIBits Height: 114
[Tue, 28 Jul 2026 18:29:18 IST] [INFO] Bitmap format: BI_RGB (32-bit)
[Tue, 28 Jul 2026 18:29:18 IST] [INFO] Non-black pixels: 49870
[Tue, 28 Jul 2026 18:29:18 IST] [INFO] Transparent pixels: 0
[Tue, 28 Jul 2026 18:29:18 IST] [INFO] Opaque pixels: 50844
[Tue, 28 Jul 2026 18:29:18 IST] [INFO] Dirty rectangle empty
[Tue, 28 Jul 2026 18:29:18 IST] [INFO] ========== Capture Tick ==========
[Tue, 28 Jul 2026 18:29:18 IST] [INFO] Current timestamp: 2026-07-28 18:29:18.2601974 +0530 IST m=+46.108912401
[Tue, 28 Jul 2026 18:29:18 IST] [INFO] HWND: 3539794
[Tue, 28 Jul 2026 18:29:18 IST] [INFO] FindWindowByPID() succeeded: true
[Tue, 28 Jul 2026 18:29:18 IST] [INFO] Process is still alive: true
[Tue, 28 Jul 2026 18:29:18 IST] [INFO] CaptureWindow entered
[Tue, 28 Jul 2026 18:29:18 IST] [INFO] HWND: 3539794
[Tue, 28 Jul 2026 18:29:18 IST] [INFO] Width: 446, Height: 114
[Tue, 28 Jul 2026 18:29:18 IST] [INFO] GetWindowDC succeeded: true
[Tue, 28 Jul 2026 18:29:18 IST] [INFO] CreateCompatibleDC succeeded: true
[Tue, 28 Jul 2026 18:29:18 IST] [INFO] CreateCompatibleBitmap succeeded: true
[Tue, 28 Jul 2026 18:29:18 IST] [INFO] SelectObject succeeded: true
[Tue, 28 Jul 2026 18:29:18 IST] [INFO] PrintWindow return value: 1
[Tue, 28 Jul 2026 18:29:18 IST] [INFO] Fallback PrintWindow() is executed: false
[Tue, 28 Jul 2026 18:29:18 IST] [INFO] GetDIBits return value: 114
[Tue, 28 Jul 2026 18:29:18 IST] [INFO] Number of scanlines copied: 114
[Tue, 28 Jul 2026 18:29:18 IST] [INFO] GetDIBits Width: 446
[Tue, 28 Jul 2026 18:29:18 IST] [INFO] GetDIBits Height: 114
[Tue, 28 Jul 2026 18:29:18 IST] [INFO] Bitmap format: BI_RGB (32-bit)
[Tue, 28 Jul 2026 18:29:18 IST] [INFO] Non-black pixels: 49870
[Tue, 28 Jul 2026 18:29:18 IST] [INFO] Transparent pixels: 0
[Tue, 28 Jul 2026 18:29:18 IST] [INFO] Opaque pixels: 50844
[Tue, 28 Jul 2026 18:29:18 IST] [INFO] Dirty rectangle empty
[Tue, 28 Jul 2026 18:29:18 IST] [INFO] ========== Capture Tick ==========
[Tue, 28 Jul 2026 18:29:18 IST] [INFO] Current timestamp: 2026-07-28 18:29:18.3599053 +0530 IST m=+46.208620301
[Tue, 28 Jul 2026 18:29:18 IST] [INFO] HWND: 3539794
[Tue, 28 Jul 2026 18:29:18 IST] [INFO] FindWindowByPID() succeeded: true
[Tue, 28 Jul 2026 18:29:18 IST] [INFO] Process is still alive: true
[Tue, 28 Jul 2026 18:29:18 IST] [INFO] CaptureWindow entered
[Tue, 28 Jul 2026 18:29:18 IST] [INFO] HWND: 3539794
[Tue, 28 Jul 2026 18:29:18 IST] [INFO] Width: 446, Height: 114
[Tue, 28 Jul 2026 18:29:18 IST] [INFO] GetWindowDC succeeded: true
[Tue, 28 Jul 2026 18:29:18 IST] [INFO] CreateCompatibleDC succeeded: true
[Tue, 28 Jul 2026 18:29:18 IST] [INFO] CreateCompatibleBitmap succeeded: true
[Tue, 28 Jul 2026 18:29:18 IST] [INFO] SelectObject succeeded: true
[Tue, 28 Jul 2026 18:29:18 IST] [INFO] PrintWindow return value: 1
[Tue, 28 Jul 2026 18:29:18 IST] [INFO] Fallback PrintWindow() is executed: false
[Tue, 28 Jul 2026 18:29:18 IST] [INFO] GetDIBits return value: 114
[Tue, 28 Jul 2026 18:29:18 IST] [INFO] Number of scanlines copied: 114
[Tue, 28 Jul 2026 18:29:18 IST] [INFO] GetDIBits Width: 446
[Tue, 28 Jul 2026 18:29:18 IST] [INFO] GetDIBits Height: 114
[Tue, 28 Jul 2026 18:29:18 IST] [INFO] Bitmap format: BI_RGB (32-bit)
[Tue, 28 Jul 2026 18:29:18 IST] [INFO] Non-black pixels: 49870
[Tue, 28 Jul 2026 18:29:18 IST] [INFO] Transparent pixels: 0
[Tue, 28 Jul 2026 18:29:18 IST] [INFO] Opaque pixels: 50844
[Tue, 28 Jul 2026 18:29:18 IST] [INFO] Dirty rectangle empty
[Tue, 28 Jul 2026 18:29:18 IST] [INFO] ========== Capture Tick ==========
[Tue, 28 Jul 2026 18:29:18 IST] [INFO] Current timestamp: 2026-07-28 18:29:18.4600538 +0530 IST m=+46.308768801
[Tue, 28 Jul 2026 18:29:18 IST] [INFO] HWND: 3539794
[Tue, 28 Jul 2026 18:29:18 IST] [INFO] FindWindowByPID() succeeded: true
[Tue, 28 Jul 2026 18:29:18 IST] [INFO] Process is still alive: true
[Tue, 28 Jul 2026 18:29:18 IST] [INFO] CaptureWindow entered
[Tue, 28 Jul 2026 18:29:18 IST] [INFO] HWND: 3539794
[Tue, 28 Jul 2026 18:29:18 IST] [INFO] Width: 446, Height: 114
[Tue, 28 Jul 2026 18:29:18 IST] [INFO] GetWindowDC succeeded: true
[Tue, 28 Jul 2026 18:29:18 IST] [INFO] CreateCompatibleDC succeeded: true
[Tue, 28 Jul 2026 18:29:18 IST] [INFO] CreateCompatibleBitmap succeeded: true
[Tue, 28 Jul 2026 18:29:18 IST] [INFO] SelectObject succeeded: true
[Tue, 28 Jul 2026 18:29:18 IST] [INFO] PrintWindow return value: 1
[Tue, 28 Jul 2026 18:29:18 IST] [INFO] Fallback PrintWindow() is executed: false
[Tue, 28 Jul 2026 18:29:18 IST] [INFO] GetDIBits return value: 114
[Tue, 28 Jul 2026 18:29:18 IST] [INFO] Number of scanlines copied: 114
[Tue, 28 Jul 2026 18:29:18 IST] [INFO] GetDIBits Width: 446
[Tue, 28 Jul 2026 18:29:18 IST] [INFO] GetDIBits Height: 114
[Tue, 28 Jul 2026 18:29:18 IST] [INFO] Bitmap format: BI_RGB (32-bit)
[Tue, 28 Jul 2026 18:29:18 IST] [INFO] Non-black pixels: 49870
[Tue, 28 Jul 2026 18:29:18 IST] [INFO] Transparent pixels: 0
[Tue, 28 Jul 2026 18:29:18 IST] [INFO] Opaque pixels: 50844
[Tue, 28 Jul 2026 18:29:18 IST] [INFO] Dirty rectangle empty
[Tue, 28 Jul 2026 18:29:18 IST] [INFO] ========== Capture Tick ==========
[Tue, 28 Jul 2026 18:29:18 IST] [INFO] Current timestamp: 2026-07-28 18:29:18.5603259 +0530 IST m=+46.409040901
[Tue, 28 Jul 2026 18:29:18 IST] [INFO] HWND: 3539794
[Tue, 28 Jul 2026 18:29:18 IST] [INFO] FindWindowByPID() succeeded: true
[Tue, 28 Jul 2026 18:29:18 IST] [INFO] Process is still alive: true
[Tue, 28 Jul 2026 18:29:18 IST] [INFO] CaptureWindow entered
[Tue, 28 Jul 2026 18:29:18 IST] [INFO] HWND: 3539794
[Tue, 28 Jul 2026 18:29:18 IST] [INFO] Width: 446, Height: 114
[Tue, 28 Jul 2026 18:29:18 IST] [INFO] GetWindowDC succeeded: true
[Tue, 28 Jul 2026 18:29:18 IST] [INFO] CreateCompatibleDC succeeded: true
[Tue, 28 Jul 2026 18:29:18 IST] [INFO] CreateCompatibleBitmap succeeded: true
[Tue, 28 Jul 2026 18:29:18 IST] [INFO] SelectObject succeeded: true
[Tue, 28 Jul 2026 18:29:18 IST] [INFO] PrintWindow return value: 1
[Tue, 28 Jul 2026 18:29:18 IST] [INFO] Fallback PrintWindow() is executed: false
[Tue, 28 Jul 2026 18:29:18 IST] [INFO] GetDIBits return value: 114
[Tue, 28 Jul 2026 18:29:18 IST] [INFO] Number of scanlines copied: 114
[Tue, 28 Jul 2026 18:29:18 IST] [INFO] GetDIBits Width: 446
[Tue, 28 Jul 2026 18:29:18 IST] [INFO] GetDIBits Height: 114
[Tue, 28 Jul 2026 18:29:18 IST] [INFO] Bitmap format: BI_RGB (32-bit)
[Tue, 28 Jul 2026 18:29:18 IST] [INFO] Non-black pixels: 49870
[Tue, 28 Jul 2026 18:29:18 IST] [INFO] Transparent pixels: 0
[Tue, 28 Jul 2026 18:29:18 IST] [INFO] Opaque pixels: 50844
[Tue, 28 Jul 2026 18:29:18 IST] [INFO] Dirty rectangle coordinates: (356,109)-(442,114)
[Tue, 28 Jul 2026 18:29:18 IST] [INFO] Width: 86
[Tue, 28 Jul 2026 18:29:18 IST] [INFO] Height: 5
[Tue, 28 Jul 2026 18:29:18 IST] [INFO] PNG encoding started
[Tue, 28 Jul 2026 18:29:18 IST] [INFO] PNG encoding finished
[Tue, 28 Jul 2026 18:29:18 IST] [INFO] PNG byte size: 105
[Tue, 28 Jul 2026 18:29:18 IST] [INFO] Base64 byte size: 140
[Tue, 28 Jul 2026 18:29:18 IST] [INFO] TX img: Stream ID: 7, Timestamp: 2026-07-28 18:29:18.5793319 +0530 IST m=+46.428046901
[Tue, 28 Jul 2026 18:29:18 IST] [INFO] Queue length: 0
[Tue, 28 Jul 2026 18:29:18 IST] [INFO] Whether send blocks: yes, if queue is full
[Tue, 28 Jul 2026 18:29:18 IST] [INFO] Whether send succeeds: true (queued)
[Tue, 28 Jul 2026 18:29:18 IST] [INFO] TX blob: Stream ID: 7, Blob size: 140, Timestamp: 2026-07-28 18:29:18.5793319 +0530 IST m=+46.428046901
[Tue, 28 Jul 2026 18:29:18 IST] [INFO] Queue length: 0
[Tue, 28 Jul 2026 18:29:18 IST] [INFO] Whether send blocks: yes, if queue is full
[Tue, 28 Jul 2026 18:29:18 IST] [INFO] Whether send succeeds: true (queued)
[Tue, 28 Jul 2026 18:29:18 IST] [INFO] TX end: Stream ID: 7, Timestamp: 2026-07-28 18:29:18.5799097 +0530 IST m=+46.428624701
[Tue, 28 Jul 2026 18:29:18 IST] [INFO] Queue length: 1
[Tue, 28 Jul 2026 18:29:18 IST] [INFO] Whether send blocks: yes, if queue is full
[Tue, 28 Jul 2026 18:29:18 IST] [INFO] Whether send succeeds: true (queued)
[Tue, 28 Jul 2026 18:29:18 IST] [INFO] TX sync: Timestamp: 2026-07-28 18:29:18.5799097 +0530 IST m=+46.428624701
[Tue, 28 Jul 2026 18:29:18 IST] [INFO] Queue length: 2
[Tue, 28 Jul 2026 18:29:18 IST] [INFO] Whether send blocks: yes, if queue is full
[Tue, 28 Jul 2026 18:29:18 IST] [INFO] Whether send succeeds: true (queued)
[Tue, 28 Jul 2026 18:29:18 IST] [INFO] ========== Capture Tick ==========
[Tue, 28 Jul 2026 18:29:18 IST] [INFO] Current timestamp: 2026-07-28 18:29:18.6603772 +0530 IST m=+46.509092201
[Tue, 28 Jul 2026 18:29:18 IST] [INFO] HWND: 3935346
[Tue, 28 Jul 2026 18:29:18 IST] [INFO] FindWindowByPID() succeeded: true
[Tue, 28 Jul 2026 18:29:18 IST] [INFO] Process is still alive: true
[Tue, 28 Jul 2026 18:29:18 IST] [INFO] CaptureWindow entered
[Tue, 28 Jul 2026 18:29:18 IST] [INFO] HWND: 3935346
[Tue, 28 Jul 2026 18:29:18 IST] [INFO] Width: 1024, Height: 768
[Tue, 28 Jul 2026 18:29:18 IST] [INFO] GetWindowDC succeeded: true
[Tue, 28 Jul 2026 18:29:18 IST] [INFO] CreateCompatibleDC succeeded: true
[Tue, 28 Jul 2026 18:29:18 IST] [INFO] CreateCompatibleBitmap succeeded: true
[Tue, 28 Jul 2026 18:29:18 IST] [INFO] SelectObject succeeded: true
[Tue, 28 Jul 2026 18:29:18 IST] [INFO] PrintWindow return value: 1
[Tue, 28 Jul 2026 18:29:18 IST] [INFO] Fallback PrintWindow() is executed: false
[Tue, 28 Jul 2026 18:29:18 IST] [INFO] GetDIBits return value: 768
[Tue, 28 Jul 2026 18:29:18 IST] [INFO] Number of scanlines copied: 768
[Tue, 28 Jul 2026 18:29:18 IST] [INFO] GetDIBits Width: 1024
[Tue, 28 Jul 2026 18:29:18 IST] [INFO] GetDIBits Height: 768
[Tue, 28 Jul 2026 18:29:18 IST] [INFO] Bitmap format: BI_RGB (32-bit)
[Tue, 28 Jul 2026 18:29:18 IST] [INFO] Non-black pixels: 488109
[Tue, 28 Jul 2026 18:29:18 IST] [INFO] Transparent pixels: 0
[Tue, 28 Jul 2026 18:29:18 IST] [INFO] Opaque pixels: 786432
[Tue, 28 Jul 2026 18:29:18 IST] [INFO] Dirty rectangle coordinates: (0,0)-(1024,768)
[Tue, 28 Jul 2026 18:29:18 IST] [INFO] Width: 1024
[Tue, 28 Jul 2026 18:29:18 IST] [INFO] Height: 768
[Tue, 28 Jul 2026 18:29:18 IST] [INFO] PNG encoding started
[Tue, 28 Jul 2026 18:29:18 IST] [INFO] PNG encoding finished
[Tue, 28 Jul 2026 18:29:18 IST] [INFO] PNG byte size: 325339
[Tue, 28 Jul 2026 18:29:18 IST] [INFO] Base64 byte size: 433788
[Tue, 28 Jul 2026 18:29:18 IST] [INFO] TX img: Stream ID: 8, Timestamp: 2026-07-28 18:29:18.9371259 +0530 IST m=+46.785840901
[Tue, 28 Jul 2026 18:29:18 IST] [INFO] Queue length: 0
[Tue, 28 Jul 2026 18:29:18 IST] [INFO] Whether send blocks: yes, if queue is full
[Tue, 28 Jul 2026 18:29:18 IST] [INFO] Whether send succeeds: true (queued)
[Tue, 28 Jul 2026 18:29:18 IST] [INFO] TX blob: Stream ID: 8, Blob size: 6000, Timestamp: 2026-07-28 18:29:18.9371259 +0530 IST m=+46.785840901
[Tue, 28 Jul 2026 18:29:18 IST] [INFO] Queue length: 0
[Tue, 28 Jul 2026 18:29:18 IST] [INFO] Whether send blocks: yes, if queue is full
[Tue, 28 Jul 2026 18:29:18 IST] [INFO] Whether send succeeds: true (queued)
[Tue, 28 Jul 2026 18:29:18 IST] [INFO] TX blob: Stream ID: 8, Blob size: 6000, Timestamp: 2026-07-28 18:29:18.9371259 +0530 IST m=+46.785840901
[Tue, 28 Jul 2026 18:29:18 IST] [INFO] Queue length: 1
[Tue, 28 Jul 2026 18:29:18 IST] [INFO] Whether send blocks: yes, if queue is full
[Tue, 28 Jul 2026 18:29:18 IST] [INFO] Whether send succeeds: true (queued)
[Tue, 28 Jul 2026 18:29:18 IST] [INFO] TX blob: Stream ID: 8, Blob size: 6000, Timestamp: 2026-07-28 18:29:18.9371259 +0530 IST m=+46.785840901
[Tue, 28 Jul 2026 18:29:18 IST] [INFO] Queue length: 2
[Tue, 28 Jul 2026 18:29:18 IST] [INFO] Whether send blocks: yes, if queue is full
[Tue, 28 Jul 2026 18:29:18 IST] [INFO] Whether send succeeds: true (queued)
[Tue, 28 Jul 2026 18:29:18 IST] [INFO] TX blob: Stream ID: 8, Blob size: 6000, Timestamp: 2026-07-28 18:29:18.9371259 +0530 IST m=+46.785840901
[Tue, 28 Jul 2026 18:29:18 IST] [INFO] Queue length: 3
[Tue, 28 Jul 2026 18:29:18 IST] [INFO] Whether send blocks: yes, if queue is full
[Tue, 28 Jul 2026 18:29:18 IST] [INFO] Whether send succeeds: true (queued)
[Tue, 28 Jul 2026 18:29:18 IST] [INFO] TX blob: Stream ID: 8, Blob size: 6000, Timestamp: 2026-07-28 18:29:18.9387581 +0530 IST m=+46.787473101
[Tue, 28 Jul 2026 18:29:18 IST] [INFO] Queue length: 4
[Tue, 28 Jul 2026 18:29:18 IST] [INFO] Whether send blocks: yes, if queue is full
[Tue, 28 Jul 2026 18:29:18 IST] [INFO] Whether send succeeds: true (queued)
[Tue, 28 Jul 2026 18:29:18 IST] [INFO] TX blob: Stream ID: 8, Blob size: 6000, Timestamp: 2026-07-28 18:29:18.9387581 +0530 IST m=+46.787473101
[Tue, 28 Jul 2026 18:29:18 IST] [INFO] Queue length: 5
[Tue, 28 Jul 2026 18:29:18 IST] [INFO] Whether send blocks: yes, if queue is full
[Tue, 28 Jul 2026 18:29:18 IST] [INFO] Whether send succeeds: true (queued)
[Tue, 28 Jul 2026 18:29:18 IST] [INFO] TX blob: Stream ID: 8, Blob size: 6000, Timestamp: 2026-07-28 18:29:18.9387581 +0530 IST m=+46.787473101
[Tue, 28 Jul 2026 18:29:18 IST] [INFO] Queue length: 6
[Tue, 28 Jul 2026 18:29:18 IST] [INFO] Whether send blocks: yes, if queue is full
[Tue, 28 Jul 2026 18:29:18 IST] [INFO] Whether send succeeds: true (queued)
[Tue, 28 Jul 2026 18:29:18 IST] [INFO] TX blob: Stream ID: 8, Blob size: 6000, Timestamp: 2026-07-28 18:29:18.9387581 +0530 IST m=+46.787473101
[Tue, 28 Jul 2026 18:29:18 IST] [INFO] Queue length: 7
[Tue, 28 Jul 2026 18:29:18 IST] [INFO] Whether send blocks: yes, if queue is full
[Tue, 28 Jul 2026 18:29:18 IST] [INFO] Whether send succeeds: true (queued)
[Tue, 28 Jul 2026 18:29:18 IST] [INFO] TX blob: Stream ID: 8, Blob size: 6000, Timestamp: 2026-07-28 18:29:18.9387581 +0530 IST m=+46.787473101
[Tue, 28 Jul 2026 18:29:18 IST] [INFO] Queue length: 7
[Tue, 28 Jul 2026 18:29:18 IST] [INFO] Whether send blocks: yes, if queue is full
[Tue, 28 Jul 2026 18:29:18 IST] [INFO] Whether send succeeds: true (queued)
[Tue, 28 Jul 2026 18:29:18 IST] [INFO] TX blob: Stream ID: 8, Blob size: 6000, Timestamp: 2026-07-28 18:29:18.9387581 +0530 IST m=+46.787473101
[Tue, 28 Jul 2026 18:29:18 IST] [INFO] Queue length: 8
[Tue, 28 Jul 2026 18:29:18 IST] [INFO] Whether send blocks: yes, if queue is full
[Tue, 28 Jul 2026 18:29:18 IST] [INFO] Whether send succeeds: true (queued)
[Tue, 28 Jul 2026 18:29:18 IST] [INFO] TX blob: Stream ID: 8, Blob size: 6000, Timestamp: 2026-07-28 18:29:18.9387581 +0530 IST m=+46.787473101
[Tue, 28 Jul 2026 18:29:18 IST] [INFO] Queue length: 9
[Tue, 28 Jul 2026 18:29:18 IST] [INFO] Whether send blocks: yes, if queue is full
[Tue, 28 Jul 2026 18:29:18 IST] [INFO] Whether send succeeds: true (queued)
[Tue, 28 Jul 2026 18:29:18 IST] [INFO] TX blob: Stream ID: 8, Blob size: 6000, Timestamp: 2026-07-28 18:29:18.9387581 +0530 IST m=+46.787473101
[Tue, 28 Jul 2026 18:29:18 IST] [INFO] Queue length: 10
[Tue, 28 Jul 2026 18:29:18 IST] [INFO] Whether send blocks: yes, if queue is full
[Tue, 28 Jul 2026 18:29:18 IST] [INFO] Whether send succeeds: true (queued)
[Tue, 28 Jul 2026 18:29:18 IST] [INFO] TX blob: Stream ID: 8, Blob size: 6000, Timestamp: 2026-07-28 18:29:18.9387581 +0530 IST m=+46.787473101
[Tue, 28 Jul 2026 18:29:18 IST] [INFO] Queue length: 10
[Tue, 28 Jul 2026 18:29:18 IST] [INFO] Whether send blocks: yes, if queue is full
[Tue, 28 Jul 2026 18:29:18 IST] [INFO] Whether send succeeds: true (queued)
[Tue, 28 Jul 2026 18:29:18 IST] [INFO] TX blob: Stream ID: 8, Blob size: 6000, Timestamp: 2026-07-28 18:29:18.9387581 +0530 IST m=+46.787473101
[Tue, 28 Jul 2026 18:29:18 IST] [INFO] Queue length: 11
[Tue, 28 Jul 2026 18:29:18 IST] [INFO] Whether send blocks: yes, if queue is full
[Tue, 28 Jul 2026 18:29:18 IST] [INFO] Whether send succeeds: true (queued)
[Tue, 28 Jul 2026 18:29:18 IST] [INFO] TX blob: Stream ID: 8, Blob size: 6000, Timestamp: 2026-07-28 18:29:18.9387581 +0530 IST m=+46.787473101
[Tue, 28 Jul 2026 18:29:18 IST] [INFO] Queue length: 11
[Tue, 28 Jul 2026 18:29:18 IST] [INFO] Whether send blocks: yes, if queue is full
[Tue, 28 Jul 2026 18:29:18 IST] [INFO] Whether send succeeds: true (queued)
[Tue, 28 Jul 2026 18:29:18 IST] [INFO] TX blob: Stream ID: 8, Blob size: 6000, Timestamp: 2026-07-28 18:29:18.9387581 +0530 IST m=+46.787473101
[Tue, 28 Jul 2026 18:29:18 IST] [INFO] Queue length: 12
[Tue, 28 Jul 2026 18:29:18 IST] [INFO] Whether send blocks: yes, if queue is full
[Tue, 28 Jul 2026 18:29:18 IST] [INFO] Whether send succeeds: true (queued)
[Tue, 28 Jul 2026 18:29:18 IST] [INFO] TX blob: Stream ID: 8, Blob size: 6000, Timestamp: 2026-07-28 18:29:18.9387581 +0530 IST m=+46.787473101
[Tue, 28 Jul 2026 18:29:18 IST] [INFO] Queue length: 12
[Tue, 28 Jul 2026 18:29:18 IST] [INFO] Whether send blocks: yes, if queue is full
[Tue, 28 Jul 2026 18:29:18 IST] [INFO] Whether send succeeds: true (queued)
[Tue, 28 Jul 2026 18:29:18 IST] [INFO] TX blob: Stream ID: 8, Blob size: 6000, Timestamp: 2026-07-28 18:29:18.9387581 +0530 IST m=+46.787473101
[Tue, 28 Jul 2026 18:29:18 IST] [INFO] Queue length: 13
[Tue, 28 Jul 2026 18:29:18 IST] [INFO] Whether send blocks: yes, if queue is full
[Tue, 28 Jul 2026 18:29:18 IST] [INFO] Whether send succeeds: true (queued)
[Tue, 28 Jul 2026 18:29:18 IST] [INFO] TX blob: Stream ID: 8, Blob size: 6000, Timestamp: 2026-07-28 18:29:18.9387581 +0530 IST m=+46.787473101
[Tue, 28 Jul 2026 18:29:18 IST] [INFO] Queue length: 13
[Tue, 28 Jul 2026 18:29:18 IST] [INFO] Whether send blocks: yes, if queue is full
[Tue, 28 Jul 2026 18:29:18 IST] [INFO] Whether send succeeds: true (queued)
[Tue, 28 Jul 2026 18:29:18 IST] [INFO] TX blob: Stream ID: 8, Blob size: 6000, Timestamp: 2026-07-28 18:29:18.9387581 +0530 IST m=+46.787473101
[Tue, 28 Jul 2026 18:29:18 IST] [INFO] Queue length: 14
[Tue, 28 Jul 2026 18:29:18 IST] [INFO] Whether send blocks: yes, if queue is full
[Tue, 28 Jul 2026 18:29:18 IST] [INFO] Whether send succeeds: true (queued)
[Tue, 28 Jul 2026 18:29:18 IST] [INFO] TX blob: Stream ID: 8, Blob size: 6000, Timestamp: 2026-07-28 18:29:18.9387581 +0530 IST m=+46.787473101
[Tue, 28 Jul 2026 18:29:18 IST] [INFO] Queue length: 15
[Tue, 28 Jul 2026 18:29:18 IST] [INFO] Whether send blocks: yes, if queue is full
[Tue, 28 Jul 2026 18:29:18 IST] [INFO] Whether send succeeds: true (queued)
[Tue, 28 Jul 2026 18:29:18 IST] [INFO] TX blob: Stream ID: 8, Blob size: 6000, Timestamp: 2026-07-28 18:29:18.9387581 +0530 IST m=+46.787473101
[Tue, 28 Jul 2026 18:29:18 IST] [INFO] Queue length: 15
[Tue, 28 Jul 2026 18:29:18 IST] [INFO] Whether send blocks: yes, if queue is full
[Tue, 28 Jul 2026 18:29:18 IST] [INFO] Whether send succeeds: true (queued)
[Tue, 28 Jul 2026 18:29:18 IST] [INFO] TX blob: Stream ID: 8, Blob size: 6000, Timestamp: 2026-07-28 18:29:18.9387581 +0530 IST m=+46.787473101
[Tue, 28 Jul 2026 18:29:18 IST] [INFO] Queue length: 15
[Tue, 28 Jul 2026 18:29:18 IST] [INFO] Whether send blocks: yes, if queue is full
[Tue, 28 Jul 2026 18:29:18 IST] [INFO] Whether send succeeds: true (queued)
[Tue, 28 Jul 2026 18:29:18 IST] [INFO] TX blob: Stream ID: 8, Blob size: 6000, Timestamp: 2026-07-28 18:29:18.9387581 +0530 IST m=+46.787473101
[Tue, 28 Jul 2026 18:29:18 IST] [INFO] Queue length: 15
[Tue, 28 Jul 2026 18:29:18 IST] [INFO] Whether send blocks: yes, if queue is full
[Tue, 28 Jul 2026 18:29:18 IST] [INFO] Whether send succeeds: true (queued)
[Tue, 28 Jul 2026 18:29:18 IST] [INFO] TX blob: Stream ID: 8, Blob size: 6000, Timestamp: 2026-07-28 18:29:18.9387581 +0530 IST m=+46.787473101
[Tue, 28 Jul 2026 18:29:18 IST] [INFO] Queue length: 15
[Tue, 28 Jul 2026 18:29:18 IST] [INFO] Whether send blocks: yes, if queue is full
[Tue, 28 Jul 2026 18:29:18 IST] [INFO] Whether send succeeds: true (queued)
[Tue, 28 Jul 2026 18:29:18 IST] [INFO] TX blob: Stream ID: 8, Blob size: 6000, Timestamp: 2026-07-28 18:29:18.9387581 +0530 IST m=+46.787473101
[Tue, 28 Jul 2026 18:29:18 IST] [INFO] Queue length: 16
[Tue, 28 Jul 2026 18:29:18 IST] [INFO] Whether send blocks: yes, if queue is full
[Tue, 28 Jul 2026 18:29:18 IST] [INFO] Whether send succeeds: true (queued)
[Tue, 28 Jul 2026 18:29:18 IST] [INFO] TX blob: Stream ID: 8, Blob size: 6000, Timestamp: 2026-07-28 18:29:18.9387581 +0530 IST m=+46.787473101
[Tue, 28 Jul 2026 18:29:18 IST] [INFO] Queue length: 16
[Tue, 28 Jul 2026 18:29:18 IST] [INFO] Whether send blocks: yes, if queue is full
[Tue, 28 Jul 2026 18:29:18 IST] [INFO] Whether send succeeds: true (queued)
[Tue, 28 Jul 2026 18:29:18 IST] [INFO] TX blob: Stream ID: 8, Blob size: 6000, Timestamp: 2026-07-28 18:29:18.9387581 +0530 IST m=+46.787473101
[Tue, 28 Jul 2026 18:29:18 IST] [INFO] Queue length: 16
[Tue, 28 Jul 2026 18:29:18 IST] [INFO] Whether send blocks: yes, if queue is full
[Tue, 28 Jul 2026 18:29:18 IST] [INFO] Whether send succeeds: true (queued)
[Tue, 28 Jul 2026 18:29:18 IST] [INFO] TX blob: Stream ID: 8, Blob size: 6000, Timestamp: 2026-07-28 18:29:18.9387581 +0530 IST m=+46.787473101
[Tue, 28 Jul 2026 18:29:18 IST] [INFO] Queue length: 17
[Tue, 28 Jul 2026 18:29:18 IST] [INFO] Whether send blocks: yes, if queue is full
[Tue, 28 Jul 2026 18:29:18 IST] [INFO] Whether send succeeds: true (queued)
[Tue, 28 Jul 2026 18:29:18 IST] [INFO] TX blob: Stream ID: 8, Blob size: 6000, Timestamp: 2026-07-28 18:29:18.9387581 +0530 IST m=+46.787473101
[Tue, 28 Jul 2026 18:29:18 IST] [INFO] Queue length: 17
[Tue, 28 Jul 2026 18:29:18 IST] [INFO] Whether send blocks: yes, if queue is full
[Tue, 28 Jul 2026 18:29:18 IST] [INFO] Whether send succeeds: true (queued)
[Tue, 28 Jul 2026 18:29:18 IST] [INFO] TX blob: Stream ID: 8, Blob size: 6000, Timestamp: 2026-07-28 18:29:18.9387581 +0530 IST m=+46.787473101
[Tue, 28 Jul 2026 18:29:18 IST] [INFO] Queue length: 17
[Tue, 28 Jul 2026 18:29:18 IST] [INFO] Whether send blocks: yes, if queue is full
[Tue, 28 Jul 2026 18:29:18 IST] [INFO] Whether send succeeds: true (queued)
[Tue, 28 Jul 2026 18:29:18 IST] [INFO] TX blob: Stream ID: 8, Blob size: 6000, Timestamp: 2026-07-28 18:29:18.9387581 +0530 IST m=+46.787473101
[Tue, 28 Jul 2026 18:29:18 IST] [INFO] Queue length: 18
[Tue, 28 Jul 2026 18:29:18 IST] [INFO] Whether send blocks: yes, if queue is full
[Tue, 28 Jul 2026 18:29:18 IST] [INFO] Whether send succeeds: true (queued)
[Tue, 28 Jul 2026 18:29:18 IST] [INFO] TX blob: Stream ID: 8, Blob size: 6000, Timestamp: 2026-07-28 18:29:18.9387581 +0530 IST m=+46.787473101
[Tue, 28 Jul 2026 18:29:18 IST] [INFO] Queue length: 18
[Tue, 28 Jul 2026 18:29:18 IST] [INFO] Whether send blocks: yes, if queue is full
[Tue, 28 Jul 2026 18:29:18 IST] [INFO] Whether send succeeds: true (queued)
[Tue, 28 Jul 2026 18:29:18 IST] [INFO] TX blob: Stream ID: 8, Blob size: 6000, Timestamp: 2026-07-28 18:29:18.9387581 +0530 IST m=+46.787473101
[Tue, 28 Jul 2026 18:29:18 IST] [INFO] Queue length: 18
[Tue, 28 Jul 2026 18:29:18 IST] [INFO] Whether send blocks: yes, if queue is full
[Tue, 28 Jul 2026 18:29:18 IST] [INFO] Whether send succeeds: true (queued)
[Tue, 28 Jul 2026 18:29:18 IST] [INFO] TX blob: Stream ID: 8, Blob size: 6000, Timestamp: 2026-07-28 18:29:18.9387581 +0530 IST m=+46.787473101
[Tue, 28 Jul 2026 18:29:18 IST] [INFO] Queue length: 19
[Tue, 28 Jul 2026 18:29:18 IST] [INFO] Whether send blocks: yes, if queue is full
[Tue, 28 Jul 2026 18:29:18 IST] [INFO] Whether send succeeds: true (queued)
[Tue, 28 Jul 2026 18:29:18 IST] [INFO] TX blob: Stream ID: 8, Blob size: 6000, Timestamp: 2026-07-28 18:29:18.9387581 +0530 IST m=+46.787473101
[Tue, 28 Jul 2026 18:29:18 IST] [INFO] Queue length: 19
[Tue, 28 Jul 2026 18:29:18 IST] [INFO] Whether send blocks: yes, if queue is full
[Tue, 28 Jul 2026 18:29:18 IST] [INFO] Whether send succeeds: true (queued)
[Tue, 28 Jul 2026 18:29:18 IST] [INFO] TX blob: Stream ID: 8, Blob size: 6000, Timestamp: 2026-07-28 18:29:18.9398226 +0530 IST m=+46.788537601
[Tue, 28 Jul 2026 18:29:18 IST] [INFO] Queue length: 19
[Tue, 28 Jul 2026 18:29:18 IST] [INFO] Whether send blocks: yes, if queue is full
[Tue, 28 Jul 2026 18:29:18 IST] [INFO] Whether send succeeds: true (queued)
[Tue, 28 Jul 2026 18:29:18 IST] [INFO] TX blob: Stream ID: 8, Blob size: 6000, Timestamp: 2026-07-28 18:29:18.9398226 +0530 IST m=+46.788537601
[Tue, 28 Jul 2026 18:29:18 IST] [INFO] Queue length: 19
[Tue, 28 Jul 2026 18:29:18 IST] [INFO] Whether send blocks: yes, if queue is full
[Tue, 28 Jul 2026 18:29:18 IST] [INFO] Whether send succeeds: true (queued)
[Tue, 28 Jul 2026 18:29:18 IST] [INFO] TX blob: Stream ID: 8, Blob size: 6000, Timestamp: 2026-07-28 18:29:18.9398226 +0530 IST m=+46.788537601
[Tue, 28 Jul 2026 18:29:18 IST] [INFO] Queue length: 20
[Tue, 28 Jul 2026 18:29:18 IST] [INFO] Whether send blocks: yes, if queue is full
[Tue, 28 Jul 2026 18:29:18 IST] [INFO] Whether send succeeds: true (queued)
[Tue, 28 Jul 2026 18:29:18 IST] [INFO] TX blob: Stream ID: 8, Blob size: 6000, Timestamp: 2026-07-28 18:29:18.9398226 +0530 IST m=+46.788537601
[Tue, 28 Jul 2026 18:29:18 IST] [INFO] Queue length: 19
[Tue, 28 Jul 2026 18:29:18 IST] [INFO] Whether send blocks: yes, if queue is full
[Tue, 28 Jul 2026 18:29:18 IST] [INFO] Whether send succeeds: true (queued)
[Tue, 28 Jul 2026 18:29:18 IST] [INFO] TX blob: Stream ID: 8, Blob size: 6000, Timestamp: 2026-07-28 18:29:18.9398226 +0530 IST m=+46.788537601
[Tue, 28 Jul 2026 18:29:18 IST] [INFO] Queue length: 20
[Tue, 28 Jul 2026 18:29:18 IST] [INFO] Whether send blocks: yes, if queue is full
[Tue, 28 Jul 2026 18:29:18 IST] [INFO] Whether send succeeds: true (queued)
[Tue, 28 Jul 2026 18:29:18 IST] [INFO] TX blob: Stream ID: 8, Blob size: 6000, Timestamp: 2026-07-28 18:29:18.9398226 +0530 IST m=+46.788537601
[Tue, 28 Jul 2026 18:29:18 IST] [INFO] Queue length: 20
[Tue, 28 Jul 2026 18:29:18 IST] [INFO] Whether send blocks: yes, if queue is full
[Tue, 28 Jul 2026 18:29:18 IST] [INFO] Whether send succeeds: true (queued)
[Tue, 28 Jul 2026 18:29:18 IST] [INFO] TX blob: Stream ID: 8, Blob size: 6000, Timestamp: 2026-07-28 18:29:18.9398226 +0530 IST m=+46.788537601
[Tue, 28 Jul 2026 18:29:18 IST] [INFO] Queue length: 20
[Tue, 28 Jul 2026 18:29:18 IST] [INFO] Whether send blocks: yes, if queue is full
[Tue, 28 Jul 2026 18:29:18 IST] [INFO] Whether send succeeds: true (queued)
[Tue, 28 Jul 2026 18:29:18 IST] [INFO] TX blob: Stream ID: 8, Blob size: 6000, Timestamp: 2026-07-28 18:29:18.9398226 +0530 IST m=+46.788537601
[Tue, 28 Jul 2026 18:29:18 IST] [INFO] Queue length: 21
[Tue, 28 Jul 2026 18:29:18 IST] [INFO] Whether send blocks: yes, if queue is full
[Tue, 28 Jul 2026 18:29:18 IST] [INFO] Whether send succeeds: true (queued)
[Tue, 28 Jul 2026 18:29:18 IST] [INFO] TX blob: Stream ID: 8, Blob size: 6000, Timestamp: 2026-07-28 18:29:18.9398226 +0530 IST m=+46.788537601
[Tue, 28 Jul 2026 18:29:18 IST] [INFO] Queue length: 21
[Tue, 28 Jul 2026 18:29:18 IST] [INFO] Whether send blocks: yes, if queue is full
[Tue, 28 Jul 2026 18:29:18 IST] [INFO] Whether send succeeds: true (queued)
[Tue, 28 Jul 2026 18:29:18 IST] [INFO] TX blob: Stream ID: 8, Blob size: 6000, Timestamp: 2026-07-28 18:29:18.9398226 +0530 IST m=+46.788537601
[Tue, 28 Jul 2026 18:29:18 IST] [INFO] Queue length: 21
[Tue, 28 Jul 2026 18:29:18 IST] [INFO] Whether send blocks: yes, if queue is full
[Tue, 28 Jul 2026 18:29:18 IST] [INFO] Whether send succeeds: true (queued)
[Tue, 28 Jul 2026 18:29:18 IST] [INFO] TX blob: Stream ID: 8, Blob size: 6000, Timestamp: 2026-07-28 18:29:18.9398226 +0530 IST m=+46.788537601
[Tue, 28 Jul 2026 18:29:18 IST] [INFO] Queue length: 22
[Tue, 28 Jul 2026 18:29:18 IST] [INFO] Whether send blocks: yes, if queue is full
[Tue, 28 Jul 2026 18:29:18 IST] [INFO] Whether send succeeds: true (queued)
[Tue, 28 Jul 2026 18:29:18 IST] [INFO] TX blob: Stream ID: 8, Blob size: 6000, Timestamp: 2026-07-28 18:29:18.9398226 +0530 IST m=+46.788537601
[Tue, 28 Jul 2026 18:29:18 IST] [INFO] Queue length: 22
[Tue, 28 Jul 2026 18:29:18 IST] [INFO] Whether send blocks: yes, if queue is full
[Tue, 28 Jul 2026 18:29:18 IST] [INFO] Whether send succeeds: true (queued)
[Tue, 28 Jul 2026 18:29:18 IST] [INFO] TX blob: Stream ID: 8, Blob size: 6000, Timestamp: 2026-07-28 18:29:18.9398226 +0530 IST m=+46.788537601
[Tue, 28 Jul 2026 18:29:18 IST] [INFO] Queue length: 22
[Tue, 28 Jul 2026 18:29:18 IST] [INFO] Whether send blocks: yes, if queue is full
[Tue, 28 Jul 2026 18:29:18 IST] [INFO] Whether send succeeds: true (queued)
[Tue, 28 Jul 2026 18:29:18 IST] [INFO] TX blob: Stream ID: 8, Blob size: 6000, Timestamp: 2026-07-28 18:29:18.9398226 +0530 IST m=+46.788537601
[Tue, 28 Jul 2026 18:29:18 IST] [INFO] Queue length: 23
[Tue, 28 Jul 2026 18:29:18 IST] [INFO] Whether send blocks: yes, if queue is full
[Tue, 28 Jul 2026 18:29:18 IST] [INFO] Whether send succeeds: true (queued)
[Tue, 28 Jul 2026 18:29:18 IST] [INFO] TX blob: Stream ID: 8, Blob size: 6000, Timestamp: 2026-07-28 18:29:18.9398226 +0530 IST m=+46.788537601
[Tue, 28 Jul 2026 18:29:18 IST] [INFO] Queue length: 23
[Tue, 28 Jul 2026 18:29:18 IST] [INFO] Whether send blocks: yes, if queue is full
[Tue, 28 Jul 2026 18:29:18 IST] [INFO] Whether send succeeds: true (queued)
[Tue, 28 Jul 2026 18:29:18 IST] [INFO] TX blob: Stream ID: 8, Blob size: 6000, Timestamp: 2026-07-28 18:29:18.9398226 +0530 IST m=+46.788537601
[Tue, 28 Jul 2026 18:29:18 IST] [INFO] Queue length: 23
[Tue, 28 Jul 2026 18:29:18 IST] [INFO] Whether send blocks: yes, if queue is full
[Tue, 28 Jul 2026 18:29:18 IST] [INFO] Whether send succeeds: true (queued)
[Tue, 28 Jul 2026 18:29:18 IST] [INFO] TX blob: Stream ID: 8, Blob size: 6000, Timestamp: 2026-07-28 18:29:18.9398226 +0530 IST m=+46.788537601
[Tue, 28 Jul 2026 18:29:18 IST] [INFO] Queue length: 22
[Tue, 28 Jul 2026 18:29:18 IST] [INFO] Whether send blocks: yes, if queue is full
[Tue, 28 Jul 2026 18:29:18 IST] [INFO] Whether send succeeds: true (queued)
[Tue, 28 Jul 2026 18:29:18 IST] [INFO] TX blob: Stream ID: 8, Blob size: 6000, Timestamp: 2026-07-28 18:29:18.9398226 +0530 IST m=+46.788537601
[Tue, 28 Jul 2026 18:29:18 IST] [INFO] Queue length: 23
[Tue, 28 Jul 2026 18:29:18 IST] [INFO] Whether send blocks: yes, if queue is full
[Tue, 28 Jul 2026 18:29:18 IST] [INFO] Whether send succeeds: true (queued)
[Tue, 28 Jul 2026 18:29:18 IST] [INFO] TX blob: Stream ID: 8, Blob size: 6000, Timestamp: 2026-07-28 18:29:18.9398226 +0530 IST m=+46.788537601
[Tue, 28 Jul 2026 18:29:18 IST] [INFO] Queue length: 23
[Tue, 28 Jul 2026 18:29:18 IST] [INFO] Whether send blocks: yes, if queue is full
[Tue, 28 Jul 2026 18:29:18 IST] [INFO] Whether send succeeds: true (queued)
[Tue, 28 Jul 2026 18:29:18 IST] [INFO] TX blob: Stream ID: 8, Blob size: 6000, Timestamp: 2026-07-28 18:29:18.9398226 +0530 IST m=+46.788537601
[Tue, 28 Jul 2026 18:29:18 IST] [INFO] Queue length: 23
[Tue, 28 Jul 2026 18:29:18 IST] [INFO] Whether send blocks: yes, if queue is full
[Tue, 28 Jul 2026 18:29:18 IST] [INFO] Whether send succeeds: true (queued)
[Tue, 28 Jul 2026 18:29:18 IST] [INFO] TX blob: Stream ID: 8, Blob size: 6000, Timestamp: 2026-07-28 18:29:18.9398226 +0530 IST m=+46.788537601
[Tue, 28 Jul 2026 18:29:18 IST] [INFO] Queue length: 24
[Tue, 28 Jul 2026 18:29:18 IST] [INFO] Whether send blocks: yes, if queue is full
[Tue, 28 Jul 2026 18:29:18 IST] [INFO] Whether send succeeds: true (queued)
[Tue, 28 Jul 2026 18:29:18 IST] [INFO] TX blob: Stream ID: 8, Blob size: 6000, Timestamp: 2026-07-28 18:29:18.9398226 +0530 IST m=+46.788537601
[Tue, 28 Jul 2026 18:29:18 IST] [INFO] Queue length: 24
[Tue, 28 Jul 2026 18:29:18 IST] [INFO] Whether send blocks: yes, if queue is full
[Tue, 28 Jul 2026 18:29:18 IST] [INFO] Whether send succeeds: true (queued)
[Tue, 28 Jul 2026 18:29:18 IST] [INFO] TX blob: Stream ID: 8, Blob size: 6000, Timestamp: 2026-07-28 18:29:18.9398226 +0530 IST m=+46.788537601
[Tue, 28 Jul 2026 18:29:18 IST] [INFO] Queue length: 24
[Tue, 28 Jul 2026 18:29:18 IST] [INFO] Whether send blocks: yes, if queue is full
[Tue, 28 Jul 2026 18:29:18 IST] [INFO] Whether send succeeds: true (queued)
[Tue, 28 Jul 2026 18:29:18 IST] [INFO] TX blob: Stream ID: 8, Blob size: 6000, Timestamp: 2026-07-28 18:29:18.9398226 +0530 IST m=+46.788537601
[Tue, 28 Jul 2026 18:29:18 IST] [INFO] Queue length: 25
[Tue, 28 Jul 2026 18:29:18 IST] [INFO] Whether send blocks: yes, if queue is full
[Tue, 28 Jul 2026 18:29:18 IST] [INFO] Whether send succeeds: true (queued)
[Tue, 28 Jul 2026 18:29:18 IST] [INFO] TX blob: Stream ID: 8, Blob size: 6000, Timestamp: 2026-07-28 18:29:18.9413769 +0530 IST m=+46.790091901
[Tue, 28 Jul 2026 18:29:18 IST] [INFO] Queue length: 25
[Tue, 28 Jul 2026 18:29:18 IST] [INFO] Whether send blocks: yes, if queue is full
[Tue, 28 Jul 2026 18:29:18 IST] [INFO] Whether send succeeds: true (queued)
[Tue, 28 Jul 2026 18:29:18 IST] [INFO] TX blob: Stream ID: 8, Blob size: 6000, Timestamp: 2026-07-28 18:29:18.9413769 +0530 IST m=+46.790091901
[Tue, 28 Jul 2026 18:29:18 IST] [INFO] Queue length: 26
[Tue, 28 Jul 2026 18:29:18 IST] [INFO] Whether send blocks: yes, if queue is full
[Tue, 28 Jul 2026 18:29:18 IST] [INFO] Whether send succeeds: true (queued)
[Tue, 28 Jul 2026 18:29:18 IST] [INFO] TX blob: Stream ID: 8, Blob size: 6000, Timestamp: 2026-07-28 18:29:18.9413769 +0530 IST m=+46.790091901
[Tue, 28 Jul 2026 18:29:18 IST] [INFO] Queue length: 26
[Tue, 28 Jul 2026 18:29:18 IST] [INFO] Whether send blocks: yes, if queue is full
[Tue, 28 Jul 2026 18:29:18 IST] [INFO] Whether send succeeds: true (queued)
[Tue, 28 Jul 2026 18:29:18 IST] [INFO] TX blob: Stream ID: 8, Blob size: 6000, Timestamp: 2026-07-28 18:29:18.9413769 +0530 IST m=+46.790091901
[Tue, 28 Jul 2026 18:29:18 IST] [INFO] Queue length: 26
[Tue, 28 Jul 2026 18:29:18 IST] [INFO] Whether send blocks: yes, if queue is full
[Tue, 28 Jul 2026 18:29:18 IST] [INFO] Whether send succeeds: true (queued)
[Tue, 28 Jul 2026 18:29:18 IST] [INFO] TX blob: Stream ID: 8, Blob size: 6000, Timestamp: 2026-07-28 18:29:18.9413769 +0530 IST m=+46.790091901
[Tue, 28 Jul 2026 18:29:18 IST] [INFO] Queue length: 26
[Tue, 28 Jul 2026 18:29:18 IST] [INFO] Whether send blocks: yes, if queue is full
[Tue, 28 Jul 2026 18:29:18 IST] [INFO] Whether send succeeds: true (queued)
[Tue, 28 Jul 2026 18:29:18 IST] [INFO] TX blob: Stream ID: 8, Blob size: 6000, Timestamp: 2026-07-28 18:29:18.9413769 +0530 IST m=+46.790091901
[Tue, 28 Jul 2026 18:29:18 IST] [INFO] Queue length: 27
[Tue, 28 Jul 2026 18:29:18 IST] [INFO] Whether send blocks: yes, if queue is full
[Tue, 28 Jul 2026 18:29:18 IST] [INFO] Whether send succeeds: true (queued)
[Tue, 28 Jul 2026 18:29:18 IST] [INFO] TX blob: Stream ID: 8, Blob size: 6000, Timestamp: 2026-07-28 18:29:18.9413769 +0530 IST m=+46.790091901
[Tue, 28 Jul 2026 18:29:18 IST] [INFO] Queue length: 27
[Tue, 28 Jul 2026 18:29:18 IST] [INFO] Whether send blocks: yes, if queue is full
[Tue, 28 Jul 2026 18:29:18 IST] [INFO] Whether send succeeds: true (queued)
[Tue, 28 Jul 2026 18:29:18 IST] [INFO] TX blob: Stream ID: 8, Blob size: 6000, Timestamp: 2026-07-28 18:29:18.9413769 +0530 IST m=+46.790091901
[Tue, 28 Jul 2026 18:29:18 IST] [INFO] Queue length: 28
[Tue, 28 Jul 2026 18:29:18 IST] [INFO] Whether send blocks: yes, if queue is full
[Tue, 28 Jul 2026 18:29:18 IST] [INFO] Whether send succeeds: true (queued)
[Tue, 28 Jul 2026 18:29:18 IST] [INFO] TX blob: Stream ID: 8, Blob size: 6000, Timestamp: 2026-07-28 18:29:18.9413769 +0530 IST m=+46.790091901
[Tue, 28 Jul 2026 18:29:18 IST] [INFO] Queue length: 28
[Tue, 28 Jul 2026 18:29:18 IST] [INFO] Whether send blocks: yes, if queue is full
[Tue, 28 Jul 2026 18:29:18 IST] [INFO] Whether send succeeds: true (queued)
[Tue, 28 Jul 2026 18:29:18 IST] [INFO] TX blob: Stream ID: 8, Blob size: 6000, Timestamp: 2026-07-28 18:29:18.9413769 +0530 IST m=+46.790091901
[Tue, 28 Jul 2026 18:29:18 IST] [INFO] Queue length: 28
[Tue, 28 Jul 2026 18:29:18 IST] [INFO] Whether send blocks: yes, if queue is full
[Tue, 28 Jul 2026 18:29:18 IST] [INFO] Whether send succeeds: true (queued)
[Tue, 28 Jul 2026 18:29:18 IST] [INFO] TX blob: Stream ID: 8, Blob size: 6000, Timestamp: 2026-07-28 18:29:18.9413769 +0530 IST m=+46.790091901
[Tue, 28 Jul 2026 18:29:18 IST] [INFO] Queue length: 28
[Tue, 28 Jul 2026 18:29:18 IST] [INFO] Whether send blocks: yes, if queue is full
[Tue, 28 Jul 2026 18:29:18 IST] [INFO] Whether send succeeds: true (queued)
[Tue, 28 Jul 2026 18:29:18 IST] [INFO] TX blob: Stream ID: 8, Blob size: 6000, Timestamp: 2026-07-28 18:29:18.9413769 +0530 IST m=+46.790091901
[Tue, 28 Jul 2026 18:29:18 IST] [INFO] Queue length: 29
[Tue, 28 Jul 2026 18:29:18 IST] [INFO] Whether send blocks: yes, if queue is full
[Tue, 28 Jul 2026 18:29:18 IST] [INFO] Whether send succeeds: true (queued)
[Tue, 28 Jul 2026 18:29:18 IST] [INFO] TX blob: Stream ID: 8, Blob size: 1788, Timestamp: 2026-07-28 18:29:18.9413769 +0530 IST m=+46.790091901
[Tue, 28 Jul 2026 18:29:18 IST] [INFO] Queue length: 29
[Tue, 28 Jul 2026 18:29:18 IST] [INFO] Whether send blocks: yes, if queue is full
[Tue, 28 Jul 2026 18:29:18 IST] [INFO] Whether send succeeds: true (queued)
[Tue, 28 Jul 2026 18:29:18 IST] [INFO] TX end: Stream ID: 8, Timestamp: 2026-07-28 18:29:18.9413769 +0530 IST m=+46.790091901
[Tue, 28 Jul 2026 18:29:18 IST] [INFO] Queue length: 29
[Tue, 28 Jul 2026 18:29:18 IST] [INFO] Whether send blocks: yes, if queue is full
[Tue, 28 Jul 2026 18:29:18 IST] [INFO] Whether send succeeds: true (queued)
[Tue, 28 Jul 2026 18:29:18 IST] [INFO] TX sync: Timestamp: 2026-07-28 18:29:18.9413769 +0530 IST m=+46.790091901
[Tue, 28 Jul 2026 18:29:18 IST] [INFO] Queue length: 30
[Tue, 28 Jul 2026 18:29:18 IST] [INFO] Whether send blocks: yes, if queue is full
[Tue, 28 Jul 2026 18:29:18 IST] [INFO] Whether send succeeds: true (queued)
[Tue, 28 Jul 2026 18:29:18 IST] [INFO] ========== Capture Tick ==========
[Tue, 28 Jul 2026 18:29:18 IST] [INFO] Current timestamp: 2026-07-28 18:29:18.9413769 +0530 IST m=+46.790091901
[Tue, 28 Jul 2026 18:29:18 IST] [INFO] HWND: 3935346
[Tue, 28 Jul 2026 18:29:18 IST] [INFO] FindWindowByPID() succeeded: true
[Tue, 28 Jul 2026 18:29:18 IST] [INFO] Process is still alive: true
[Tue, 28 Jul 2026 18:29:18 IST] [INFO] CaptureWindow entered
[Tue, 28 Jul 2026 18:29:18 IST] [INFO] HWND: 3935346
[Tue, 28 Jul 2026 18:29:18 IST] [INFO] Width: 1024, Height: 768
[Tue, 28 Jul 2026 18:29:18 IST] [INFO] GetWindowDC succeeded: true
[Tue, 28 Jul 2026 18:29:18 IST] [INFO] CreateCompatibleDC succeeded: true
[Tue, 28 Jul 2026 18:29:18 IST] [INFO] CreateCompatibleBitmap succeeded: true
[Tue, 28 Jul 2026 18:29:18 IST] [INFO] SelectObject succeeded: true
[Tue, 28 Jul 2026 18:29:18 IST] [INFO] PrintWindow return value: 1
[Tue, 28 Jul 2026 18:29:18 IST] [INFO] Fallback PrintWindow() is executed: false
[Tue, 28 Jul 2026 18:29:18 IST] [INFO] GetDIBits return value: 768
[Tue, 28 Jul 2026 18:29:18 IST] [INFO] Number of scanlines copied: 768
[Tue, 28 Jul 2026 18:29:18 IST] [INFO] GetDIBits Width: 1024
[Tue, 28 Jul 2026 18:29:18 IST] [INFO] GetDIBits Height: 768
[Tue, 28 Jul 2026 18:29:18 IST] [INFO] Bitmap format: BI_RGB (32-bit)
[Tue, 28 Jul 2026 18:29:18 IST] [INFO] Non-black pixels: 488109
[Tue, 28 Jul 2026 18:29:18 IST] [INFO] Transparent pixels: 0
[Tue, 28 Jul 2026 18:29:18 IST] [INFO] Opaque pixels: 786432
[Tue, 28 Jul 2026 18:29:18 IST] [INFO] Dirty rectangle coordinates: (0,0)-(1024,31)
[Tue, 28 Jul 2026 18:29:18 IST] [INFO] Width: 1024
[Tue, 28 Jul 2026 18:29:18 IST] [INFO] Height: 31
[Tue, 28 Jul 2026 18:29:18 IST] [INFO] PNG encoding started
[Tue, 28 Jul 2026 18:29:18 IST] [INFO] PNG encoding finished
[Tue, 28 Jul 2026 18:29:18 IST] [INFO] PNG byte size: 2548
[Tue, 28 Jul 2026 18:29:18 IST] [INFO] Base64 byte size: 3400
[Tue, 28 Jul 2026 18:29:18 IST] [INFO] TX img: Stream ID: 9, Timestamp: 2026-07-28 18:29:18.9818144 +0530 IST m=+46.830529401
[Tue, 28 Jul 2026 18:29:18 IST] [INFO] Queue length: 0
[Tue, 28 Jul 2026 18:29:18 IST] [INFO] Whether send blocks: yes, if queue is full
[Tue, 28 Jul 2026 18:29:18 IST] [INFO] Whether send succeeds: true (queued)
[Tue, 28 Jul 2026 18:29:18 IST] [INFO] TX blob: Stream ID: 9, Blob size: 3400, Timestamp: 2026-07-28 18:29:18.9818144 +0530 IST m=+46.830529401
[Tue, 28 Jul 2026 18:29:18 IST] [INFO] Queue length: 0
[Tue, 28 Jul 2026 18:29:18 IST] [INFO] Whether send blocks: yes, if queue is full
[Tue, 28 Jul 2026 18:29:18 IST] [INFO] Whether send succeeds: true (queued)
[Tue, 28 Jul 2026 18:29:18 IST] [INFO] TX end: Stream ID: 9, Timestamp: 2026-07-28 18:29:18.9818144 +0530 IST m=+46.830529401
[Tue, 28 Jul 2026 18:29:18 IST] [INFO] Queue length: 1
[Tue, 28 Jul 2026 18:29:18 IST] [INFO] Whether send blocks: yes, if queue is full
[Tue, 28 Jul 2026 18:29:18 IST] [INFO] Whether send succeeds: true (queued)
[Tue, 28 Jul 2026 18:29:18 IST] [INFO] TX sync: Timestamp: 2026-07-28 18:29:18.9818144 +0530 IST m=+46.830529401
[Tue, 28 Jul 2026 18:29:18 IST] [INFO] Queue length: 2
[Tue, 28 Jul 2026 18:29:18 IST] [INFO] Whether send blocks: yes, if queue is full
[Tue, 28 Jul 2026 18:29:18 IST] [INFO] Whether send succeeds: true (queued)
[Tue, 28 Jul 2026 18:29:18 IST] [INFO] ========== Capture Tick ==========
[Tue, 28 Jul 2026 18:29:18 IST] [INFO] Current timestamp: 2026-07-28 18:29:18.9818144 +0530 IST m=+46.830529401
[Tue, 28 Jul 2026 18:29:18 IST] [INFO] HWND: 3935346
[Tue, 28 Jul 2026 18:29:18 IST] [INFO] FindWindowByPID() succeeded: true
[Tue, 28 Jul 2026 18:29:18 IST] [INFO] Process is still alive: true
[Tue, 28 Jul 2026 18:29:18 IST] [INFO] CaptureWindow entered
[Tue, 28 Jul 2026 18:29:18 IST] [INFO] HWND: 3935346
[Tue, 28 Jul 2026 18:29:18 IST] [INFO] Width: 1024, Height: 768
[Tue, 28 Jul 2026 18:29:18 IST] [INFO] GetWindowDC succeeded: true
[Tue, 28 Jul 2026 18:29:18 IST] [INFO] CreateCompatibleDC succeeded: true
[Tue, 28 Jul 2026 18:29:18 IST] [INFO] CreateCompatibleBitmap succeeded: true
[Tue, 28 Jul 2026 18:29:18 IST] [INFO] SelectObject succeeded: true
[Tue, 28 Jul 2026 18:29:19 IST] [INFO] PrintWindow return value: 1
[Tue, 28 Jul 2026 18:29:19 IST] [INFO] Fallback PrintWindow() is executed: false
[Tue, 28 Jul 2026 18:29:19 IST] [INFO] GetDIBits return value: 768
[Tue, 28 Jul 2026 18:29:19 IST] [INFO] Number of scanlines copied: 768
[Tue, 28 Jul 2026 18:29:19 IST] [INFO] GetDIBits Width: 1024
[Tue, 28 Jul 2026 18:29:19 IST] [INFO] GetDIBits Height: 768
[Tue, 28 Jul 2026 18:29:19 IST] [INFO] Bitmap format: BI_RGB (32-bit)
[Tue, 28 Jul 2026 18:29:19 IST] [INFO] Non-black pixels: 488109
[Tue, 28 Jul 2026 18:29:19 IST] [INFO] Transparent pixels: 0
[Tue, 28 Jul 2026 18:29:19 IST] [INFO] Opaque pixels: 786432
[Tue, 28 Jul 2026 18:29:19 IST] [INFO] Dirty rectangle empty
[Tue, 28 Jul 2026 18:29:19 IST] [INFO] ========== Capture Tick ==========
[Tue, 28 Jul 2026 18:29:19 IST] [INFO] Current timestamp: 2026-07-28 18:29:19.0602541 +0530 IST m=+46.908969101
[Tue, 28 Jul 2026 18:29:19 IST] [INFO] HWND: 3935346
[Tue, 28 Jul 2026 18:29:19 IST] [INFO] FindWindowByPID() succeeded: true
[Tue, 28 Jul 2026 18:29:19 IST] [INFO] Process is still alive: true
[Tue, 28 Jul 2026 18:29:19 IST] [INFO] CaptureWindow entered
[Tue, 28 Jul 2026 18:29:19 IST] [INFO] HWND: 3935346
[Tue, 28 Jul 2026 18:29:19 IST] [INFO] Width: 1024, Height: 768
[Tue, 28 Jul 2026 18:29:19 IST] [INFO] GetWindowDC succeeded: true
[Tue, 28 Jul 2026 18:29:19 IST] [INFO] CreateCompatibleDC succeeded: true
[Tue, 28 Jul 2026 18:29:19 IST] [INFO] CreateCompatibleBitmap succeeded: true
[Tue, 28 Jul 2026 18:29:19 IST] [INFO] SelectObject succeeded: true
[Tue, 28 Jul 2026 18:29:19 IST] [INFO] PrintWindow return value: 1
[Tue, 28 Jul 2026 18:29:19 IST] [INFO] Fallback PrintWindow() is executed: false
[Tue, 28 Jul 2026 18:29:19 IST] [INFO] GetDIBits return value: 768
[Tue, 28 Jul 2026 18:29:19 IST] [INFO] Number of scanlines copied: 768
[Tue, 28 Jul 2026 18:29:19 IST] [INFO] GetDIBits Width: 1024
[Tue, 28 Jul 2026 18:29:19 IST] [INFO] GetDIBits Height: 768
[Tue, 28 Jul 2026 18:29:19 IST] [INFO] Bitmap format: BI_RGB (32-bit)
[Tue, 28 Jul 2026 18:29:19 IST] [INFO] Non-black pixels: 488109
[Tue, 28 Jul 2026 18:29:19 IST] [INFO] Transparent pixels: 0
[Tue, 28 Jul 2026 18:29:19 IST] [INFO] Opaque pixels: 786432
[Tue, 28 Jul 2026 18:29:19 IST] [INFO] Dirty rectangle empty
[Tue, 28 Jul 2026 18:29:19 IST] [INFO] ========== Capture Tick ==========
[Tue, 28 Jul 2026 18:29:19 IST] [INFO] Current timestamp: 2026-07-28 18:29:19.1599229 +0530 IST m=+47.008637901
[Tue, 28 Jul 2026 18:29:19 IST] [INFO] HWND: 3935346
[Tue, 28 Jul 2026 18:29:19 IST] [INFO] FindWindowByPID() succeeded: true
[Tue, 28 Jul 2026 18:29:19 IST] [INFO] Process is still alive: true
[Tue, 28 Jul 2026 18:29:19 IST] [INFO] CaptureWindow entered
[Tue, 28 Jul 2026 18:29:19 IST] [INFO] HWND: 3935346
[Tue, 28 Jul 2026 18:29:19 IST] [INFO] Width: 1024, Height: 768
[Tue, 28 Jul 2026 18:29:19 IST] [INFO] GetWindowDC succeeded: true
[Tue, 28 Jul 2026 18:29:19 IST] [INFO] CreateCompatibleDC succeeded: true
[Tue, 28 Jul 2026 18:29:19 IST] [INFO] CreateCompatibleBitmap succeeded: true
[Tue, 28 Jul 2026 18:29:19 IST] [INFO] SelectObject succeeded: true
[Tue, 28 Jul 2026 18:29:19 IST] [INFO] PrintWindow return value: 1
[Tue, 28 Jul 2026 18:29:19 IST] [INFO] Fallback PrintWindow() is executed: false
[Tue, 28 Jul 2026 18:29:19 IST] [INFO] GetDIBits return value: 768
[Tue, 28 Jul 2026 18:29:19 IST] [INFO] Number of scanlines copied: 768
[Tue, 28 Jul 2026 18:29:19 IST] [INFO] GetDIBits Width: 1024
[Tue, 28 Jul 2026 18:29:19 IST] [INFO] GetDIBits Height: 768
[Tue, 28 Jul 2026 18:29:19 IST] [INFO] Bitmap format: BI_RGB (32-bit)
[Tue, 28 Jul 2026 18:29:19 IST] [INFO] Non-black pixels: 488109
[Tue, 28 Jul 2026 18:29:19 IST] [INFO] Transparent pixels: 0
[Tue, 28 Jul 2026 18:29:19 IST] [INFO] Opaque pixels: 786432
[Tue, 28 Jul 2026 18:29:19 IST] [INFO] Dirty rectangle empty
[Tue, 28 Jul 2026 18:29:19 IST] [INFO] ========== Capture Tick ==========
[Tue, 28 Jul 2026 18:29:19 IST] [INFO] Current timestamp: 2026-07-28 18:29:19.2602545 +0530 IST m=+47.108969501
[Tue, 28 Jul 2026 18:29:19 IST] [INFO] HWND: 3935346
[Tue, 28 Jul 2026 18:29:19 IST] [INFO] FindWindowByPID() succeeded: true
[Tue, 28 Jul 2026 18:29:19 IST] [INFO] Process is still alive: true
[Tue, 28 Jul 2026 18:29:19 IST] [INFO] CaptureWindow entered
[Tue, 28 Jul 2026 18:29:19 IST] [INFO] HWND: 3935346
[Tue, 28 Jul 2026 18:29:19 IST] [INFO] Width: 1024, Height: 768
[Tue, 28 Jul 2026 18:29:19 IST] [INFO] GetWindowDC succeeded: true
[Tue, 28 Jul 2026 18:29:19 IST] [INFO] CreateCompatibleDC succeeded: true
[Tue, 28 Jul 2026 18:29:19 IST] [INFO] CreateCompatibleBitmap succeeded: true
[Tue, 28 Jul 2026 18:29:19 IST] [INFO] SelectObject succeeded: true
[Tue, 28 Jul 2026 18:29:19 IST] [INFO] PrintWindow return value: 1
[Tue, 28 Jul 2026 18:29:19 IST] [INFO] Fallback PrintWindow() is executed: false
[Tue, 28 Jul 2026 18:29:19 IST] [INFO] GetDIBits return value: 768
[Tue, 28 Jul 2026 18:29:19 IST] [INFO] Number of scanlines copied: 768
[Tue, 28 Jul 2026 18:29:19 IST] [INFO] GetDIBits Width: 1024
[Tue, 28 Jul 2026 18:29:19 IST] [INFO] GetDIBits Height: 768
[Tue, 28 Jul 2026 18:29:19 IST] [INFO] Bitmap format: BI_RGB (32-bit)
[Tue, 28 Jul 2026 18:29:19 IST] [INFO] Non-black pixels: 488109
[Tue, 28 Jul 2026 18:29:19 IST] [INFO] Transparent pixels: 0
[Tue, 28 Jul 2026 18:29:19 IST] [INFO] Opaque pixels: 786432
[Tue, 28 Jul 2026 18:29:19 IST] [INFO] Dirty rectangle empty
[Tue, 28 Jul 2026 18:29:19 IST] [INFO] ========== Capture Tick ==========
[Tue, 28 Jul 2026 18:29:19 IST] [INFO] Current timestamp: 2026-07-28 18:29:19.3600065 +0530 IST m=+47.208721501
[Tue, 28 Jul 2026 18:29:19 IST] [INFO] HWND: 3935346
[Tue, 28 Jul 2026 18:29:19 IST] [INFO] FindWindowByPID() succeeded: true
[Tue, 28 Jul 2026 18:29:19 IST] [INFO] Process is still alive: true
[Tue, 28 Jul 2026 18:29:19 IST] [INFO] CaptureWindow entered
[Tue, 28 Jul 2026 18:29:19 IST] [INFO] HWND: 3935346
[Tue, 28 Jul 2026 18:29:19 IST] [INFO] Width: 1024, Height: 768
[Tue, 28 Jul 2026 18:29:19 IST] [INFO] GetWindowDC succeeded: true
[Tue, 28 Jul 2026 18:29:19 IST] [INFO] CreateCompatibleDC succeeded: true
[Tue, 28 Jul 2026 18:29:19 IST] [INFO] CreateCompatibleBitmap succeeded: true
[Tue, 28 Jul 2026 18:29:19 IST] [INFO] SelectObject succeeded: true
[Tue, 28 Jul 2026 18:29:19 IST] [INFO] PrintWindow return value: 1
[Tue, 28 Jul 2026 18:29:19 IST] [INFO] Fallback PrintWindow() is executed: false
[Tue, 28 Jul 2026 18:29:19 IST] [INFO] GetDIBits return value: 768
[Tue, 28 Jul 2026 18:29:19 IST] [INFO] Number of scanlines copied: 768
[Tue, 28 Jul 2026 18:29:19 IST] [INFO] GetDIBits Width: 1024
[Tue, 28 Jul 2026 18:29:19 IST] [INFO] GetDIBits Height: 768
[Tue, 28 Jul 2026 18:29:19 IST] [INFO] Bitmap format: BI_RGB (32-bit)
[Tue, 28 Jul 2026 18:29:19 IST] [INFO] Non-black pixels: 488109
[Tue, 28 Jul 2026 18:29:19 IST] [INFO] Transparent pixels: 0
[Tue, 28 Jul 2026 18:29:19 IST] [INFO] Opaque pixels: 786432
[Tue, 28 Jul 2026 18:29:19 IST] [INFO] Dirty rectangle empty
[Tue, 28 Jul 2026 18:29:19 IST] [INFO] ========== Capture Tick ==========
[Tue, 28 Jul 2026 18:29:19 IST] [INFO] Current timestamp: 2026-07-28 18:29:19.4598483 +0530 IST m=+47.308563301
[Tue, 28 Jul 2026 18:29:19 IST] [INFO] HWND: 3935346
[Tue, 28 Jul 2026 18:29:19 IST] [INFO] FindWindowByPID() succeeded: true
[Tue, 28 Jul 2026 18:29:19 IST] [INFO] Process is still alive: true
[Tue, 28 Jul 2026 18:29:19 IST] [INFO] CaptureWindow entered
[Tue, 28 Jul 2026 18:29:19 IST] [INFO] HWND: 3935346
[Tue, 28 Jul 2026 18:29:19 IST] [INFO] Width: 1024, Height: 768
[Tue, 28 Jul 2026 18:29:19 IST] [INFO] GetWindowDC succeeded: true
[Tue, 28 Jul 2026 18:29:19 IST] [INFO] CreateCompatibleDC succeeded: true
[Tue, 28 Jul 2026 18:29:19 IST] [INFO] CreateCompatibleBitmap succeeded: true
[Tue, 28 Jul 2026 18:29:19 IST] [INFO] SelectObject succeeded: true
[Tue, 28 Jul 2026 18:29:19 IST] [INFO] PrintWindow return value: 1
[Tue, 28 Jul 2026 18:29:19 IST] [INFO] Fallback PrintWindow() is executed: false
[Tue, 28 Jul 2026 18:29:19 IST] [INFO] GetDIBits return value: 768
[Tue, 28 Jul 2026 18:29:19 IST] [INFO] Number of scanlines copied: 768
[Tue, 28 Jul 2026 18:29:19 IST] [INFO] GetDIBits Width: 1024
[Tue, 28 Jul 2026 18:29:19 IST] [INFO] GetDIBits Height: 768
[Tue, 28 Jul 2026 18:29:19 IST] [INFO] Bitmap format: BI_RGB (32-bit)
[Tue, 28 Jul 2026 18:29:19 IST] [INFO] Non-black pixels: 488109
[Tue, 28 Jul 2026 18:29:19 IST] [INFO] Transparent pixels: 0
[Tue, 28 Jul 2026 18:29:19 IST] [INFO] Opaque pixels: 786432
[Tue, 28 Jul 2026 18:29:19 IST] [INFO] Dirty rectangle empty
[Tue, 28 Jul 2026 18:29:19 IST] [INFO] ========== Capture Tick ==========
[Tue, 28 Jul 2026 18:29:19 IST] [INFO] Current timestamp: 2026-07-28 18:29:19.5607391 +0530 IST m=+47.409454101
[Tue, 28 Jul 2026 18:29:19 IST] [INFO] HWND: 3935346
[Tue, 28 Jul 2026 18:29:19 IST] [INFO] FindWindowByPID() succeeded: true
[Tue, 28 Jul 2026 18:29:19 IST] [INFO] Process is still alive: true
[Tue, 28 Jul 2026 18:29:19 IST] [INFO] CaptureWindow entered
[Tue, 28 Jul 2026 18:29:19 IST] [INFO] HWND: 3935346
[Tue, 28 Jul 2026 18:29:19 IST] [INFO] Width: 1024, Height: 768
[Tue, 28 Jul 2026 18:29:19 IST] [INFO] GetWindowDC succeeded: true
[Tue, 28 Jul 2026 18:29:19 IST] [INFO] CreateCompatibleDC succeeded: true
[Tue, 28 Jul 2026 18:29:19 IST] [INFO] CreateCompatibleBitmap succeeded: true
[Tue, 28 Jul 2026 18:29:19 IST] [INFO] SelectObject succeeded: true
[Tue, 28 Jul 2026 18:29:19 IST] [INFO] PrintWindow return value: 1
[Tue, 28 Jul 2026 18:29:19 IST] [INFO] Fallback PrintWindow() is executed: false
[Tue, 28 Jul 2026 18:29:19 IST] [INFO] GetDIBits return value: 768
[Tue, 28 Jul 2026 18:29:19 IST] [INFO] Number of scanlines copied: 768
[Tue, 28 Jul 2026 18:29:19 IST] [INFO] GetDIBits Width: 1024
[Tue, 28 Jul 2026 18:29:19 IST] [INFO] GetDIBits Height: 768
[Tue, 28 Jul 2026 18:29:19 IST] [INFO] Bitmap format: BI_RGB (32-bit)
[Tue, 28 Jul 2026 18:29:19 IST] [INFO] Non-black pixels: 488109
[Tue, 28 Jul 2026 18:29:19 IST] [INFO] Transparent pixels: 0
[Tue, 28 Jul 2026 18:29:19 IST] [INFO] Opaque pixels: 786432
[Tue, 28 Jul 2026 18:29:19 IST] [INFO] Dirty rectangle empty
[Tue, 28 Jul 2026 18:29:19 IST] [INFO] ========== Capture Tick ==========
[Tue, 28 Jul 2026 18:29:19 IST] [INFO] Current timestamp: 2026-07-28 18:29:19.6599252 +0530 IST m=+47.508640201
[Tue, 28 Jul 2026 18:29:19 IST] [INFO] HWND: 3935346
[Tue, 28 Jul 2026 18:29:19 IST] [INFO] FindWindowByPID() succeeded: true
[Tue, 28 Jul 2026 18:29:19 IST] [INFO] Process is still alive: true
[Tue, 28 Jul 2026 18:29:19 IST] [INFO] CaptureWindow entered
[Tue, 28 Jul 2026 18:29:19 IST] [INFO] HWND: 3935346
[Tue, 28 Jul 2026 18:29:19 IST] [INFO] Width: 1024, Height: 768
[Tue, 28 Jul 2026 18:29:19 IST] [INFO] GetWindowDC succeeded: true
[Tue, 28 Jul 2026 18:29:19 IST] [INFO] CreateCompatibleDC succeeded: true
[Tue, 28 Jul 2026 18:29:19 IST] [INFO] CreateCompatibleBitmap succeeded: true
[Tue, 28 Jul 2026 18:29:19 IST] [INFO] SelectObject succeeded: true
[Tue, 28 Jul 2026 18:29:19 IST] [INFO] PrintWindow return value: 1
[Tue, 28 Jul 2026 18:29:19 IST] [INFO] Fallback PrintWindow() is executed: false
[Tue, 28 Jul 2026 18:29:19 IST] [INFO] GetDIBits return value: 768
[Tue, 28 Jul 2026 18:29:19 IST] [INFO] Number of scanlines copied: 768
[Tue, 28 Jul 2026 18:29:19 IST] [INFO] GetDIBits Width: 1024
[Tue, 28 Jul 2026 18:29:19 IST] [INFO] GetDIBits Height: 768
[Tue, 28 Jul 2026 18:29:19 IST] [INFO] Bitmap format: BI_RGB (32-bit)
[Tue, 28 Jul 2026 18:29:19 IST] [INFO] Non-black pixels: 488109
[Tue, 28 Jul 2026 18:29:19 IST] [INFO] Transparent pixels: 0
[Tue, 28 Jul 2026 18:29:19 IST] [INFO] Opaque pixels: 786432
[Tue, 28 Jul 2026 18:29:19 IST] [INFO] Dirty rectangle empty
[Tue, 28 Jul 2026 18:29:19 IST] [INFO] ========== Capture Tick ==========
[Tue, 28 Jul 2026 18:29:19 IST] [INFO] Current timestamp: 2026-07-28 18:29:19.7597406 +0530 IST m=+47.608455601
[Tue, 28 Jul 2026 18:29:19 IST] [INFO] HWND: 3935346
[Tue, 28 Jul 2026 18:29:19 IST] [INFO] FindWindowByPID() succeeded: true
[Tue, 28 Jul 2026 18:29:19 IST] [INFO] Process is still alive: true
[Tue, 28 Jul 2026 18:29:19 IST] [INFO] CaptureWindow entered
[Tue, 28 Jul 2026 18:29:19 IST] [INFO] HWND: 3935346
[Tue, 28 Jul 2026 18:29:19 IST] [INFO] Width: 1024, Height: 768
[Tue, 28 Jul 2026 18:29:19 IST] [INFO] GetWindowDC succeeded: true
[Tue, 28 Jul 2026 18:29:19 IST] [INFO] CreateCompatibleDC succeeded: true
[Tue, 28 Jul 2026 18:29:19 IST] [INFO] CreateCompatibleBitmap succeeded: true
[Tue, 28 Jul 2026 18:29:19 IST] [INFO] SelectObject succeeded: true
[Tue, 28 Jul 2026 18:29:19 IST] [INFO] PrintWindow return value: 1
[Tue, 28 Jul 2026 18:29:19 IST] [INFO] Fallback PrintWindow() is executed: false
[Tue, 28 Jul 2026 18:29:19 IST] [INFO] GetDIBits return value: 768
[Tue, 28 Jul 2026 18:29:19 IST] [INFO] Number of scanlines copied: 768
[Tue, 28 Jul 2026 18:29:19 IST] [INFO] GetDIBits Width: 1024
[Tue, 28 Jul 2026 18:29:19 IST] [INFO] GetDIBits Height: 768
[Tue, 28 Jul 2026 18:29:19 IST] [INFO] Bitmap format: BI_RGB (32-bit)
[Tue, 28 Jul 2026 18:29:19 IST] [INFO] Non-black pixels: 488109
[Tue, 28 Jul 2026 18:29:19 IST] [INFO] Transparent pixels: 0
[Tue, 28 Jul 2026 18:29:19 IST] [INFO] Opaque pixels: 786432
[Tue, 28 Jul 2026 18:29:19 IST] [INFO] Dirty rectangle empty
[Tue, 28 Jul 2026 18:29:19 IST] [INFO] ========== Capture Tick ==========
[Tue, 28 Jul 2026 18:29:19 IST] [INFO] Current timestamp: 2026-07-28 18:29:19.8598184 +0530 IST m=+47.708533401
[Tue, 28 Jul 2026 18:29:19 IST] [INFO] HWND: 3935346
[Tue, 28 Jul 2026 18:29:19 IST] [INFO] FindWindowByPID() succeeded: true
[Tue, 28 Jul 2026 18:29:19 IST] [INFO] Process is still alive: true
[Tue, 28 Jul 2026 18:29:19 IST] [INFO] CaptureWindow entered
[Tue, 28 Jul 2026 18:29:19 IST] [INFO] HWND: 3935346
[Tue, 28 Jul 2026 18:29:19 IST] [INFO] Width: 1024, Height: 768
[Tue, 28 Jul 2026 18:29:19 IST] [INFO] GetWindowDC succeeded: true
[Tue, 28 Jul 2026 18:29:19 IST] [INFO] CreateCompatibleDC succeeded: true
[Tue, 28 Jul 2026 18:29:19 IST] [INFO] CreateCompatibleBitmap succeeded: true
[Tue, 28 Jul 2026 18:29:19 IST] [INFO] SelectObject succeeded: true
[Tue, 28 Jul 2026 18:29:19 IST] [INFO] PrintWindow return value: 1
[Tue, 28 Jul 2026 18:29:19 IST] [INFO] Fallback PrintWindow() is executed: false
[Tue, 28 Jul 2026 18:29:19 IST] [INFO] GetDIBits return value: 768
[Tue, 28 Jul 2026 18:29:19 IST] [INFO] Number of scanlines copied: 768
[Tue, 28 Jul 2026 18:29:19 IST] [INFO] GetDIBits Width: 1024
[Tue, 28 Jul 2026 18:29:19 IST] [INFO] GetDIBits Height: 768
[Tue, 28 Jul 2026 18:29:19 IST] [INFO] Bitmap format: BI_RGB (32-bit)
[Tue, 28 Jul 2026 18:29:19 IST] [INFO] Non-black pixels: 488109
[Tue, 28 Jul 2026 18:29:19 IST] [INFO] Transparent pixels: 0
[Tue, 28 Jul 2026 18:29:19 IST] [INFO] Opaque pixels: 786432
[Tue, 28 Jul 2026 18:29:19 IST] [INFO] Dirty rectangle empty
[Tue, 28 Jul 2026 18:29:19 IST] [INFO] ========== Capture Tick ==========
[Tue, 28 Jul 2026 18:29:19 IST] [INFO] Current timestamp: 2026-07-28 18:29:19.9608445 +0530 IST m=+47.809559501
[Tue, 28 Jul 2026 18:29:19 IST] [INFO] HWND: 3935346
[Tue, 28 Jul 2026 18:29:19 IST] [INFO] FindWindowByPID() succeeded: true
[Tue, 28 Jul 2026 18:29:19 IST] [INFO] Process is still alive: true
[Tue, 28 Jul 2026 18:29:19 IST] [INFO] CaptureWindow entered
[Tue, 28 Jul 2026 18:29:19 IST] [INFO] HWND: 3935346
[Tue, 28 Jul 2026 18:29:19 IST] [INFO] Width: 1024, Height: 768
[Tue, 28 Jul 2026 18:29:19 IST] [INFO] GetWindowDC succeeded: true
[Tue, 28 Jul 2026 18:29:19 IST] [INFO] CreateCompatibleDC succeeded: true
[Tue, 28 Jul 2026 18:29:19 IST] [INFO] CreateCompatibleBitmap succeeded: true
[Tue, 28 Jul 2026 18:29:19 IST] [INFO] SelectObject succeeded: true
[Tue, 28 Jul 2026 18:29:19 IST] [INFO] PrintWindow return value: 1
[Tue, 28 Jul 2026 18:29:19 IST] [INFO] Fallback PrintWindow() is executed: false
[Tue, 28 Jul 2026 18:29:19 IST] [INFO] GetDIBits return value: 768
[Tue, 28 Jul 2026 18:29:19 IST] [INFO] Number of scanlines copied: 768
[Tue, 28 Jul 2026 18:29:19 IST] [INFO] GetDIBits Width: 1024
[Tue, 28 Jul 2026 18:29:19 IST] [INFO] GetDIBits Height: 768
[Tue, 28 Jul 2026 18:29:19 IST] [INFO] Bitmap format: BI_RGB (32-bit)
[Tue, 28 Jul 2026 18:29:19 IST] [INFO] Non-black pixels: 488109
[Tue, 28 Jul 2026 18:29:19 IST] [INFO] Transparent pixels: 0
[Tue, 28 Jul 2026 18:29:19 IST] [INFO] Opaque pixels: 786432
[Tue, 28 Jul 2026 18:29:20 IST] [INFO] Dirty rectangle empty
[Tue, 28 Jul 2026 18:29:20 IST] [INFO] ========== Capture Tick ==========
[Tue, 28 Jul 2026 18:29:20 IST] [INFO] Current timestamp: 2026-07-28 18:29:20.060069 +0530 IST m=+47.908784001
[Tue, 28 Jul 2026 18:29:20 IST] [INFO] HWND: 3935346
[Tue, 28 Jul 2026 18:29:20 IST] [INFO] FindWindowByPID() succeeded: true
[Tue, 28 Jul 2026 18:29:20 IST] [INFO] Process is still alive: true
[Tue, 28 Jul 2026 18:29:20 IST] [INFO] CaptureWindow entered
[Tue, 28 Jul 2026 18:29:20 IST] [INFO] HWND: 3935346
[Tue, 28 Jul 2026 18:29:20 IST] [INFO] Width: 1024, Height: 768
[Tue, 28 Jul 2026 18:29:20 IST] [INFO] GetWindowDC succeeded: true
[Tue, 28 Jul 2026 18:29:20 IST] [INFO] CreateCompatibleDC succeeded: true
[Tue, 28 Jul 2026 18:29:20 IST] [INFO] CreateCompatibleBitmap succeeded: true
[Tue, 28 Jul 2026 18:29:20 IST] [INFO] SelectObject succeeded: true
[Tue, 28 Jul 2026 18:29:20 IST] [INFO] PrintWindow return value: 1
[Tue, 28 Jul 2026 18:29:20 IST] [INFO] Fallback PrintWindow() is executed: false
[Tue, 28 Jul 2026 18:29:20 IST] [INFO] GetDIBits return value: 768
[Tue, 28 Jul 2026 18:29:20 IST] [INFO] Number of scanlines copied: 768
[Tue, 28 Jul 2026 18:29:20 IST] [INFO] GetDIBits Width: 1024
[Tue, 28 Jul 2026 18:29:20 IST] [INFO] GetDIBits Height: 768
[Tue, 28 Jul 2026 18:29:20 IST] [INFO] Bitmap format: BI_RGB (32-bit)
[Tue, 28 Jul 2026 18:29:20 IST] [INFO] Non-black pixels: 488109
[Tue, 28 Jul 2026 18:29:20 IST] [INFO] Transparent pixels: 0
[Tue, 28 Jul 2026 18:29:20 IST] [INFO] Opaque pixels: 786432
[Tue, 28 Jul 2026 18:29:20 IST] [INFO] Dirty rectangle empty
[Tue, 28 Jul 2026 18:29:20 IST] [INFO] ========== Capture Tick ==========
[Tue, 28 Jul 2026 18:29:20 IST] [INFO] Current timestamp: 2026-07-28 18:29:20.1599164 +0530 IST m=+48.008631401
[Tue, 28 Jul 2026 18:29:20 IST] [INFO] HWND: 3935346
[Tue, 28 Jul 2026 18:29:20 IST] [INFO] FindWindowByPID() succeeded: true
[Tue, 28 Jul 2026 18:29:20 IST] [INFO] Process is still alive: true
[Tue, 28 Jul 2026 18:29:20 IST] [INFO] CaptureWindow entered
[Tue, 28 Jul 2026 18:29:20 IST] [INFO] HWND: 3935346
[Tue, 28 Jul 2026 18:29:20 IST] [INFO] Width: 1024, Height: 768
[Tue, 28 Jul 2026 18:29:20 IST] [INFO] GetWindowDC succeeded: true
[Tue, 28 Jul 2026 18:29:20 IST] [INFO] CreateCompatibleDC succeeded: true
[Tue, 28 Jul 2026 18:29:20 IST] [INFO] CreateCompatibleBitmap succeeded: true
[Tue, 28 Jul 2026 18:29:20 IST] [INFO] SelectObject succeeded: true
[Tue, 28 Jul 2026 18:29:20 IST] [INFO] PrintWindow return value: 1
[Tue, 28 Jul 2026 18:29:20 IST] [INFO] Fallback PrintWindow() is executed: false
[Tue, 28 Jul 2026 18:29:20 IST] [INFO] GetDIBits return value: 768
[Tue, 28 Jul 2026 18:29:20 IST] [INFO] Number of scanlines copied: 768
[Tue, 28 Jul 2026 18:29:20 IST] [INFO] GetDIBits Width: 1024
[Tue, 28 Jul 2026 18:29:20 IST] [INFO] GetDIBits Height: 768
[Tue, 28 Jul 2026 18:29:20 IST] [INFO] Bitmap format: BI_RGB (32-bit)
[Tue, 28 Jul 2026 18:29:20 IST] [INFO] Non-black pixels: 488109
[Tue, 28 Jul 2026 18:29:20 IST] [INFO] Transparent pixels: 0
[Tue, 28 Jul 2026 18:29:20 IST] [INFO] Opaque pixels: 786432
[Tue, 28 Jul 2026 18:29:20 IST] [INFO] Dirty rectangle coordinates: (0,0)-(1024,31)
[Tue, 28 Jul 2026 18:29:20 IST] [INFO] Width: 1024
[Tue, 28 Jul 2026 18:29:20 IST] [INFO] Height: 31
[Tue, 28 Jul 2026 18:29:20 IST] [INFO] PNG encoding started
[Tue, 28 Jul 2026 18:29:20 IST] [INFO] PNG encoding finished
[Tue, 28 Jul 2026 18:29:20 IST] [INFO] PNG byte size: 2277
[Tue, 28 Jul 2026 18:29:20 IST] [INFO] Base64 byte size: 3036
[Tue, 28 Jul 2026 18:29:20 IST] [INFO] TX img: Stream ID: 10, Timestamp: 2026-07-28 18:29:20.2079442 +0530 IST m=+48.056659201
[Tue, 28 Jul 2026 18:29:20 IST] [INFO] Queue length: 0
[Tue, 28 Jul 2026 18:29:20 IST] [INFO] Whether send blocks: yes, if queue is full
[Tue, 28 Jul 2026 18:29:20 IST] [INFO] Whether send succeeds: true (queued)
[Tue, 28 Jul 2026 18:29:20 IST] [INFO] TX blob: Stream ID: 10, Blob size: 3036, Timestamp: 2026-07-28 18:29:20.2079442 +0530 IST m=+48.056659201
[Tue, 28 Jul 2026 18:29:20 IST] [INFO] Queue length: 0
[Tue, 28 Jul 2026 18:29:20 IST] [INFO] Whether send blocks: yes, if queue is full
[Tue, 28 Jul 2026 18:29:20 IST] [INFO] Whether send succeeds: true (queued)
[Tue, 28 Jul 2026 18:29:20 IST] [INFO] TX end: Stream ID: 10, Timestamp: 2026-07-28 18:29:20.2079442 +0530 IST m=+48.056659201
[Tue, 28 Jul 2026 18:29:20 IST] [INFO] Queue length: 1
[Tue, 28 Jul 2026 18:29:20 IST] [INFO] Whether send blocks: yes, if queue is full
[Tue, 28 Jul 2026 18:29:20 IST] [INFO] Whether send succeeds: true (queued)
[Tue, 28 Jul 2026 18:29:20 IST] [INFO] TX sync: Timestamp: 2026-07-28 18:29:20.2079442 +0530 IST m=+48.056659201
[Tue, 28 Jul 2026 18:29:20 IST] [INFO] Queue length: 2
[Tue, 28 Jul 2026 18:29:20 IST] [INFO] Whether send blocks: yes, if queue is full
[Tue, 28 Jul 2026 18:29:20 IST] [INFO] Whether send succeeds: true (queued)
[Tue, 28 Jul 2026 18:29:20 IST] [INFO] ========== Capture Tick ==========
[Tue, 28 Jul 2026 18:29:20 IST] [INFO] Current timestamp: 2026-07-28 18:29:20.2601856 +0530 IST m=+48.108900601
[Tue, 28 Jul 2026 18:29:20 IST] [INFO] HWND: 3935346
[Tue, 28 Jul 2026 18:29:20 IST] [INFO] FindWindowByPID() succeeded: true
[Tue, 28 Jul 2026 18:29:20 IST] [INFO] Process is still alive: true
[Tue, 28 Jul 2026 18:29:20 IST] [INFO] CaptureWindow entered
[Tue, 28 Jul 2026 18:29:20 IST] [INFO] HWND: 3935346
[Tue, 28 Jul 2026 18:29:20 IST] [INFO] Width: 1024, Height: 768
[Tue, 28 Jul 2026 18:29:20 IST] [INFO] GetWindowDC succeeded: true
[Tue, 28 Jul 2026 18:29:20 IST] [INFO] CreateCompatibleDC succeeded: true
[Tue, 28 Jul 2026 18:29:20 IST] [INFO] CreateCompatibleBitmap succeeded: true
[Tue, 28 Jul 2026 18:29:20 IST] [INFO] SelectObject succeeded: true
[Tue, 28 Jul 2026 18:29:20 IST] [INFO] PrintWindow return value: 1
[Tue, 28 Jul 2026 18:29:20 IST] [INFO] Fallback PrintWindow() is executed: false
[Tue, 28 Jul 2026 18:29:20 IST] [INFO] GetDIBits return value: 768
[Tue, 28 Jul 2026 18:29:20 IST] [INFO] Number of scanlines copied: 768
[Tue, 28 Jul 2026 18:29:20 IST] [INFO] GetDIBits Width: 1024
[Tue, 28 Jul 2026 18:29:20 IST] [INFO] GetDIBits Height: 768
[Tue, 28 Jul 2026 18:29:20 IST] [INFO] Bitmap format: BI_RGB (32-bit)
[Tue, 28 Jul 2026 18:29:20 IST] [INFO] Non-black pixels: 488109
[Tue, 28 Jul 2026 18:29:20 IST] [INFO] Transparent pixels: 0
[Tue, 28 Jul 2026 18:29:20 IST] [INFO] Opaque pixels: 786432
[Tue, 28 Jul 2026 18:29:20 IST] [INFO] Dirty rectangle coordinates: (0,0)-(1024,31)
[Tue, 28 Jul 2026 18:29:20 IST] [INFO] Width: 1024
[Tue, 28 Jul 2026 18:29:20 IST] [INFO] Height: 31
[Tue, 28 Jul 2026 18:29:20 IST] [INFO] PNG encoding started
[Tue, 28 Jul 2026 18:29:20 IST] [INFO] PNG encoding finished
[Tue, 28 Jul 2026 18:29:20 IST] [INFO] PNG byte size: 2475
[Tue, 28 Jul 2026 18:29:20 IST] [INFO] Base64 byte size: 3300
[Tue, 28 Jul 2026 18:29:20 IST] [INFO] TX img: Stream ID: 11, Timestamp: 2026-07-28 18:29:20.3096373 +0530 IST m=+48.158352301
[Tue, 28 Jul 2026 18:29:20 IST] [INFO] Queue length: 0
[Tue, 28 Jul 2026 18:29:20 IST] [INFO] Whether send blocks: yes, if queue is full
[Tue, 28 Jul 2026 18:29:20 IST] [INFO] Whether send succeeds: true (queued)
[Tue, 28 Jul 2026 18:29:20 IST] [INFO] TX blob: Stream ID: 11, Blob size: 3300, Timestamp: 2026-07-28 18:29:20.3096373 +0530 IST m=+48.158352301
[Tue, 28 Jul 2026 18:29:20 IST] [INFO] Queue length: 0
[Tue, 28 Jul 2026 18:29:20 IST] [INFO] Whether send blocks: yes, if queue is full
[Tue, 28 Jul 2026 18:29:20 IST] [INFO] Whether send succeeds: true (queued)
[Tue, 28 Jul 2026 18:29:20 IST] [INFO] TX end: Stream ID: 11, Timestamp: 2026-07-28 18:29:20.3096373 +0530 IST m=+48.158352301
[Tue, 28 Jul 2026 18:29:20 IST] [INFO] Queue length: 1
[Tue, 28 Jul 2026 18:29:20 IST] [INFO] Whether send blocks: yes, if queue is full
[Tue, 28 Jul 2026 18:29:20 IST] [INFO] Whether send succeeds: true (queued)
[Tue, 28 Jul 2026 18:29:20 IST] [INFO] TX sync: Timestamp: 2026-07-28 18:29:20.3096373 +0530 IST m=+48.158352301
[Tue, 28 Jul 2026 18:29:20 IST] [INFO] Queue length: 2
[Tue, 28 Jul 2026 18:29:20 IST] [INFO] Whether send blocks: yes, if queue is full
[Tue, 28 Jul 2026 18:29:20 IST] [INFO] Whether send succeeds: true (queued)
[Tue, 28 Jul 2026 18:29:20 IST] [INFO] ========== Capture Tick ==========
[Tue, 28 Jul 2026 18:29:20 IST] [INFO] Current timestamp: 2026-07-28 18:29:20.3600446 +0530 IST m=+48.208759601
[Tue, 28 Jul 2026 18:29:20 IST] [INFO] HWND: 3935346
[Tue, 28 Jul 2026 18:29:20 IST] [INFO] FindWindowByPID() succeeded: true
[Tue, 28 Jul 2026 18:29:20 IST] [INFO] Process is still alive: true
[Tue, 28 Jul 2026 18:29:20 IST] [INFO] CaptureWindow entered
[Tue, 28 Jul 2026 18:29:20 IST] [INFO] HWND: 3935346
[Tue, 28 Jul 2026 18:29:20 IST] [INFO] Width: 1024, Height: 768
[Tue, 28 Jul 2026 18:29:20 IST] [INFO] GetWindowDC succeeded: true
[Tue, 28 Jul 2026 18:29:20 IST] [INFO] CreateCompatibleDC succeeded: true
[Tue, 28 Jul 2026 18:29:20 IST] [INFO] CreateCompatibleBitmap succeeded: true
[Tue, 28 Jul 2026 18:29:20 IST] [INFO] SelectObject succeeded: true
[Tue, 28 Jul 2026 18:29:20 IST] [INFO] PrintWindow return value: 1
[Tue, 28 Jul 2026 18:29:20 IST] [INFO] Fallback PrintWindow() is executed: false
[Tue, 28 Jul 2026 18:29:20 IST] [INFO] GetDIBits return value: 768
[Tue, 28 Jul 2026 18:29:20 IST] [INFO] Number of scanlines copied: 768
[Tue, 28 Jul 2026 18:29:20 IST] [INFO] GetDIBits Width: 1024
[Tue, 28 Jul 2026 18:29:20 IST] [INFO] GetDIBits Height: 768
[Tue, 28 Jul 2026 18:29:20 IST] [INFO] Bitmap format: BI_RGB (32-bit)
[Tue, 28 Jul 2026 18:29:20 IST] [INFO] Non-black pixels: 488109
[Tue, 28 Jul 2026 18:29:20 IST] [INFO] Transparent pixels: 0
[Tue, 28 Jul 2026 18:29:20 IST] [INFO] Opaque pixels: 786432
[Tue, 28 Jul 2026 18:29:20 IST] [INFO] Dirty rectangle coordinates: (0,0)-(1024,31)
[Tue, 28 Jul 2026 18:29:20 IST] [INFO] Width: 1024
[Tue, 28 Jul 2026 18:29:20 IST] [INFO] Height: 31
[Tue, 28 Jul 2026 18:29:20 IST] [INFO] PNG encoding started
[Tue, 28 Jul 2026 18:29:20 IST] [INFO] PNG encoding finished
[Tue, 28 Jul 2026 18:29:20 IST] [INFO] PNG byte size: 1964
[Tue, 28 Jul 2026 18:29:20 IST] [INFO] Base64 byte size: 2620
[Tue, 28 Jul 2026 18:29:20 IST] [INFO] TX img: Stream ID: 12, Timestamp: 2026-07-28 18:29:20.3990491 +0530 IST m=+48.247764101
[Tue, 28 Jul 2026 18:29:20 IST] [INFO] Queue length: 0
[Tue, 28 Jul 2026 18:29:20 IST] [INFO] Whether send blocks: yes, if queue is full
[Tue, 28 Jul 2026 18:29:20 IST] [INFO] Whether send succeeds: true (queued)
[Tue, 28 Jul 2026 18:29:20 IST] [INFO] TX blob: Stream ID: 12, Blob size: 2620, Timestamp: 2026-07-28 18:29:20.3996005 +0530 IST m=+48.248315501
[Tue, 28 Jul 2026 18:29:20 IST] [INFO] Queue length: 0
[Tue, 28 Jul 2026 18:29:20 IST] [INFO] Whether send blocks: yes, if queue is full
[Tue, 28 Jul 2026 18:29:20 IST] [INFO] Whether send succeeds: true (queued)
[Tue, 28 Jul 2026 18:29:20 IST] [INFO] TX end: Stream ID: 12, Timestamp: 2026-07-28 18:29:20.3996005 +0530 IST m=+48.248315501
[Tue, 28 Jul 2026 18:29:20 IST] [INFO] Queue length: 1
[Tue, 28 Jul 2026 18:29:20 IST] [INFO] Whether send blocks: yes, if queue is full
[Tue, 28 Jul 2026 18:29:20 IST] [INFO] Whether send succeeds: true (queued)
[Tue, 28 Jul 2026 18:29:20 IST] [INFO] TX sync: Timestamp: 2026-07-28 18:29:20.3996005 +0530 IST m=+48.248315501
[Tue, 28 Jul 2026 18:29:20 IST] [INFO] Queue length: 2
[Tue, 28 Jul 2026 18:29:20 IST] [INFO] Whether send blocks: yes, if queue is full
[Tue, 28 Jul 2026 18:29:20 IST] [INFO] Whether send succeeds: true (queued)
[Tue, 28 Jul 2026 18:29:20 IST] [INFO] ========== Capture Tick ==========
[Tue, 28 Jul 2026 18:29:20 IST] [INFO] Current timestamp: 2026-07-28 18:29:20.4598434 +0530 IST m=+48.308558401
[Tue, 28 Jul 2026 18:29:20 IST] [INFO] HWND: 3935346
[Tue, 28 Jul 2026 18:29:20 IST] [INFO] FindWindowByPID() succeeded: true
[Tue, 28 Jul 2026 18:29:20 IST] [INFO] Process is still alive: true
[Tue, 28 Jul 2026 18:29:20 IST] [INFO] CaptureWindow entered
[Tue, 28 Jul 2026 18:29:20 IST] [INFO] HWND: 3935346
[Tue, 28 Jul 2026 18:29:20 IST] [INFO] Width: 1024, Height: 768
[Tue, 28 Jul 2026 18:29:20 IST] [INFO] GetWindowDC succeeded: true
[Tue, 28 Jul 2026 18:29:20 IST] [INFO] CreateCompatibleDC succeeded: true
[Tue, 28 Jul 2026 18:29:20 IST] [INFO] CreateCompatibleBitmap succeeded: true
[Tue, 28 Jul 2026 18:29:20 IST] [INFO] SelectObject succeeded: true
[Tue, 28 Jul 2026 18:29:20 IST] [INFO] PrintWindow return value: 1
[Tue, 28 Jul 2026 18:29:20 IST] [INFO] Fallback PrintWindow() is executed: false
[Tue, 28 Jul 2026 18:29:20 IST] [INFO] GetDIBits return value: 768
[Tue, 28 Jul 2026 18:29:20 IST] [INFO] Number of scanlines copied: 768
[Tue, 28 Jul 2026 18:29:20 IST] [INFO] GetDIBits Width: 1024
[Tue, 28 Jul 2026 18:29:20 IST] [INFO] GetDIBits Height: 768
[Tue, 28 Jul 2026 18:29:20 IST] [INFO] Bitmap format: BI_RGB (32-bit)
[Tue, 28 Jul 2026 18:29:20 IST] [INFO] Non-black pixels: 488109
[Tue, 28 Jul 2026 18:29:20 IST] [INFO] Transparent pixels: 0
[Tue, 28 Jul 2026 18:29:20 IST] [INFO] Opaque pixels: 786432
[Tue, 28 Jul 2026 18:29:20 IST] [INFO] Dirty rectangle empty
[Tue, 28 Jul 2026 18:29:20 IST] [INFO] ========== Capture Tick ==========
[Tue, 28 Jul 2026 18:29:20 IST] [INFO] Current timestamp: 2026-07-28 18:29:20.5599427 +0530 IST m=+48.408657701
[Tue, 28 Jul 2026 18:29:20 IST] [INFO] HWND: 3935346
[Tue, 28 Jul 2026 18:29:20 IST] [INFO] FindWindowByPID() succeeded: true
[Tue, 28 Jul 2026 18:29:20 IST] [INFO] Process is still alive: true
[Tue, 28 Jul 2026 18:29:20 IST] [INFO] CaptureWindow entered
[Tue, 28 Jul 2026 18:29:20 IST] [INFO] HWND: 3935346
[Tue, 28 Jul 2026 18:29:20 IST] [INFO] Width: 1024, Height: 768
[Tue, 28 Jul 2026 18:29:20 IST] [INFO] GetWindowDC succeeded: true
[Tue, 28 Jul 2026 18:29:20 IST] [INFO] CreateCompatibleDC succeeded: true
[Tue, 28 Jul 2026 18:29:20 IST] [INFO] CreateCompatibleBitmap succeeded: true
[Tue, 28 Jul 2026 18:29:20 IST] [INFO] SelectObject succeeded: true
[Tue, 28 Jul 2026 18:29:20 IST] [INFO] PrintWindow return value: 1
[Tue, 28 Jul 2026 18:29:20 IST] [INFO] Fallback PrintWindow() is executed: false
[Tue, 28 Jul 2026 18:29:20 IST] [INFO] GetDIBits return value: 768
[Tue, 28 Jul 2026 18:29:20 IST] [INFO] Number of scanlines copied: 768
[Tue, 28 Jul 2026 18:29:20 IST] [INFO] GetDIBits Width: 1024
[Tue, 28 Jul 2026 18:29:20 IST] [INFO] GetDIBits Height: 768
[Tue, 28 Jul 2026 18:29:20 IST] [INFO] Bitmap format: BI_RGB (32-bit)
[Tue, 28 Jul 2026 18:29:20 IST] [INFO] Non-black pixels: 488109
[Tue, 28 Jul 2026 18:29:20 IST] [INFO] Transparent pixels: 0
[Tue, 28 Jul 2026 18:29:20 IST] [INFO] Opaque pixels: 786432
[Tue, 28 Jul 2026 18:29:20 IST] [INFO] Dirty rectangle empty
[Tue, 28 Jul 2026 18:29:20 IST] [INFO] ========== Capture Tick ==========
[Tue, 28 Jul 2026 18:29:20 IST] [INFO] Current timestamp: 2026-07-28 18:29:20.6600516 +0530 IST m=+48.508766601
[Tue, 28 Jul 2026 18:29:20 IST] [INFO] HWND: 3935346
[Tue, 28 Jul 2026 18:29:20 IST] [INFO] FindWindowByPID() succeeded: true
[Tue, 28 Jul 2026 18:29:20 IST] [INFO] Process is still alive: true
[Tue, 28 Jul 2026 18:29:20 IST] [INFO] CaptureWindow entered
[Tue, 28 Jul 2026 18:29:20 IST] [INFO] HWND: 3935346
[Tue, 28 Jul 2026 18:29:20 IST] [INFO] Width: 1024, Height: 768
[Tue, 28 Jul 2026 18:29:20 IST] [INFO] GetWindowDC succeeded: true
[Tue, 28 Jul 2026 18:29:20 IST] [INFO] CreateCompatibleDC succeeded: true
[Tue, 28 Jul 2026 18:29:20 IST] [INFO] CreateCompatibleBitmap succeeded: true
[Tue, 28 Jul 2026 18:29:20 IST] [INFO] SelectObject succeeded: true
[Tue, 28 Jul 2026 18:29:20 IST] [INFO] PrintWindow return value: 1
[Tue, 28 Jul 2026 18:29:20 IST] [INFO] Fallback PrintWindow() is executed: false
[Tue, 28 Jul 2026 18:29:20 IST] [INFO] GetDIBits return value: 768
[Tue, 28 Jul 2026 18:29:20 IST] [INFO] Number of scanlines copied: 768
[Tue, 28 Jul 2026 18:29:20 IST] [INFO] GetDIBits Width: 1024
[Tue, 28 Jul 2026 18:29:20 IST] [INFO] GetDIBits Height: 768
[Tue, 28 Jul 2026 18:29:20 IST] [INFO] Bitmap format: BI_RGB (32-bit)
[Tue, 28 Jul 2026 18:29:20 IST] [INFO] Non-black pixels: 488109
[Tue, 28 Jul 2026 18:29:20 IST] [INFO] Transparent pixels: 0
[Tue, 28 Jul 2026 18:29:20 IST] [INFO] Opaque pixels: 786432
[Tue, 28 Jul 2026 18:29:20 IST] [INFO] Dirty rectangle empty
[Tue, 28 Jul 2026 18:29:20 IST] [INFO] ========== Capture Tick ==========
[Tue, 28 Jul 2026 18:29:20 IST] [INFO] Current timestamp: 2026-07-28 18:29:20.7607449 +0530 IST m=+48.609459901
[Tue, 28 Jul 2026 18:29:20 IST] [INFO] HWND: 3935346
[Tue, 28 Jul 2026 18:29:20 IST] [INFO] FindWindowByPID() succeeded: true
[Tue, 28 Jul 2026 18:29:20 IST] [INFO] Process is still alive: true
[Tue, 28 Jul 2026 18:29:20 IST] [INFO] CaptureWindow entered
[Tue, 28 Jul 2026 18:29:20 IST] [INFO] HWND: 3935346
[Tue, 28 Jul 2026 18:29:20 IST] [INFO] Width: 1024, Height: 768
[Tue, 28 Jul 2026 18:29:20 IST] [INFO] GetWindowDC succeeded: true
[Tue, 28 Jul 2026 18:29:20 IST] [INFO] CreateCompatibleDC succeeded: true
[Tue, 28 Jul 2026 18:29:20 IST] [INFO] CreateCompatibleBitmap succeeded: true
[Tue, 28 Jul 2026 18:29:20 IST] [INFO] SelectObject succeeded: true
[Tue, 28 Jul 2026 18:29:20 IST] [INFO] PrintWindow return value: 1
[Tue, 28 Jul 2026 18:29:20 IST] [INFO] Fallback PrintWindow() is executed: false
[Tue, 28 Jul 2026 18:29:20 IST] [INFO] GetDIBits return value: 768
[Tue, 28 Jul 2026 18:29:20 IST] [INFO] Number of scanlines copied: 768
[Tue, 28 Jul 2026 18:29:20 IST] [INFO] GetDIBits Width: 1024
[Tue, 28 Jul 2026 18:29:20 IST] [INFO] GetDIBits Height: 768
[Tue, 28 Jul 2026 18:29:20 IST] [INFO] Bitmap format: BI_RGB (32-bit)
[Tue, 28 Jul 2026 18:29:20 IST] [INFO] Non-black pixels: 488109
[Tue, 28 Jul 2026 18:29:20 IST] [INFO] Transparent pixels: 0
[Tue, 28 Jul 2026 18:29:20 IST] [INFO] Opaque pixels: 786432
[Tue, 28 Jul 2026 18:29:20 IST] [INFO] Dirty rectangle empty
[Tue, 28 Jul 2026 18:29:20 IST] [INFO] ========== Capture Tick ==========
[Tue, 28 Jul 2026 18:29:20 IST] [INFO] Current timestamp: 2026-07-28 18:29:20.8598986 +0530 IST m=+48.708613601
[Tue, 28 Jul 2026 18:29:20 IST] [INFO] HWND: 3935346
[Tue, 28 Jul 2026 18:29:20 IST] [INFO] FindWindowByPID() succeeded: true
[Tue, 28 Jul 2026 18:29:20 IST] [INFO] Process is still alive: true
[Tue, 28 Jul 2026 18:29:20 IST] [INFO] CaptureWindow entered
[Tue, 28 Jul 2026 18:29:20 IST] [INFO] HWND: 3935346
[Tue, 28 Jul 2026 18:29:20 IST] [INFO] Width: 1024, Height: 768
[Tue, 28 Jul 2026 18:29:20 IST] [INFO] GetWindowDC succeeded: true
[Tue, 28 Jul 2026 18:29:20 IST] [INFO] CreateCompatibleDC succeeded: true
[Tue, 28 Jul 2026 18:29:20 IST] [INFO] CreateCompatibleBitmap succeeded: true
[Tue, 28 Jul 2026 18:29:20 IST] [INFO] SelectObject succeeded: true
[Tue, 28 Jul 2026 18:29:20 IST] [INFO] PrintWindow return value: 1
[Tue, 28 Jul 2026 18:29:20 IST] [INFO] Fallback PrintWindow() is executed: false
[Tue, 28 Jul 2026 18:29:20 IST] [INFO] GetDIBits return value: 768
[Tue, 28 Jul 2026 18:29:20 IST] [INFO] Number of scanlines copied: 768
[Tue, 28 Jul 2026 18:29:20 IST] [INFO] GetDIBits Width: 1024
[Tue, 28 Jul 2026 18:29:20 IST] [INFO] GetDIBits Height: 768
[Tue, 28 Jul 2026 18:29:20 IST] [INFO] Bitmap format: BI_RGB (32-bit)
[Tue, 28 Jul 2026 18:29:20 IST] [INFO] Non-black pixels: 488109
[Tue, 28 Jul 2026 18:29:20 IST] [INFO] Transparent pixels: 0
[Tue, 28 Jul 2026 18:29:20 IST] [INFO] Opaque pixels: 786432
[Tue, 28 Jul 2026 18:29:20 IST] [INFO] Dirty rectangle empty
[Tue, 28 Jul 2026 18:29:20 IST] [INFO] ========== Capture Tick ==========
[Tue, 28 Jul 2026 18:29:20 IST] [INFO] Current timestamp: 2026-07-28 18:29:20.9602436 +0530 IST m=+48.808958601
[Tue, 28 Jul 2026 18:29:20 IST] [INFO] HWND: 3935346
[Tue, 28 Jul 2026 18:29:20 IST] [INFO] FindWindowByPID() succeeded: true
[Tue, 28 Jul 2026 18:29:20 IST] [INFO] Process is still alive: true
[Tue, 28 Jul 2026 18:29:20 IST] [INFO] CaptureWindow entered
[Tue, 28 Jul 2026 18:29:20 IST] [INFO] HWND: 3935346
[Tue, 28 Jul 2026 18:29:20 IST] [INFO] Width: 1024, Height: 768
[Tue, 28 Jul 2026 18:29:20 IST] [INFO] GetWindowDC succeeded: true
[Tue, 28 Jul 2026 18:29:20 IST] [INFO] CreateCompatibleDC succeeded: true
[Tue, 28 Jul 2026 18:29:20 IST] [INFO] CreateCompatibleBitmap succeeded: true
[Tue, 28 Jul 2026 18:29:20 IST] [INFO] SelectObject succeeded: true
[Tue, 28 Jul 2026 18:29:20 IST] [INFO] PrintWindow return value: 1
[Tue, 28 Jul 2026 18:29:20 IST] [INFO] Fallback PrintWindow() is executed: false
[Tue, 28 Jul 2026 18:29:20 IST] [INFO] GetDIBits return value: 768
[Tue, 28 Jul 2026 18:29:20 IST] [INFO] Number of scanlines copied: 768
[Tue, 28 Jul 2026 18:29:20 IST] [INFO] GetDIBits Width: 1024
[Tue, 28 Jul 2026 18:29:20 IST] [INFO] GetDIBits Height: 768
[Tue, 28 Jul 2026 18:29:20 IST] [INFO] Bitmap format: BI_RGB (32-bit)
[Tue, 28 Jul 2026 18:29:20 IST] [INFO] Non-black pixels: 488109
[Tue, 28 Jul 2026 18:29:20 IST] [INFO] Transparent pixels: 0
[Tue, 28 Jul 2026 18:29:20 IST] [INFO] Opaque pixels: 786432
[Tue, 28 Jul 2026 18:29:20 IST] [INFO] Dirty rectangle empty
[Tue, 28 Jul 2026 18:29:21 IST] [INFO] ========== Capture Tick ==========
[Tue, 28 Jul 2026 18:29:21 IST] [INFO] Current timestamp: 2026-07-28 18:29:21.0603015 +0530 IST m=+48.909016501
[Tue, 28 Jul 2026 18:29:21 IST] [INFO] HWND: 3935346
[Tue, 28 Jul 2026 18:29:21 IST] [INFO] FindWindowByPID() succeeded: true
[Tue, 28 Jul 2026 18:29:21 IST] [INFO] Process is still alive: true
[Tue, 28 Jul 2026 18:29:21 IST] [INFO] CaptureWindow entered
[Tue, 28 Jul 2026 18:29:21 IST] [INFO] HWND: 3935346
[Tue, 28 Jul 2026 18:29:21 IST] [INFO] Width: 1024, Height: 768
[Tue, 28 Jul 2026 18:29:21 IST] [INFO] GetWindowDC succeeded: true
[Tue, 28 Jul 2026 18:29:21 IST] [INFO] CreateCompatibleDC succeeded: true
[Tue, 28 Jul 2026 18:29:21 IST] [INFO] CreateCompatibleBitmap succeeded: true
[Tue, 28 Jul 2026 18:29:21 IST] [INFO] SelectObject succeeded: true
[Tue, 28 Jul 2026 18:29:21 IST] [INFO] PrintWindow return value: 1
[Tue, 28 Jul 2026 18:29:21 IST] [INFO] Fallback PrintWindow() is executed: false
[Tue, 28 Jul 2026 18:29:21 IST] [INFO] GetDIBits return value: 768
[Tue, 28 Jul 2026 18:29:21 IST] [INFO] Number of scanlines copied: 768
[Tue, 28 Jul 2026 18:29:21 IST] [INFO] GetDIBits Width: 1024
[Tue, 28 Jul 2026 18:29:21 IST] [INFO] GetDIBits Height: 768
[Tue, 28 Jul 2026 18:29:21 IST] [INFO] Bitmap format: BI_RGB (32-bit)
[Tue, 28 Jul 2026 18:29:21 IST] [INFO] Non-black pixels: 488109
[Tue, 28 Jul 2026 18:29:21 IST] [INFO] Transparent pixels: 0
[Tue, 28 Jul 2026 18:29:21 IST] [INFO] Opaque pixels: 786432
[Tue, 28 Jul 2026 18:29:21 IST] [INFO] Dirty rectangle empty
[Tue, 28 Jul 2026 18:29:21 IST] [INFO] ========== Capture Tick ==========
[Tue, 28 Jul 2026 18:29:21 IST] [INFO] Current timestamp: 2026-07-28 18:29:21.1600069 +0530 IST m=+49.008721901
[Tue, 28 Jul 2026 18:29:21 IST] [INFO] HWND: 3935346
[Tue, 28 Jul 2026 18:29:21 IST] [INFO] FindWindowByPID() succeeded: true
[Tue, 28 Jul 2026 18:29:21 IST] [INFO] Process is still alive: true
[Tue, 28 Jul 2026 18:29:21 IST] [INFO] CaptureWindow entered
[Tue, 28 Jul 2026 18:29:21 IST] [INFO] HWND: 3935346
[Tue, 28 Jul 2026 18:29:21 IST] [INFO] Width: 1024, Height: 768
[Tue, 28 Jul 2026 18:29:21 IST] [INFO] GetWindowDC succeeded: true
[Tue, 28 Jul 2026 18:29:21 IST] [INFO] CreateCompatibleDC succeeded: true
[Tue, 28 Jul 2026 18:29:21 IST] [INFO] CreateCompatibleBitmap succeeded: true
[Tue, 28 Jul 2026 18:29:21 IST] [INFO] SelectObject succeeded: true
[Tue, 28 Jul 2026 18:29:21 IST] [INFO] PrintWindow return value: 1
[Tue, 28 Jul 2026 18:29:21 IST] [INFO] Fallback PrintWindow() is executed: false
[Tue, 28 Jul 2026 18:29:21 IST] [INFO] GetDIBits return value: 768
[Tue, 28 Jul 2026 18:29:21 IST] [INFO] Number of scanlines copied: 768
[Tue, 28 Jul 2026 18:29:21 IST] [INFO] GetDIBits Width: 1024
[Tue, 28 Jul 2026 18:29:21 IST] [INFO] GetDIBits Height: 768
[Tue, 28 Jul 2026 18:29:21 IST] [INFO] Bitmap format: BI_RGB (32-bit)
[Tue, 28 Jul 2026 18:29:21 IST] [INFO] Non-black pixels: 488109
[Tue, 28 Jul 2026 18:29:21 IST] [INFO] Transparent pixels: 0
[Tue, 28 Jul 2026 18:29:21 IST] [INFO] Opaque pixels: 786432
[Tue, 28 Jul 2026 18:29:21 IST] [INFO] Dirty rectangle empty
[Tue, 28 Jul 2026 18:29:21 IST] [INFO] ========== Capture Tick ==========
[Tue, 28 Jul 2026 18:29:21 IST] [INFO] Current timestamp: 2026-07-28 18:29:21.2598359 +0530 IST m=+49.108550901
[Tue, 28 Jul 2026 18:29:21 IST] [INFO] HWND: 3935346
[Tue, 28 Jul 2026 18:29:21 IST] [INFO] FindWindowByPID() succeeded: true
[Tue, 28 Jul 2026 18:29:21 IST] [INFO] Process is still alive: true
[Tue, 28 Jul 2026 18:29:21 IST] [INFO] CaptureWindow entered
[Tue, 28 Jul 2026 18:29:21 IST] [INFO] HWND: 3935346
[Tue, 28 Jul 2026 18:29:21 IST] [INFO] Width: 1024, Height: 768
[Tue, 28 Jul 2026 18:29:21 IST] [INFO] GetWindowDC succeeded: true
[Tue, 28 Jul 2026 18:29:21 IST] [INFO] CreateCompatibleDC succeeded: true
[Tue, 28 Jul 2026 18:29:21 IST] [INFO] CreateCompatibleBitmap succeeded: true
[Tue, 28 Jul 2026 18:29:21 IST] [INFO] SelectObject succeeded: true
[Tue, 28 Jul 2026 18:29:21 IST] [INFO] PrintWindow return value: 1
[Tue, 28 Jul 2026 18:29:21 IST] [INFO] Fallback PrintWindow() is executed: false
[Tue, 28 Jul 2026 18:29:21 IST] [INFO] GetDIBits return value: 768
[Tue, 28 Jul 2026 18:29:21 IST] [INFO] Number of scanlines copied: 768
[Tue, 28 Jul 2026 18:29:21 IST] [INFO] GetDIBits Width: 1024
[Tue, 28 Jul 2026 18:29:21 IST] [INFO] GetDIBits Height: 768
[Tue, 28 Jul 2026 18:29:21 IST] [INFO] Bitmap format: BI_RGB (32-bit)
[Tue, 28 Jul 2026 18:29:21 IST] [INFO] Non-black pixels: 488109
[Tue, 28 Jul 2026 18:29:21 IST] [INFO] Transparent pixels: 0
[Tue, 28 Jul 2026 18:29:21 IST] [INFO] Opaque pixels: 786432
[Tue, 28 Jul 2026 18:29:21 IST] [INFO] Dirty rectangle empty
[Tue, 28 Jul 2026 18:29:21 IST] [INFO] ========== Capture Tick ==========
[Tue, 28 Jul 2026 18:29:21 IST] [INFO] Current timestamp: 2026-07-28 18:29:21.3600521 +0530 IST m=+49.208767101
[Tue, 28 Jul 2026 18:29:21 IST] [INFO] HWND: 3935346
[Tue, 28 Jul 2026 18:29:21 IST] [INFO] FindWindowByPID() succeeded: true
[Tue, 28 Jul 2026 18:29:21 IST] [INFO] Process is still alive: true
[Tue, 28 Jul 2026 18:29:21 IST] [INFO] CaptureWindow entered
[Tue, 28 Jul 2026 18:29:21 IST] [INFO] HWND: 3935346
[Tue, 28 Jul 2026 18:29:21 IST] [INFO] Width: 1024, Height: 768
[Tue, 28 Jul 2026 18:29:21 IST] [INFO] GetWindowDC succeeded: true
[Tue, 28 Jul 2026 18:29:21 IST] [INFO] CreateCompatibleDC succeeded: true
[Tue, 28 Jul 2026 18:29:21 IST] [INFO] CreateCompatibleBitmap succeeded: true
[Tue, 28 Jul 2026 18:29:21 IST] [INFO] SelectObject succeeded: true
[Tue, 28 Jul 2026 18:29:21 IST] [INFO] PrintWindow return value: 1
[Tue, 28 Jul 2026 18:29:21 IST] [INFO] Fallback PrintWindow() is executed: false
[Tue, 28 Jul 2026 18:29:21 IST] [INFO] GetDIBits return value: 768
[Tue, 28 Jul 2026 18:29:21 IST] [INFO] Number of scanlines copied: 768
[Tue, 28 Jul 2026 18:29:21 IST] [INFO] GetDIBits Width: 1024
[Tue, 28 Jul 2026 18:29:21 IST] [INFO] GetDIBits Height: 768
[Tue, 28 Jul 2026 18:29:21 IST] [INFO] Bitmap format: BI_RGB (32-bit)
[Tue, 28 Jul 2026 18:29:21 IST] [INFO] Non-black pixels: 488109
[Tue, 28 Jul 2026 18:29:21 IST] [INFO] Transparent pixels: 0
[Tue, 28 Jul 2026 18:29:21 IST] [INFO] Opaque pixels: 786432
[Tue, 28 Jul 2026 18:29:21 IST] [INFO] Dirty rectangle empty
[Tue, 28 Jul 2026 18:29:21 IST] [INFO] ========== Capture Tick ==========
[Tue, 28 Jul 2026 18:29:21 IST] [INFO] Current timestamp: 2026-07-28 18:29:21.4602309 +0530 IST m=+49.308945901
[Tue, 28 Jul 2026 18:29:21 IST] [INFO] HWND: 3935346
[Tue, 28 Jul 2026 18:29:21 IST] [INFO] FindWindowByPID() succeeded: true
[Tue, 28 Jul 2026 18:29:21 IST] [INFO] Process is still alive: true
[Tue, 28 Jul 2026 18:29:21 IST] [INFO] CaptureWindow entered
[Tue, 28 Jul 2026 18:29:21 IST] [INFO] HWND: 3935346
[Tue, 28 Jul 2026 18:29:21 IST] [INFO] Width: 1024, Height: 768
[Tue, 28 Jul 2026 18:29:21 IST] [INFO] GetWindowDC succeeded: true
[Tue, 28 Jul 2026 18:29:21 IST] [INFO] CreateCompatibleDC succeeded: true
[Tue, 28 Jul 2026 18:29:21 IST] [INFO] CreateCompatibleBitmap succeeded: true
[Tue, 28 Jul 2026 18:29:21 IST] [INFO] SelectObject succeeded: true
[Tue, 28 Jul 2026 18:29:21 IST] [INFO] PrintWindow return value: 1
[Tue, 28 Jul 2026 18:29:21 IST] [INFO] Fallback PrintWindow() is executed: false
[Tue, 28 Jul 2026 18:29:21 IST] [INFO] GetDIBits return value: 768
[Tue, 28 Jul 2026 18:29:21 IST] [INFO] Number of scanlines copied: 768
[Tue, 28 Jul 2026 18:29:21 IST] [INFO] GetDIBits Width: 1024
[Tue, 28 Jul 2026 18:29:21 IST] [INFO] GetDIBits Height: 768
[Tue, 28 Jul 2026 18:29:21 IST] [INFO] Bitmap format: BI_RGB (32-bit)
[Tue, 28 Jul 2026 18:29:21 IST] [INFO] Non-black pixels: 488109
[Tue, 28 Jul 2026 18:29:21 IST] [INFO] Transparent pixels: 0
[Tue, 28 Jul 2026 18:29:21 IST] [INFO] Opaque pixels: 786432
[Tue, 28 Jul 2026 18:29:21 IST] [INFO] Dirty rectangle empty
[Tue, 28 Jul 2026 18:29:21 IST] [INFO] ========== Capture Tick ==========
[Tue, 28 Jul 2026 18:29:21 IST] [INFO] Current timestamp: 2026-07-28 18:29:21.5599586 +0530 IST m=+49.408673601
[Tue, 28 Jul 2026 18:29:21 IST] [INFO] HWND: 3935346
[Tue, 28 Jul 2026 18:29:21 IST] [INFO] FindWindowByPID() succeeded: true
[Tue, 28 Jul 2026 18:29:21 IST] [INFO] Process is still alive: true
[Tue, 28 Jul 2026 18:29:21 IST] [INFO] CaptureWindow entered
[Tue, 28 Jul 2026 18:29:21 IST] [INFO] HWND: 3935346
[Tue, 28 Jul 2026 18:29:21 IST] [INFO] Width: 1024, Height: 768
[Tue, 28 Jul 2026 18:29:21 IST] [INFO] GetWindowDC succeeded: true
[Tue, 28 Jul 2026 18:29:21 IST] [INFO] CreateCompatibleDC succeeded: true
[Tue, 28 Jul 2026 18:29:21 IST] [INFO] CreateCompatibleBitmap succeeded: true
[Tue, 28 Jul 2026 18:29:21 IST] [INFO] SelectObject succeeded: true
[Tue, 28 Jul 2026 18:29:21 IST] [INFO] PrintWindow return value: 1
[Tue, 28 Jul 2026 18:29:21 IST] [INFO] Fallback PrintWindow() is executed: false
[Tue, 28 Jul 2026 18:29:21 IST] [INFO] GetDIBits return value: 768
[Tue, 28 Jul 2026 18:29:21 IST] [INFO] Number of scanlines copied: 768
[Tue, 28 Jul 2026 18:29:21 IST] [INFO] GetDIBits Width: 1024
[Tue, 28 Jul 2026 18:29:21 IST] [INFO] GetDIBits Height: 768
[Tue, 28 Jul 2026 18:29:21 IST] [INFO] Bitmap format: BI_RGB (32-bit)
[Tue, 28 Jul 2026 18:29:21 IST] [INFO] Non-black pixels: 488109
[Tue, 28 Jul 2026 18:29:21 IST] [INFO] Transparent pixels: 0
[Tue, 28 Jul 2026 18:29:21 IST] [INFO] Opaque pixels: 786432
[Tue, 28 Jul 2026 18:29:21 IST] [INFO] Dirty rectangle empty
[Tue, 28 Jul 2026 18:29:21 IST] [INFO] ========== Capture Tick ==========
[Tue, 28 Jul 2026 18:29:21 IST] [INFO] Current timestamp: 2026-07-28 18:29:21.6603789 +0530 IST m=+49.509093901
[Tue, 28 Jul 2026 18:29:21 IST] [INFO] HWND: 3935346
[Tue, 28 Jul 2026 18:29:21 IST] [INFO] FindWindowByPID() succeeded: true
[Tue, 28 Jul 2026 18:29:21 IST] [INFO] Process is still alive: true
[Tue, 28 Jul 2026 18:29:21 IST] [INFO] CaptureWindow entered
[Tue, 28 Jul 2026 18:29:21 IST] [INFO] HWND: 3935346
[Tue, 28 Jul 2026 18:29:21 IST] [INFO] Width: 1024, Height: 768
[Tue, 28 Jul 2026 18:29:21 IST] [INFO] GetWindowDC succeeded: true
[Tue, 28 Jul 2026 18:29:21 IST] [INFO] CreateCompatibleDC succeeded: true
[Tue, 28 Jul 2026 18:29:21 IST] [INFO] CreateCompatibleBitmap succeeded: true
[Tue, 28 Jul 2026 18:29:21 IST] [INFO] SelectObject succeeded: true
[Tue, 28 Jul 2026 18:29:21 IST] [INFO] PrintWindow return value: 1
[Tue, 28 Jul 2026 18:29:21 IST] [INFO] Fallback PrintWindow() is executed: false
[Tue, 28 Jul 2026 18:29:21 IST] [INFO] GetDIBits return value: 768
[Tue, 28 Jul 2026 18:29:21 IST] [INFO] Number of scanlines copied: 768
[Tue, 28 Jul 2026 18:29:21 IST] [INFO] GetDIBits Width: 1024
[Tue, 28 Jul 2026 18:29:21 IST] [INFO] GetDIBits Height: 768
[Tue, 28 Jul 2026 18:29:21 IST] [INFO] Bitmap format: BI_RGB (32-bit)
[Tue, 28 Jul 2026 18:29:21 IST] [INFO] Non-black pixels: 488109
[Tue, 28 Jul 2026 18:29:21 IST] [INFO] Transparent pixels: 0
[Tue, 28 Jul 2026 18:29:21 IST] [INFO] Opaque pixels: 786432
[Tue, 28 Jul 2026 18:29:21 IST] [INFO] Dirty rectangle empty
[Tue, 28 Jul 2026 18:29:21 IST] [INFO] ========== Capture Tick ==========
[Tue, 28 Jul 2026 18:29:21 IST] [INFO] Current timestamp: 2026-07-28 18:29:21.7603917 +0530 IST m=+49.609106701
[Tue, 28 Jul 2026 18:29:21 IST] [INFO] HWND: 3935346
[Tue, 28 Jul 2026 18:29:21 IST] [INFO] FindWindowByPID() succeeded: true
[Tue, 28 Jul 2026 18:29:21 IST] [INFO] Process is still alive: true
[Tue, 28 Jul 2026 18:29:21 IST] [INFO] CaptureWindow entered
[Tue, 28 Jul 2026 18:29:21 IST] [INFO] HWND: 3935346
[Tue, 28 Jul 2026 18:29:21 IST] [INFO] Width: 1024, Height: 768
[Tue, 28 Jul 2026 18:29:21 IST] [INFO] GetWindowDC succeeded: true
[Tue, 28 Jul 2026 18:29:21 IST] [INFO] CreateCompatibleDC succeeded: true
[Tue, 28 Jul 2026 18:29:21 IST] [INFO] CreateCompatibleBitmap succeeded: true
[Tue, 28 Jul 2026 18:29:21 IST] [INFO] SelectObject succeeded: true
[Tue, 28 Jul 2026 18:29:21 IST] [INFO] PrintWindow return value: 1
[Tue, 28 Jul 2026 18:29:21 IST] [INFO] Fallback PrintWindow() is executed: false
[Tue, 28 Jul 2026 18:29:21 IST] [INFO] GetDIBits return value: 768
[Tue, 28 Jul 2026 18:29:21 IST] [INFO] Number of scanlines copied: 768
[Tue, 28 Jul 2026 18:29:21 IST] [INFO] GetDIBits Width: 1024
[Tue, 28 Jul 2026 18:29:21 IST] [INFO] GetDIBits Height: 768
[Tue, 28 Jul 2026 18:29:21 IST] [INFO] Bitmap format: BI_RGB (32-bit)
[Tue, 28 Jul 2026 18:29:21 IST] [INFO] Non-black pixels: 488109
[Tue, 28 Jul 2026 18:29:21 IST] [INFO] Transparent pixels: 0
[Tue, 28 Jul 2026 18:29:21 IST] [INFO] Opaque pixels: 786432
[Tue, 28 Jul 2026 18:29:21 IST] [INFO] Dirty rectangle empty
[Tue, 28 Jul 2026 18:29:21 IST] [INFO] ========== Capture Tick ==========
[Tue, 28 Jul 2026 18:29:21 IST] [INFO] Current timestamp: 2026-07-28 18:29:21.8598627 +0530 IST m=+49.708577701
[Tue, 28 Jul 2026 18:29:21 IST] [INFO] HWND: 3935346
[Tue, 28 Jul 2026 18:29:21 IST] [INFO] FindWindowByPID() succeeded: true
[Tue, 28 Jul 2026 18:29:21 IST] [INFO] Process is still alive: true
[Tue, 28 Jul 2026 18:29:21 IST] [INFO] CaptureWindow entered
[Tue, 28 Jul 2026 18:29:21 IST] [INFO] HWND: 3935346
[Tue, 28 Jul 2026 18:29:21 IST] [INFO] Width: 1024, Height: 768
[Tue, 28 Jul 2026 18:29:21 IST] [INFO] GetWindowDC succeeded: true
[Tue, 28 Jul 2026 18:29:21 IST] [INFO] CreateCompatibleDC succeeded: true
[Tue, 28 Jul 2026 18:29:21 IST] [INFO] CreateCompatibleBitmap succeeded: true
[Tue, 28 Jul 2026 18:29:21 IST] [INFO] SelectObject succeeded: true
[Tue, 28 Jul 2026 18:29:21 IST] [INFO] PrintWindow return value: 1
[Tue, 28 Jul 2026 18:29:21 IST] [INFO] Fallback PrintWindow() is executed: false
[Tue, 28 Jul 2026 18:29:21 IST] [INFO] GetDIBits return value: 768
[Tue, 28 Jul 2026 18:29:21 IST] [INFO] Number of scanlines copied: 768
[Tue, 28 Jul 2026 18:29:21 IST] [INFO] GetDIBits Width: 1024
[Tue, 28 Jul 2026 18:29:21 IST] [INFO] GetDIBits Height: 768
[Tue, 28 Jul 2026 18:29:21 IST] [INFO] Bitmap format: BI_RGB (32-bit)
[Tue, 28 Jul 2026 18:29:21 IST] [INFO] Non-black pixels: 488109
[Tue, 28 Jul 2026 18:29:21 IST] [INFO] Transparent pixels: 0
[Tue, 28 Jul 2026 18:29:21 IST] [INFO] Opaque pixels: 786432
[Tue, 28 Jul 2026 18:29:21 IST] [INFO] Dirty rectangle empty
[Tue, 28 Jul 2026 18:29:21 IST] [INFO] ========== Capture Tick ==========
[Tue, 28 Jul 2026 18:29:21 IST] [INFO] Current timestamp: 2026-07-28 18:29:21.960202 +0530 IST m=+49.808917001
[Tue, 28 Jul 2026 18:29:21 IST] [INFO] HWND: 3935346
[Tue, 28 Jul 2026 18:29:21 IST] [INFO] FindWindowByPID() succeeded: true
[Tue, 28 Jul 2026 18:29:21 IST] [INFO] Process is still alive: true
[Tue, 28 Jul 2026 18:29:21 IST] [INFO] CaptureWindow entered
[Tue, 28 Jul 2026 18:29:21 IST] [INFO] HWND: 3935346
[Tue, 28 Jul 2026 18:29:21 IST] [INFO] Width: 1024, Height: 768
[Tue, 28 Jul 2026 18:29:21 IST] [INFO] GetWindowDC succeeded: true
[Tue, 28 Jul 2026 18:29:21 IST] [INFO] CreateCompatibleDC succeeded: true
[Tue, 28 Jul 2026 18:29:21 IST] [INFO] CreateCompatibleBitmap succeeded: true
[Tue, 28 Jul 2026 18:29:21 IST] [INFO] SelectObject succeeded: true
[Tue, 28 Jul 2026 18:29:21 IST] [INFO] PrintWindow return value: 1
[Tue, 28 Jul 2026 18:29:21 IST] [INFO] Fallback PrintWindow() is executed: false
[Tue, 28 Jul 2026 18:29:21 IST] [INFO] GetDIBits return value: 768
[Tue, 28 Jul 2026 18:29:21 IST] [INFO] Number of scanlines copied: 768
[Tue, 28 Jul 2026 18:29:21 IST] [INFO] GetDIBits Width: 1024
[Tue, 28 Jul 2026 18:29:21 IST] [INFO] GetDIBits Height: 768
[Tue, 28 Jul 2026 18:29:21 IST] [INFO] Bitmap format: BI_RGB (32-bit)
[Tue, 28 Jul 2026 18:29:21 IST] [INFO] Non-black pixels: 488109
[Tue, 28 Jul 2026 18:29:21 IST] [INFO] Transparent pixels: 0
[Tue, 28 Jul 2026 18:29:21 IST] [INFO] Opaque pixels: 786432
[Tue, 28 Jul 2026 18:29:22 IST] [INFO] Dirty rectangle empty
[Tue, 28 Jul 2026 18:29:22 IST] [INFO] ========== Capture Tick ==========
[Tue, 28 Jul 2026 18:29:22 IST] [INFO] Current timestamp: 2026-07-28 18:29:22.0602132 +0530 IST m=+49.908928201
[Tue, 28 Jul 2026 18:29:22 IST] [INFO] HWND: 3935346
[Tue, 28 Jul 2026 18:29:22 IST] [INFO] FindWindowByPID() succeeded: true
[Tue, 28 Jul 2026 18:29:22 IST] [INFO] Process is still alive: true
[Tue, 28 Jul 2026 18:29:22 IST] [INFO] CaptureWindow entered
[Tue, 28 Jul 2026 18:29:22 IST] [INFO] HWND: 3935346
[Tue, 28 Jul 2026 18:29:22 IST] [INFO] Width: 1024, Height: 768
[Tue, 28 Jul 2026 18:29:22 IST] [INFO] GetWindowDC succeeded: true
[Tue, 28 Jul 2026 18:29:22 IST] [INFO] CreateCompatibleDC succeeded: true
[Tue, 28 Jul 2026 18:29:22 IST] [INFO] CreateCompatibleBitmap succeeded: true
[Tue, 28 Jul 2026 18:29:22 IST] [INFO] SelectObject succeeded: true
[Tue, 28 Jul 2026 18:29:22 IST] [INFO] PrintWindow return value: 1
[Tue, 28 Jul 2026 18:29:22 IST] [INFO] Fallback PrintWindow() is executed: false
[Tue, 28 Jul 2026 18:29:22 IST] [INFO] GetDIBits return value: 768
[Tue, 28 Jul 2026 18:29:22 IST] [INFO] Number of scanlines copied: 768
[Tue, 28 Jul 2026 18:29:22 IST] [INFO] GetDIBits Width: 1024
[Tue, 28 Jul 2026 18:29:22 IST] [INFO] GetDIBits Height: 768
[Tue, 28 Jul 2026 18:29:22 IST] [INFO] Bitmap format: BI_RGB (32-bit)
[Tue, 28 Jul 2026 18:29:22 IST] [INFO] Non-black pixels: 488109
[Tue, 28 Jul 2026 18:29:22 IST] [INFO] Transparent pixels: 0
[Tue, 28 Jul 2026 18:29:22 IST] [INFO] Opaque pixels: 786432
[Tue, 28 Jul 2026 18:29:22 IST] [INFO] Dirty rectangle empty
[Tue, 28 Jul 2026 18:29:22 IST] [INFO] ========== Capture Tick ==========
[Tue, 28 Jul 2026 18:29:22 IST] [INFO] Current timestamp: 2026-07-28 18:29:22.1600337 +0530 IST m=+50.008748701
[Tue, 28 Jul 2026 18:29:22 IST] [INFO] HWND: 3935346
[Tue, 28 Jul 2026 18:29:22 IST] [INFO] FindWindowByPID() succeeded: true
[Tue, 28 Jul 2026 18:29:22 IST] [INFO] Process is still alive: true
[Tue, 28 Jul 2026 18:29:22 IST] [INFO] CaptureWindow entered
[Tue, 28 Jul 2026 18:29:22 IST] [INFO] HWND: 3935346
[Tue, 28 Jul 2026 18:29:22 IST] [INFO] Width: 1024, Height: 768
[Tue, 28 Jul 2026 18:29:22 IST] [INFO] GetWindowDC succeeded: true
[Tue, 28 Jul 2026 18:29:22 IST] [INFO] CreateCompatibleDC succeeded: true
[Tue, 28 Jul 2026 18:29:22 IST] [INFO] CreateCompatibleBitmap succeeded: true
[Tue, 28 Jul 2026 18:29:22 IST] [INFO] SelectObject succeeded: true
[Tue, 28 Jul 2026 18:29:22 IST] [INFO] PrintWindow return value: 1
[Tue, 28 Jul 2026 18:29:22 IST] [INFO] Fallback PrintWindow() is executed: false
[Tue, 28 Jul 2026 18:29:22 IST] [INFO] GetDIBits return value: 768
[Tue, 28 Jul 2026 18:29:22 IST] [INFO] Number of scanlines copied: 768
[Tue, 28 Jul 2026 18:29:22 IST] [INFO] GetDIBits Width: 1024
[Tue, 28 Jul 2026 18:29:22 IST] [INFO] GetDIBits Height: 768
[Tue, 28 Jul 2026 18:29:22 IST] [INFO] Bitmap format: BI_RGB (32-bit)
[Tue, 28 Jul 2026 18:29:22 IST] [INFO] Non-black pixels: 488109
[Tue, 28 Jul 2026 18:29:22 IST] [INFO] Transparent pixels: 0
[Tue, 28 Jul 2026 18:29:22 IST] [INFO] Opaque pixels: 786432
[Tue, 28 Jul 2026 18:29:22 IST] [INFO] Dirty rectangle empty
[Tue, 28 Jul 2026 18:29:22 IST] [INFO] ========== Capture Tick ==========
[Tue, 28 Jul 2026 18:29:22 IST] [INFO] Current timestamp: 2026-07-28 18:29:22.2599811 +0530 IST m=+50.108696101
[Tue, 28 Jul 2026 18:29:22 IST] [INFO] HWND: 3935346
[Tue, 28 Jul 2026 18:29:22 IST] [INFO] FindWindowByPID() succeeded: true
[Tue, 28 Jul 2026 18:29:22 IST] [INFO] Process is still alive: true
[Tue, 28 Jul 2026 18:29:22 IST] [INFO] CaptureWindow entered
[Tue, 28 Jul 2026 18:29:22 IST] [INFO] HWND: 3935346
[Tue, 28 Jul 2026 18:29:22 IST] [INFO] Width: 1024, Height: 768
[Tue, 28 Jul 2026 18:29:22 IST] [INFO] GetWindowDC succeeded: true
[Tue, 28 Jul 2026 18:29:22 IST] [INFO] CreateCompatibleDC succeeded: true
[Tue, 28 Jul 2026 18:29:22 IST] [INFO] CreateCompatibleBitmap succeeded: true
[Tue, 28 Jul 2026 18:29:22 IST] [INFO] SelectObject succeeded: true
[Tue, 28 Jul 2026 18:29:22 IST] [INFO] PrintWindow return value: 1
[Tue, 28 Jul 2026 18:29:22 IST] [INFO] Fallback PrintWindow() is executed: false
[Tue, 28 Jul 2026 18:29:22 IST] [INFO] GetDIBits return value: 768
[Tue, 28 Jul 2026 18:29:22 IST] [INFO] Number of scanlines copied: 768
[Tue, 28 Jul 2026 18:29:22 IST] [INFO] GetDIBits Width: 1024
[Tue, 28 Jul 2026 18:29:22 IST] [INFO] GetDIBits Height: 768
[Tue, 28 Jul 2026 18:29:22 IST] [INFO] Bitmap format: BI_RGB (32-bit)
[Tue, 28 Jul 2026 18:29:22 IST] [INFO] Non-black pixels: 488109
[Tue, 28 Jul 2026 18:29:22 IST] [INFO] Transparent pixels: 0
[Tue, 28 Jul 2026 18:29:22 IST] [INFO] Opaque pixels: 786432
[Tue, 28 Jul 2026 18:29:22 IST] [INFO] Dirty rectangle empty
[Tue, 28 Jul 2026 18:29:22 IST] [INFO] ========== Capture Tick ==========
[Tue, 28 Jul 2026 18:29:22 IST] [INFO] Current timestamp: 2026-07-28 18:29:22.3598812 +0530 IST m=+50.208596201
[Tue, 28 Jul 2026 18:29:22 IST] [INFO] HWND: 3935346
[Tue, 28 Jul 2026 18:29:22 IST] [INFO] FindWindowByPID() succeeded: true
[Tue, 28 Jul 2026 18:29:22 IST] [INFO] Process is still alive: true
[Tue, 28 Jul 2026 18:29:22 IST] [INFO] CaptureWindow entered
[Tue, 28 Jul 2026 18:29:22 IST] [INFO] HWND: 3935346
[Tue, 28 Jul 2026 18:29:22 IST] [INFO] Width: 1024, Height: 768
[Tue, 28 Jul 2026 18:29:22 IST] [INFO] GetWindowDC succeeded: true
[Tue, 28 Jul 2026 18:29:22 IST] [INFO] CreateCompatibleDC succeeded: true
[Tue, 28 Jul 2026 18:29:22 IST] [INFO] CreateCompatibleBitmap succeeded: true
[Tue, 28 Jul 2026 18:29:22 IST] [INFO] SelectObject succeeded: true
[Tue, 28 Jul 2026 18:29:22 IST] [INFO] PrintWindow return value: 1
[Tue, 28 Jul 2026 18:29:22 IST] [INFO] Fallback PrintWindow() is executed: false
[Tue, 28 Jul 2026 18:29:22 IST] [INFO] GetDIBits return value: 768
[Tue, 28 Jul 2026 18:29:22 IST] [INFO] Number of scanlines copied: 768
[Tue, 28 Jul 2026 18:29:22 IST] [INFO] GetDIBits Width: 1024
[Tue, 28 Jul 2026 18:29:22 IST] [INFO] GetDIBits Height: 768
[Tue, 28 Jul 2026 18:29:22 IST] [INFO] Bitmap format: BI_RGB (32-bit)
[Tue, 28 Jul 2026 18:29:22 IST] [INFO] Non-black pixels: 488109
[Tue, 28 Jul 2026 18:29:22 IST] [INFO] Transparent pixels: 0
[Tue, 28 Jul 2026 18:29:22 IST] [INFO] Opaque pixels: 786432
[Tue, 28 Jul 2026 18:29:22 IST] [INFO] Dirty rectangle empty
[Tue, 28 Jul 2026 18:29:22 IST] [INFO] ========== Capture Tick ==========
[Tue, 28 Jul 2026 18:29:22 IST] [INFO] Current timestamp: 2026-07-28 18:29:22.4600464 +0530 IST m=+50.308761401
[Tue, 28 Jul 2026 18:29:22 IST] [INFO] HWND: 3935346
[Tue, 28 Jul 2026 18:29:22 IST] [INFO] FindWindowByPID() succeeded: true
[Tue, 28 Jul 2026 18:29:22 IST] [INFO] Process is still alive: true
[Tue, 28 Jul 2026 18:29:22 IST] [INFO] CaptureWindow entered
[Tue, 28 Jul 2026 18:29:22 IST] [INFO] HWND: 3935346
[Tue, 28 Jul 2026 18:29:22 IST] [INFO] Width: 1024, Height: 768
[Tue, 28 Jul 2026 18:29:22 IST] [INFO] GetWindowDC succeeded: true
[Tue, 28 Jul 2026 18:29:22 IST] [INFO] CreateCompatibleDC succeeded: true
[Tue, 28 Jul 2026 18:29:22 IST] [INFO] CreateCompatibleBitmap succeeded: true
[Tue, 28 Jul 2026 18:29:22 IST] [INFO] SelectObject succeeded: true
[Tue, 28 Jul 2026 18:29:22 IST] [INFO] PrintWindow return value: 1
[Tue, 28 Jul 2026 18:29:22 IST] [INFO] Fallback PrintWindow() is executed: false
[Tue, 28 Jul 2026 18:29:22 IST] [INFO] GetDIBits return value: 768
[Tue, 28 Jul 2026 18:29:22 IST] [INFO] Number of scanlines copied: 768
[Tue, 28 Jul 2026 18:29:22 IST] [INFO] GetDIBits Width: 1024
[Tue, 28 Jul 2026 18:29:22 IST] [INFO] GetDIBits Height: 768
[Tue, 28 Jul 2026 18:29:22 IST] [INFO] Bitmap format: BI_RGB (32-bit)
[Tue, 28 Jul 2026 18:29:22 IST] [INFO] Non-black pixels: 488109
[Tue, 28 Jul 2026 18:29:22 IST] [INFO] Transparent pixels: 0
[Tue, 28 Jul 2026 18:29:22 IST] [INFO] Opaque pixels: 786432
[Tue, 28 Jul 2026 18:29:22 IST] [INFO] Dirty rectangle empty
[Tue, 28 Jul 2026 18:29:22 IST] [INFO] ========== Capture Tick ==========
[Tue, 28 Jul 2026 18:29:22 IST] [INFO] Current timestamp: 2026-07-28 18:29:22.5599953 +0530 IST m=+50.408710301
[Tue, 28 Jul 2026 18:29:22 IST] [INFO] HWND: 3935346
[Tue, 28 Jul 2026 18:29:22 IST] [INFO] FindWindowByPID() succeeded: true
[Tue, 28 Jul 2026 18:29:22 IST] [INFO] Process is still alive: true
[Tue, 28 Jul 2026 18:29:22 IST] [INFO] CaptureWindow entered
[Tue, 28 Jul 2026 18:29:22 IST] [INFO] HWND: 3935346
[Tue, 28 Jul 2026 18:29:22 IST] [INFO] Width: 1024, Height: 768
[Tue, 28 Jul 2026 18:29:22 IST] [INFO] GetWindowDC succeeded: true
[Tue, 28 Jul 2026 18:29:22 IST] [INFO] CreateCompatibleDC succeeded: true
[Tue, 28 Jul 2026 18:29:22 IST] [INFO] CreateCompatibleBitmap succeeded: true
[Tue, 28 Jul 2026 18:29:22 IST] [INFO] SelectObject succeeded: true
[Tue, 28 Jul 2026 18:29:22 IST] [INFO] PrintWindow return value: 1
[Tue, 28 Jul 2026 18:29:22 IST] [INFO] Fallback PrintWindow() is executed: false
[Tue, 28 Jul 2026 18:29:22 IST] [INFO] GetDIBits return value: 768
[Tue, 28 Jul 2026 18:29:22 IST] [INFO] Number of scanlines copied: 768
[Tue, 28 Jul 2026 18:29:22 IST] [INFO] GetDIBits Width: 1024
[Tue, 28 Jul 2026 18:29:22 IST] [INFO] GetDIBits Height: 768
[Tue, 28 Jul 2026 18:29:22 IST] [INFO] Bitmap format: BI_RGB (32-bit)
[Tue, 28 Jul 2026 18:29:22 IST] [INFO] Non-black pixels: 488109
[Tue, 28 Jul 2026 18:29:22 IST] [INFO] Transparent pixels: 0
[Tue, 28 Jul 2026 18:29:22 IST] [INFO] Opaque pixels: 786432
[Tue, 28 Jul 2026 18:29:22 IST] [INFO] Dirty rectangle empty
[Tue, 28 Jul 2026 18:29:22 IST] [INFO] ========== Capture Tick ==========
[Tue, 28 Jul 2026 18:29:22 IST] [INFO] Current timestamp: 2026-07-28 18:29:22.6601252 +0530 IST m=+50.508840201
[Tue, 28 Jul 2026 18:29:22 IST] [INFO] HWND: 3935346
[Tue, 28 Jul 2026 18:29:22 IST] [INFO] FindWindowByPID() succeeded: true
[Tue, 28 Jul 2026 18:29:22 IST] [INFO] Process is still alive: true
[Tue, 28 Jul 2026 18:29:22 IST] [INFO] CaptureWindow entered
[Tue, 28 Jul 2026 18:29:22 IST] [INFO] HWND: 3935346
[Tue, 28 Jul 2026 18:29:22 IST] [INFO] Width: 1024, Height: 768
[Tue, 28 Jul 2026 18:29:22 IST] [INFO] GetWindowDC succeeded: true
[Tue, 28 Jul 2026 18:29:22 IST] [INFO] CreateCompatibleDC succeeded: true
[Tue, 28 Jul 2026 18:29:22 IST] [INFO] CreateCompatibleBitmap succeeded: true
[Tue, 28 Jul 2026 18:29:22 IST] [INFO] SelectObject succeeded: true
[Tue, 28 Jul 2026 18:29:22 IST] [INFO] PrintWindow return value: 1
[Tue, 28 Jul 2026 18:29:22 IST] [INFO] Fallback PrintWindow() is executed: false
[Tue, 28 Jul 2026 18:29:22 IST] [INFO] GetDIBits return value: 768
[Tue, 28 Jul 2026 18:29:22 IST] [INFO] Number of scanlines copied: 768
[Tue, 28 Jul 2026 18:29:22 IST] [INFO] GetDIBits Width: 1024
[Tue, 28 Jul 2026 18:29:22 IST] [INFO] GetDIBits Height: 768
[Tue, 28 Jul 2026 18:29:22 IST] [INFO] Bitmap format: BI_RGB (32-bit)
[Tue, 28 Jul 2026 18:29:22 IST] [INFO] Non-black pixels: 488109
[Tue, 28 Jul 2026 18:29:22 IST] [INFO] Transparent pixels: 0
[Tue, 28 Jul 2026 18:29:22 IST] [INFO] Opaque pixels: 786432
[Tue, 28 Jul 2026 18:29:22 IST] [INFO] Dirty rectangle empty
[Tue, 28 Jul 2026 18:29:22 IST] [INFO] ========== Capture Tick ==========
[Tue, 28 Jul 2026 18:29:22 IST] [INFO] Current timestamp: 2026-07-28 18:29:22.7600942 +0530 IST m=+50.608809201
[Tue, 28 Jul 2026 18:29:22 IST] [INFO] HWND: 3935346
[Tue, 28 Jul 2026 18:29:22 IST] [INFO] FindWindowByPID() succeeded: true
[Tue, 28 Jul 2026 18:29:22 IST] [INFO] Process is still alive: true
[Tue, 28 Jul 2026 18:29:22 IST] [INFO] CaptureWindow entered
[Tue, 28 Jul 2026 18:29:22 IST] [INFO] HWND: 3935346
[Tue, 28 Jul 2026 18:29:22 IST] [INFO] Width: 1024, Height: 768
[Tue, 28 Jul 2026 18:29:22 IST] [INFO] GetWindowDC succeeded: true
[Tue, 28 Jul 2026 18:29:22 IST] [INFO] CreateCompatibleDC succeeded: true
[Tue, 28 Jul 2026 18:29:22 IST] [INFO] CreateCompatibleBitmap succeeded: true
[Tue, 28 Jul 2026 18:29:22 IST] [INFO] SelectObject succeeded: true
[Tue, 28 Jul 2026 18:29:22 IST] [INFO] PrintWindow return value: 1
[Tue, 28 Jul 2026 18:29:22 IST] [INFO] Fallback PrintWindow() is executed: false
[Tue, 28 Jul 2026 18:29:22 IST] [INFO] GetDIBits return value: 768
[Tue, 28 Jul 2026 18:29:22 IST] [INFO] Number of scanlines copied: 768
[Tue, 28 Jul 2026 18:29:22 IST] [INFO] GetDIBits Width: 1024
[Tue, 28 Jul 2026 18:29:22 IST] [INFO] GetDIBits Height: 768
[Tue, 28 Jul 2026 18:29:22 IST] [INFO] Bitmap format: BI_RGB (32-bit)
[Tue, 28 Jul 2026 18:29:22 IST] [INFO] Non-black pixels: 488109
[Tue, 28 Jul 2026 18:29:22 IST] [INFO] Transparent pixels: 0
[Tue, 28 Jul 2026 18:29:22 IST] [INFO] Opaque pixels: 786432
[Tue, 28 Jul 2026 18:29:22 IST] [INFO] Dirty rectangle empty
[Tue, 28 Jul 2026 18:29:22 IST] [INFO] ========== Capture Tick ==========
[Tue, 28 Jul 2026 18:29:22 IST] [INFO] Current timestamp: 2026-07-28 18:29:22.8599703 +0530 IST m=+50.708685301
[Tue, 28 Jul 2026 18:29:22 IST] [INFO] HWND: 3935346
[Tue, 28 Jul 2026 18:29:22 IST] [INFO] FindWindowByPID() succeeded: true
[Tue, 28 Jul 2026 18:29:22 IST] [INFO] Process is still alive: true
[Tue, 28 Jul 2026 18:29:22 IST] [INFO] CaptureWindow entered
[Tue, 28 Jul 2026 18:29:22 IST] [INFO] HWND: 3935346
[Tue, 28 Jul 2026 18:29:22 IST] [INFO] Width: 1024, Height: 768
[Tue, 28 Jul 2026 18:29:22 IST] [INFO] GetWindowDC succeeded: true
[Tue, 28 Jul 2026 18:29:22 IST] [INFO] CreateCompatibleDC succeeded: true
[Tue, 28 Jul 2026 18:29:22 IST] [INFO] CreateCompatibleBitmap succeeded: true
[Tue, 28 Jul 2026 18:29:22 IST] [INFO] SelectObject succeeded: true
[Tue, 28 Jul 2026 18:29:22 IST] [INFO] PrintWindow return value: 1
[Tue, 28 Jul 2026 18:29:22 IST] [INFO] Fallback PrintWindow() is executed: false
[Tue, 28 Jul 2026 18:29:22 IST] [INFO] GetDIBits return value: 768
[Tue, 28 Jul 2026 18:29:22 IST] [INFO] Number of scanlines copied: 768
[Tue, 28 Jul 2026 18:29:22 IST] [INFO] GetDIBits Width: 1024
[Tue, 28 Jul 2026 18:29:22 IST] [INFO] GetDIBits Height: 768
[Tue, 28 Jul 2026 18:29:22 IST] [INFO] Bitmap format: BI_RGB (32-bit)
[Tue, 28 Jul 2026 18:29:22 IST] [INFO] Non-black pixels: 488109
[Tue, 28 Jul 2026 18:29:22 IST] [INFO] Transparent pixels: 0
[Tue, 28 Jul 2026 18:29:22 IST] [INFO] Opaque pixels: 786432
[Tue, 28 Jul 2026 18:29:22 IST] [INFO] Dirty rectangle empty
[Tue, 28 Jul 2026 18:29:22 IST] [INFO] ========== Capture Tick ==========
[Tue, 28 Jul 2026 18:29:22 IST] [INFO] Current timestamp: 2026-07-28 18:29:22.9603032 +0530 IST m=+50.809018201
[Tue, 28 Jul 2026 18:29:22 IST] [INFO] HWND: 3935346
[Tue, 28 Jul 2026 18:29:22 IST] [INFO] FindWindowByPID() succeeded: true
[Tue, 28 Jul 2026 18:29:22 IST] [INFO] Process is still alive: true
[Tue, 28 Jul 2026 18:29:22 IST] [INFO] CaptureWindow entered
[Tue, 28 Jul 2026 18:29:22 IST] [INFO] HWND: 3935346
[Tue, 28 Jul 2026 18:29:22 IST] [INFO] Width: 1024, Height: 768
[Tue, 28 Jul 2026 18:29:22 IST] [INFO] GetWindowDC succeeded: true
[Tue, 28 Jul 2026 18:29:22 IST] [INFO] CreateCompatibleDC succeeded: true
[Tue, 28 Jul 2026 18:29:22 IST] [INFO] CreateCompatibleBitmap succeeded: true
[Tue, 28 Jul 2026 18:29:22 IST] [INFO] SelectObject succeeded: true
[Tue, 28 Jul 2026 18:29:22 IST] [INFO] PrintWindow return value: 1
[Tue, 28 Jul 2026 18:29:22 IST] [INFO] Fallback PrintWindow() is executed: false
[Tue, 28 Jul 2026 18:29:22 IST] [INFO] GetDIBits return value: 768
[Tue, 28 Jul 2026 18:29:22 IST] [INFO] Number of scanlines copied: 768
[Tue, 28 Jul 2026 18:29:22 IST] [INFO] GetDIBits Width: 1024
[Tue, 28 Jul 2026 18:29:22 IST] [INFO] GetDIBits Height: 768
[Tue, 28 Jul 2026 18:29:22 IST] [INFO] Bitmap format: BI_RGB (32-bit)
[Tue, 28 Jul 2026 18:29:22 IST] [INFO] Non-black pixels: 488109
[Tue, 28 Jul 2026 18:29:22 IST] [INFO] Transparent pixels: 0
[Tue, 28 Jul 2026 18:29:22 IST] [INFO] Opaque pixels: 786432
[Tue, 28 Jul 2026 18:29:22 IST] [INFO] Dirty rectangle empty
[Tue, 28 Jul 2026 18:29:23 IST] [INFO] ========== Capture Tick ==========
[Tue, 28 Jul 2026 18:29:23 IST] [INFO] Current timestamp: 2026-07-28 18:29:23.0601599 +0530 IST m=+50.908874901
[Tue, 28 Jul 2026 18:29:23 IST] [INFO] HWND: 3935346
[Tue, 28 Jul 2026 18:29:23 IST] [INFO] FindWindowByPID() succeeded: true
[Tue, 28 Jul 2026 18:29:23 IST] [INFO] Process is still alive: true
[Tue, 28 Jul 2026 18:29:23 IST] [INFO] CaptureWindow entered
[Tue, 28 Jul 2026 18:29:23 IST] [INFO] HWND: 3935346
[Tue, 28 Jul 2026 18:29:23 IST] [INFO] Width: 1024, Height: 768
[Tue, 28 Jul 2026 18:29:23 IST] [INFO] GetWindowDC succeeded: true
[Tue, 28 Jul 2026 18:29:23 IST] [INFO] CreateCompatibleDC succeeded: true
[Tue, 28 Jul 2026 18:29:23 IST] [INFO] CreateCompatibleBitmap succeeded: true
[Tue, 28 Jul 2026 18:29:23 IST] [INFO] SelectObject succeeded: true
[Tue, 28 Jul 2026 18:29:23 IST] [INFO] PrintWindow return value: 1
[Tue, 28 Jul 2026 18:29:23 IST] [INFO] Fallback PrintWindow() is executed: false
[Tue, 28 Jul 2026 18:29:23 IST] [INFO] GetDIBits return value: 768
[Tue, 28 Jul 2026 18:29:23 IST] [INFO] Number of scanlines copied: 768
[Tue, 28 Jul 2026 18:29:23 IST] [INFO] GetDIBits Width: 1024
[Tue, 28 Jul 2026 18:29:23 IST] [INFO] GetDIBits Height: 768
[Tue, 28 Jul 2026 18:29:23 IST] [INFO] Bitmap format: BI_RGB (32-bit)
[Tue, 28 Jul 2026 18:29:23 IST] [INFO] Non-black pixels: 488109
[Tue, 28 Jul 2026 18:29:23 IST] [INFO] Transparent pixels: 0
[Tue, 28 Jul 2026 18:29:23 IST] [INFO] Opaque pixels: 786432
[Tue, 28 Jul 2026 18:29:23 IST] [INFO] Dirty rectangle empty
[Tue, 28 Jul 2026 18:29:23 IST] [INFO] ========== Capture Tick ==========
[Tue, 28 Jul 2026 18:29:23 IST] [INFO] Current timestamp: 2026-07-28 18:29:23.1600287 +0530 IST m=+51.008743701
[Tue, 28 Jul 2026 18:29:23 IST] [INFO] HWND: 3935346
[Tue, 28 Jul 2026 18:29:23 IST] [INFO] FindWindowByPID() succeeded: true
[Tue, 28 Jul 2026 18:29:23 IST] [INFO] Process is still alive: true
[Tue, 28 Jul 2026 18:29:23 IST] [INFO] CaptureWindow entered
[Tue, 28 Jul 2026 18:29:23 IST] [INFO] HWND: 3935346
[Tue, 28 Jul 2026 18:29:23 IST] [INFO] Width: 1024, Height: 768
[Tue, 28 Jul 2026 18:29:23 IST] [INFO] GetWindowDC succeeded: true
[Tue, 28 Jul 2026 18:29:23 IST] [INFO] CreateCompatibleDC succeeded: true
[Tue, 28 Jul 2026 18:29:23 IST] [INFO] CreateCompatibleBitmap succeeded: true
[Tue, 28 Jul 2026 18:29:23 IST] [INFO] SelectObject succeeded: true
[Tue, 28 Jul 2026 18:29:23 IST] [INFO] PrintWindow return value: 1
[Tue, 28 Jul 2026 18:29:23 IST] [INFO] Fallback PrintWindow() is executed: false
[Tue, 28 Jul 2026 18:29:23 IST] [INFO] GetDIBits return value: 768
[Tue, 28 Jul 2026 18:29:23 IST] [INFO] Number of scanlines copied: 768
[Tue, 28 Jul 2026 18:29:23 IST] [INFO] GetDIBits Width: 1024
[Tue, 28 Jul 2026 18:29:23 IST] [INFO] GetDIBits Height: 768
[Tue, 28 Jul 2026 18:29:23 IST] [INFO] Bitmap format: BI_RGB (32-bit)
[Tue, 28 Jul 2026 18:29:23 IST] [INFO] Non-black pixels: 488109
[Tue, 28 Jul 2026 18:29:23 IST] [INFO] Transparent pixels: 0
[Tue, 28 Jul 2026 18:29:23 IST] [INFO] Opaque pixels: 786432
[Tue, 28 Jul 2026 18:29:23 IST] [INFO] Dirty rectangle empty
[Tue, 28 Jul 2026 18:29:23 IST] [INFO] ========== Capture Tick ==========
[Tue, 28 Jul 2026 18:29:23 IST] [INFO] Current timestamp: 2026-07-28 18:29:23.260213 +0530 IST m=+51.108928001
[Tue, 28 Jul 2026 18:29:23 IST] [INFO] HWND: 3935346
[Tue, 28 Jul 2026 18:29:23 IST] [INFO] FindWindowByPID() succeeded: true
[Tue, 28 Jul 2026 18:29:23 IST] [INFO] Process is still alive: true
[Tue, 28 Jul 2026 18:29:23 IST] [INFO] CaptureWindow entered
[Tue, 28 Jul 2026 18:29:23 IST] [INFO] HWND: 3935346
[Tue, 28 Jul 2026 18:29:23 IST] [INFO] Width: 1024, Height: 768
[Tue, 28 Jul 2026 18:29:23 IST] [INFO] GetWindowDC succeeded: true
[Tue, 28 Jul 2026 18:29:23 IST] [INFO] CreateCompatibleDC succeeded: true
[Tue, 28 Jul 2026 18:29:23 IST] [INFO] CreateCompatibleBitmap succeeded: true
[Tue, 28 Jul 2026 18:29:23 IST] [INFO] SelectObject succeeded: true
[Tue, 28 Jul 2026 18:29:23 IST] [INFO] PrintWindow return value: 1
[Tue, 28 Jul 2026 18:29:23 IST] [INFO] Fallback PrintWindow() is executed: false
[Tue, 28 Jul 2026 18:29:23 IST] [INFO] GetDIBits return value: 768
[Tue, 28 Jul 2026 18:29:23 IST] [INFO] Number of scanlines copied: 768
[Tue, 28 Jul 2026 18:29:23 IST] [INFO] GetDIBits Width: 1024
[Tue, 28 Jul 2026 18:29:23 IST] [INFO] GetDIBits Height: 768
[Tue, 28 Jul 2026 18:29:23 IST] [INFO] Bitmap format: BI_RGB (32-bit)
[Tue, 28 Jul 2026 18:29:23 IST] [INFO] Non-black pixels: 488109
[Tue, 28 Jul 2026 18:29:23 IST] [INFO] Transparent pixels: 0
[Tue, 28 Jul 2026 18:29:23 IST] [INFO] Opaque pixels: 786432
[Tue, 28 Jul 2026 18:29:23 IST] [INFO] Dirty rectangle empty
[Tue, 28 Jul 2026 18:29:23 IST] [INFO] ========== Capture Tick ==========
[Tue, 28 Jul 2026 18:29:23 IST] [INFO] Current timestamp: 2026-07-28 18:29:23.3600779 +0530 IST m=+51.208792901
[Tue, 28 Jul 2026 18:29:23 IST] [INFO] HWND: 3935346
[Tue, 28 Jul 2026 18:29:23 IST] [INFO] FindWindowByPID() succeeded: true
[Tue, 28 Jul 2026 18:29:23 IST] [INFO] Process is still alive: true
[Tue, 28 Jul 2026 18:29:23 IST] [INFO] CaptureWindow entered
[Tue, 28 Jul 2026 18:29:23 IST] [INFO] HWND: 3935346
[Tue, 28 Jul 2026 18:29:23 IST] [INFO] Width: 1024, Height: 768
[Tue, 28 Jul 2026 18:29:23 IST] [INFO] GetWindowDC succeeded: true
[Tue, 28 Jul 2026 18:29:23 IST] [INFO] CreateCompatibleDC succeeded: true
[Tue, 28 Jul 2026 18:29:23 IST] [INFO] CreateCompatibleBitmap succeeded: true
[Tue, 28 Jul 2026 18:29:23 IST] [INFO] SelectObject succeeded: true
[Tue, 28 Jul 2026 18:29:23 IST] [INFO] PrintWindow return value: 1
[Tue, 28 Jul 2026 18:29:23 IST] [INFO] Fallback PrintWindow() is executed: false
[Tue, 28 Jul 2026 18:29:23 IST] [INFO] GetDIBits return value: 768
[Tue, 28 Jul 2026 18:29:23 IST] [INFO] Number of scanlines copied: 768
[Tue, 28 Jul 2026 18:29:23 IST] [INFO] GetDIBits Width: 1024
[Tue, 28 Jul 2026 18:29:23 IST] [INFO] GetDIBits Height: 768
[Tue, 28 Jul 2026 18:29:23 IST] [INFO] Bitmap format: BI_RGB (32-bit)
[Tue, 28 Jul 2026 18:29:23 IST] [INFO] Non-black pixels: 488109
[Tue, 28 Jul 2026 18:29:23 IST] [INFO] Transparent pixels: 0
[Tue, 28 Jul 2026 18:29:23 IST] [INFO] Opaque pixels: 786432
[Tue, 28 Jul 2026 18:29:23 IST] [INFO] Dirty rectangle empty
[Tue, 28 Jul 2026 18:29:23 IST] [INFO] ========== Capture Tick ==========
[Tue, 28 Jul 2026 18:29:23 IST] [INFO] Current timestamp: 2026-07-28 18:29:23.460023 +0530 IST m=+51.308738001
[Tue, 28 Jul 2026 18:29:23 IST] [INFO] HWND: 3935346
[Tue, 28 Jul 2026 18:29:23 IST] [INFO] FindWindowByPID() succeeded: true
[Tue, 28 Jul 2026 18:29:23 IST] [INFO] Process is still alive: true
[Tue, 28 Jul 2026 18:29:23 IST] [INFO] CaptureWindow entered
[Tue, 28 Jul 2026 18:29:23 IST] [INFO] HWND: 3935346
[Tue, 28 Jul 2026 18:29:23 IST] [INFO] Width: 1024, Height: 768
[Tue, 28 Jul 2026 18:29:23 IST] [INFO] GetWindowDC succeeded: true
[Tue, 28 Jul 2026 18:29:23 IST] [INFO] CreateCompatibleDC succeeded: true
[Tue, 28 Jul 2026 18:29:23 IST] [INFO] CreateCompatibleBitmap succeeded: true
[Tue, 28 Jul 2026 18:29:23 IST] [INFO] SelectObject succeeded: true
[Tue, 28 Jul 2026 18:29:23 IST] [INFO] PrintWindow return value: 1
[Tue, 28 Jul 2026 18:29:23 IST] [INFO] Fallback PrintWindow() is executed: false
[Tue, 28 Jul 2026 18:29:23 IST] [INFO] GetDIBits return value: 768
[Tue, 28 Jul 2026 18:29:23 IST] [INFO] Number of scanlines copied: 768
[Tue, 28 Jul 2026 18:29:23 IST] [INFO] GetDIBits Width: 1024
[Tue, 28 Jul 2026 18:29:23 IST] [INFO] GetDIBits Height: 768
[Tue, 28 Jul 2026 18:29:23 IST] [INFO] Bitmap format: BI_RGB (32-bit)
[Tue, 28 Jul 2026 18:29:23 IST] [INFO] Non-black pixels: 488109
[Tue, 28 Jul 2026 18:29:23 IST] [INFO] Transparent pixels: 0
[Tue, 28 Jul 2026 18:29:23 IST] [INFO] Opaque pixels: 786432
[Tue, 28 Jul 2026 18:29:23 IST] [INFO] Dirty rectangle empty
[Tue, 28 Jul 2026 18:29:23 IST] [INFO] ========== Capture Tick ==========
[Tue, 28 Jul 2026 18:29:23 IST] [INFO] Current timestamp: 2026-07-28 18:29:23.5601093 +0530 IST m=+51.408824301
[Tue, 28 Jul 2026 18:29:23 IST] [INFO] HWND: 3935346
[Tue, 28 Jul 2026 18:29:23 IST] [INFO] FindWindowByPID() succeeded: true
[Tue, 28 Jul 2026 18:29:23 IST] [INFO] Process is still alive: true
[Tue, 28 Jul 2026 18:29:23 IST] [INFO] CaptureWindow entered
[Tue, 28 Jul 2026 18:29:23 IST] [INFO] HWND: 3935346
[Tue, 28 Jul 2026 18:29:23 IST] [INFO] Width: 1024, Height: 768
[Tue, 28 Jul 2026 18:29:23 IST] [INFO] GetWindowDC succeeded: true
[Tue, 28 Jul 2026 18:29:23 IST] [INFO] CreateCompatibleDC succeeded: true
[Tue, 28 Jul 2026 18:29:23 IST] [INFO] CreateCompatibleBitmap succeeded: true
[Tue, 28 Jul 2026 18:29:23 IST] [INFO] SelectObject succeeded: true
[Tue, 28 Jul 2026 18:29:23 IST] [INFO] PrintWindow return value: 1
[Tue, 28 Jul 2026 18:29:23 IST] [INFO] Fallback PrintWindow() is executed: false
[Tue, 28 Jul 2026 18:29:23 IST] [INFO] GetDIBits return value: 768
[Tue, 28 Jul 2026 18:29:23 IST] [INFO] Number of scanlines copied: 768
[Tue, 28 Jul 2026 18:29:23 IST] [INFO] GetDIBits Width: 1024
[Tue, 28 Jul 2026 18:29:23 IST] [INFO] GetDIBits Height: 768
[Tue, 28 Jul 2026 18:29:23 IST] [INFO] Bitmap format: BI_RGB (32-bit)
[Tue, 28 Jul 2026 18:29:23 IST] [INFO] Non-black pixels: 488109
[Tue, 28 Jul 2026 18:29:23 IST] [INFO] Transparent pixels: 0
[Tue, 28 Jul 2026 18:29:23 IST] [INFO] Opaque pixels: 786432
[Tue, 28 Jul 2026 18:29:23 IST] [INFO] Dirty rectangle empty
[Tue, 28 Jul 2026 18:29:23 IST] [INFO] ========== Capture Tick ==========
[Tue, 28 Jul 2026 18:29:23 IST] [INFO] Current timestamp: 2026-07-28 18:29:23.6600736 +0530 IST m=+51.508788601
[Tue, 28 Jul 2026 18:29:23 IST] [INFO] HWND: 3935346
[Tue, 28 Jul 2026 18:29:23 IST] [INFO] FindWindowByPID() succeeded: true
[Tue, 28 Jul 2026 18:29:23 IST] [INFO] Process is still alive: true
[Tue, 28 Jul 2026 18:29:23 IST] [INFO] CaptureWindow entered
[Tue, 28 Jul 2026 18:29:23 IST] [INFO] HWND: 3935346
[Tue, 28 Jul 2026 18:29:23 IST] [INFO] Width: 1024, Height: 768
[Tue, 28 Jul 2026 18:29:23 IST] [INFO] GetWindowDC succeeded: true
[Tue, 28 Jul 2026 18:29:23 IST] [INFO] CreateCompatibleDC succeeded: true
[Tue, 28 Jul 2026 18:29:23 IST] [INFO] CreateCompatibleBitmap succeeded: true
[Tue, 28 Jul 2026 18:29:23 IST] [INFO] SelectObject succeeded: true
[Tue, 28 Jul 2026 18:29:23 IST] [INFO] PrintWindow return value: 1
[Tue, 28 Jul 2026 18:29:23 IST] [INFO] Fallback PrintWindow() is executed: false
[Tue, 28 Jul 2026 18:29:23 IST] [INFO] GetDIBits return value: 768
[Tue, 28 Jul 2026 18:29:23 IST] [INFO] Number of scanlines copied: 768
[Tue, 28 Jul 2026 18:29:23 IST] [INFO] GetDIBits Width: 1024
[Tue, 28 Jul 2026 18:29:23 IST] [INFO] GetDIBits Height: 768
[Tue, 28 Jul 2026 18:29:23 IST] [INFO] Bitmap format: BI_RGB (32-bit)
[Tue, 28 Jul 2026 18:29:23 IST] [INFO] Non-black pixels: 488109
[Tue, 28 Jul 2026 18:29:23 IST] [INFO] Transparent pixels: 0
[Tue, 28 Jul 2026 18:29:23 IST] [INFO] Opaque pixels: 786432
[Tue, 28 Jul 2026 18:29:23 IST] [INFO] Dirty rectangle empty
[Tue, 28 Jul 2026 18:29:23 IST] [INFO] ========== Capture Tick ==========
[Tue, 28 Jul 2026 18:29:23 IST] [INFO] Current timestamp: 2026-07-28 18:29:23.7598697 +0530 IST m=+51.608584701
[Tue, 28 Jul 2026 18:29:23 IST] [INFO] HWND: 3935346
[Tue, 28 Jul 2026 18:29:23 IST] [INFO] FindWindowByPID() succeeded: true
[Tue, 28 Jul 2026 18:29:23 IST] [INFO] Process is still alive: true
[Tue, 28 Jul 2026 18:29:23 IST] [INFO] CaptureWindow entered
[Tue, 28 Jul 2026 18:29:23 IST] [INFO] HWND: 3935346
[Tue, 28 Jul 2026 18:29:23 IST] [INFO] Width: 1024, Height: 768
[Tue, 28 Jul 2026 18:29:23 IST] [INFO] GetWindowDC succeeded: true
[Tue, 28 Jul 2026 18:29:23 IST] [INFO] CreateCompatibleDC succeeded: true
[Tue, 28 Jul 2026 18:29:23 IST] [INFO] CreateCompatibleBitmap succeeded: true
[Tue, 28 Jul 2026 18:29:23 IST] [INFO] SelectObject succeeded: true
[Tue, 28 Jul 2026 18:29:23 IST] [INFO] PrintWindow return value: 1
[Tue, 28 Jul 2026 18:29:23 IST] [INFO] Fallback PrintWindow() is executed: false
[Tue, 28 Jul 2026 18:29:23 IST] [INFO] GetDIBits return value: 768
[Tue, 28 Jul 2026 18:29:23 IST] [INFO] Number of scanlines copied: 768
[Tue, 28 Jul 2026 18:29:23 IST] [INFO] GetDIBits Width: 1024
[Tue, 28 Jul 2026 18:29:23 IST] [INFO] GetDIBits Height: 768
[Tue, 28 Jul 2026 18:29:23 IST] [INFO] Bitmap format: BI_RGB (32-bit)
[Tue, 28 Jul 2026 18:29:23 IST] [INFO] Non-black pixels: 488109
[Tue, 28 Jul 2026 18:29:23 IST] [INFO] Transparent pixels: 0
[Tue, 28 Jul 2026 18:29:23 IST] [INFO] Opaque pixels: 786432
[Tue, 28 Jul 2026 18:29:23 IST] [INFO] Dirty rectangle empty
[Tue, 28 Jul 2026 18:29:23 IST] [INFO] ========== Capture Tick ==========
[Tue, 28 Jul 2026 18:29:23 IST] [INFO] Current timestamp: 2026-07-28 18:29:23.8602728 +0530 IST m=+51.708987801
[Tue, 28 Jul 2026 18:29:23 IST] [INFO] HWND: 3935346
[Tue, 28 Jul 2026 18:29:23 IST] [INFO] FindWindowByPID() succeeded: true
[Tue, 28 Jul 2026 18:29:23 IST] [INFO] Process is still alive: true
[Tue, 28 Jul 2026 18:29:23 IST] [INFO] CaptureWindow entered
[Tue, 28 Jul 2026 18:29:23 IST] [INFO] HWND: 3935346
[Tue, 28 Jul 2026 18:29:23 IST] [INFO] Width: 1024, Height: 768
[Tue, 28 Jul 2026 18:29:23 IST] [INFO] GetWindowDC succeeded: true
[Tue, 28 Jul 2026 18:29:23 IST] [INFO] CreateCompatibleDC succeeded: true
[Tue, 28 Jul 2026 18:29:23 IST] [INFO] CreateCompatibleBitmap succeeded: true
[Tue, 28 Jul 2026 18:29:23 IST] [INFO] SelectObject succeeded: true
[Tue, 28 Jul 2026 18:29:23 IST] [INFO] PrintWindow return value: 1
[Tue, 28 Jul 2026 18:29:23 IST] [INFO] Fallback PrintWindow() is executed: false
[Tue, 28 Jul 2026 18:29:23 IST] [INFO] GetDIBits return value: 768
[Tue, 28 Jul 2026 18:29:23 IST] [INFO] Number of scanlines copied: 768
[Tue, 28 Jul 2026 18:29:23 IST] [INFO] GetDIBits Width: 1024
[Tue, 28 Jul 2026 18:29:23 IST] [INFO] GetDIBits Height: 768
[Tue, 28 Jul 2026 18:29:23 IST] [INFO] Bitmap format: BI_RGB (32-bit)
[Tue, 28 Jul 2026 18:29:23 IST] [INFO] Non-black pixels: 488109
[Tue, 28 Jul 2026 18:29:23 IST] [INFO] Transparent pixels: 0
[Tue, 28 Jul 2026 18:29:23 IST] [INFO] Opaque pixels: 786432
[Tue, 28 Jul 2026 18:29:23 IST] [INFO] Dirty rectangle empty
[Tue, 28 Jul 2026 18:29:23 IST] [INFO] ========== Capture Tick ==========
[Tue, 28 Jul 2026 18:29:23 IST] [INFO] Current timestamp: 2026-07-28 18:29:23.95991 +0530 IST m=+51.808625001
[Tue, 28 Jul 2026 18:29:23 IST] [INFO] HWND: 3935346
[Tue, 28 Jul 2026 18:29:23 IST] [INFO] FindWindowByPID() succeeded: true
[Tue, 28 Jul 2026 18:29:23 IST] [INFO] Process is still alive: true
[Tue, 28 Jul 2026 18:29:23 IST] [INFO] CaptureWindow entered
[Tue, 28 Jul 2026 18:29:23 IST] [INFO] HWND: 3935346
[Tue, 28 Jul 2026 18:29:23 IST] [INFO] Width: 1024, Height: 768
[Tue, 28 Jul 2026 18:29:23 IST] [INFO] GetWindowDC succeeded: true
[Tue, 28 Jul 2026 18:29:23 IST] [INFO] CreateCompatibleDC succeeded: true
[Tue, 28 Jul 2026 18:29:23 IST] [INFO] CreateCompatibleBitmap succeeded: true
[Tue, 28 Jul 2026 18:29:23 IST] [INFO] SelectObject succeeded: true
[Tue, 28 Jul 2026 18:29:23 IST] [INFO] PrintWindow return value: 1
[Tue, 28 Jul 2026 18:29:23 IST] [INFO] Fallback PrintWindow() is executed: false
[Tue, 28 Jul 2026 18:29:23 IST] [INFO] GetDIBits return value: 768
[Tue, 28 Jul 2026 18:29:23 IST] [INFO] Number of scanlines copied: 768
[Tue, 28 Jul 2026 18:29:23 IST] [INFO] GetDIBits Width: 1024
[Tue, 28 Jul 2026 18:29:23 IST] [INFO] GetDIBits Height: 768
[Tue, 28 Jul 2026 18:29:23 IST] [INFO] Bitmap format: BI_RGB (32-bit)
[Tue, 28 Jul 2026 18:29:23 IST] [INFO] Non-black pixels: 488109
[Tue, 28 Jul 2026 18:29:23 IST] [INFO] Transparent pixels: 0
[Tue, 28 Jul 2026 18:29:23 IST] [INFO] Opaque pixels: 786432
[Tue, 28 Jul 2026 18:29:24 IST] [INFO] Dirty rectangle empty
[Tue, 28 Jul 2026 18:29:24 IST] [INFO] ========== Capture Tick ==========
[Tue, 28 Jul 2026 18:29:24 IST] [INFO] Current timestamp: 2026-07-28 18:29:24.0598492 +0530 IST m=+51.908564201
[Tue, 28 Jul 2026 18:29:24 IST] [INFO] HWND: 3935346
[Tue, 28 Jul 2026 18:29:24 IST] [INFO] FindWindowByPID() succeeded: true
[Tue, 28 Jul 2026 18:29:24 IST] [INFO] Process is still alive: true
[Tue, 28 Jul 2026 18:29:24 IST] [INFO] CaptureWindow entered
[Tue, 28 Jul 2026 18:29:24 IST] [INFO] HWND: 3935346
[Tue, 28 Jul 2026 18:29:24 IST] [INFO] Width: 1024, Height: 768
[Tue, 28 Jul 2026 18:29:24 IST] [INFO] GetWindowDC succeeded: true
[Tue, 28 Jul 2026 18:29:24 IST] [INFO] CreateCompatibleDC succeeded: true
[Tue, 28 Jul 2026 18:29:24 IST] [INFO] CreateCompatibleBitmap succeeded: true
[Tue, 28 Jul 2026 18:29:24 IST] [INFO] SelectObject succeeded: true
[Tue, 28 Jul 2026 18:29:24 IST] [INFO] PrintWindow return value: 1
[Tue, 28 Jul 2026 18:29:24 IST] [INFO] Fallback PrintWindow() is executed: false
[Tue, 28 Jul 2026 18:29:24 IST] [INFO] GetDIBits return value: 768
[Tue, 28 Jul 2026 18:29:24 IST] [INFO] Number of scanlines copied: 768
[Tue, 28 Jul 2026 18:29:24 IST] [INFO] GetDIBits Width: 1024
[Tue, 28 Jul 2026 18:29:24 IST] [INFO] GetDIBits Height: 768
[Tue, 28 Jul 2026 18:29:24 IST] [INFO] Bitmap format: BI_RGB (32-bit)
[Tue, 28 Jul 2026 18:29:24 IST] [INFO] Non-black pixels: 488109
[Tue, 28 Jul 2026 18:29:24 IST] [INFO] Transparent pixels: 0
[Tue, 28 Jul 2026 18:29:24 IST] [INFO] Opaque pixels: 786432
[Tue, 28 Jul 2026 18:29:24 IST] [INFO] Dirty rectangle empty
[Tue, 28 Jul 2026 18:29:24 IST] [INFO] ========== Capture Tick ==========
[Tue, 28 Jul 2026 18:29:24 IST] [INFO] Current timestamp: 2026-07-28 18:29:24.160042 +0530 IST m=+52.008757001
[Tue, 28 Jul 2026 18:29:24 IST] [INFO] HWND: 3935346
[Tue, 28 Jul 2026 18:29:24 IST] [INFO] FindWindowByPID() succeeded: true
[Tue, 28 Jul 2026 18:29:24 IST] [INFO] Process is still alive: true
[Tue, 28 Jul 2026 18:29:24 IST] [INFO] CaptureWindow entered
[Tue, 28 Jul 2026 18:29:24 IST] [INFO] HWND: 3935346
[Tue, 28 Jul 2026 18:29:24 IST] [INFO] Width: 1024, Height: 768
[Tue, 28 Jul 2026 18:29:24 IST] [INFO] GetWindowDC succeeded: true
[Tue, 28 Jul 2026 18:29:24 IST] [INFO] CreateCompatibleDC succeeded: true
[Tue, 28 Jul 2026 18:29:24 IST] [INFO] CreateCompatibleBitmap succeeded: true
[Tue, 28 Jul 2026 18:29:24 IST] [INFO] SelectObject succeeded: true
[Tue, 28 Jul 2026 18:29:24 IST] [INFO] PrintWindow return value: 1
[Tue, 28 Jul 2026 18:29:24 IST] [INFO] Fallback PrintWindow() is executed: false
[Tue, 28 Jul 2026 18:29:24 IST] [INFO] GetDIBits return value: 768
[Tue, 28 Jul 2026 18:29:24 IST] [INFO] Number of scanlines copied: 768
[Tue, 28 Jul 2026 18:29:24 IST] [INFO] GetDIBits Width: 1024
[Tue, 28 Jul 2026 18:29:24 IST] [INFO] GetDIBits Height: 768
[Tue, 28 Jul 2026 18:29:24 IST] [INFO] Bitmap format: BI_RGB (32-bit)
[Tue, 28 Jul 2026 18:29:24 IST] [INFO] Non-black pixels: 488109
[Tue, 28 Jul 2026 18:29:24 IST] [INFO] Transparent pixels: 0
[Tue, 28 Jul 2026 18:29:24 IST] [INFO] Opaque pixels: 786432
[Tue, 28 Jul 2026 18:29:24 IST] [INFO] Dirty rectangle empty
[Tue, 28 Jul 2026 18:29:24 IST] [INFO] ========== Capture Tick ==========
[Tue, 28 Jul 2026 18:29:24 IST] [INFO] Current timestamp: 2026-07-28 18:29:24.2598825 +0530 IST m=+52.108597501
[Tue, 28 Jul 2026 18:29:24 IST] [INFO] HWND: 3935346
[Tue, 28 Jul 2026 18:29:24 IST] [INFO] FindWindowByPID() succeeded: true
[Tue, 28 Jul 2026 18:29:24 IST] [INFO] Process is still alive: true
[Tue, 28 Jul 2026 18:29:24 IST] [INFO] CaptureWindow entered
[Tue, 28 Jul 2026 18:29:24 IST] [INFO] HWND: 3935346
[Tue, 28 Jul 2026 18:29:24 IST] [INFO] Width: 1024, Height: 768
[Tue, 28 Jul 2026 18:29:24 IST] [INFO] GetWindowDC succeeded: true
[Tue, 28 Jul 2026 18:29:24 IST] [INFO] CreateCompatibleDC succeeded: true
[Tue, 28 Jul 2026 18:29:24 IST] [INFO] CreateCompatibleBitmap succeeded: true
[Tue, 28 Jul 2026 18:29:24 IST] [INFO] SelectObject succeeded: true
[Tue, 28 Jul 2026 18:29:24 IST] [INFO] PrintWindow return value: 1
[Tue, 28 Jul 2026 18:29:24 IST] [INFO] Fallback PrintWindow() is executed: false
[Tue, 28 Jul 2026 18:29:24 IST] [INFO] GetDIBits return value: 768
[Tue, 28 Jul 2026 18:29:24 IST] [INFO] Number of scanlines copied: 768
[Tue, 28 Jul 2026 18:29:24 IST] [INFO] GetDIBits Width: 1024
[Tue, 28 Jul 2026 18:29:24 IST] [INFO] GetDIBits Height: 768
[Tue, 28 Jul 2026 18:29:24 IST] [INFO] Bitmap format: BI_RGB (32-bit)
[Tue, 28 Jul 2026 18:29:24 IST] [INFO] Non-black pixels: 488109
[Tue, 28 Jul 2026 18:29:24 IST] [INFO] Transparent pixels: 0
[Tue, 28 Jul 2026 18:29:24 IST] [INFO] Opaque pixels: 786432
[Tue, 28 Jul 2026 18:29:24 IST] [INFO] Dirty rectangle empty
[Tue, 28 Jul 2026 18:29:24 IST] [INFO] ========== Capture Tick ==========
[Tue, 28 Jul 2026 18:29:24 IST] [INFO] Current timestamp: 2026-07-28 18:29:24.3603361 +0530 IST m=+52.209051101
[Tue, 28 Jul 2026 18:29:24 IST] [INFO] HWND: 3935346
[Tue, 28 Jul 2026 18:29:24 IST] [INFO] FindWindowByPID() succeeded: true
[Tue, 28 Jul 2026 18:29:24 IST] [INFO] Process is still alive: true
[Tue, 28 Jul 2026 18:29:24 IST] [INFO] CaptureWindow entered
[Tue, 28 Jul 2026 18:29:24 IST] [INFO] HWND: 3935346
[Tue, 28 Jul 2026 18:29:24 IST] [INFO] Width: 1024, Height: 768
[Tue, 28 Jul 2026 18:29:24 IST] [INFO] GetWindowDC succeeded: true
[Tue, 28 Jul 2026 18:29:24 IST] [INFO] CreateCompatibleDC succeeded: true
[Tue, 28 Jul 2026 18:29:24 IST] [INFO] CreateCompatibleBitmap succeeded: true
[Tue, 28 Jul 2026 18:29:24 IST] [INFO] SelectObject succeeded: true
[Tue, 28 Jul 2026 18:29:24 IST] [INFO] PrintWindow return value: 1
[Tue, 28 Jul 2026 18:29:24 IST] [INFO] Fallback PrintWindow() is executed: false
[Tue, 28 Jul 2026 18:29:24 IST] [INFO] GetDIBits return value: 768
[Tue, 28 Jul 2026 18:29:24 IST] [INFO] Number of scanlines copied: 768
[Tue, 28 Jul 2026 18:29:24 IST] [INFO] GetDIBits Width: 1024
[Tue, 28 Jul 2026 18:29:24 IST] [INFO] GetDIBits Height: 768
[Tue, 28 Jul 2026 18:29:24 IST] [INFO] Bitmap format: BI_RGB (32-bit)
[Tue, 28 Jul 2026 18:29:24 IST] [INFO] Non-black pixels: 488109
[Tue, 28 Jul 2026 18:29:24 IST] [INFO] Transparent pixels: 0
[Tue, 28 Jul 2026 18:29:24 IST] [INFO] Opaque pixels: 786432
[Tue, 28 Jul 2026 18:29:24 IST] [INFO] Dirty rectangle empty
[Tue, 28 Jul 2026 18:29:24 IST] [INFO] ========== Capture Tick ==========
[Tue, 28 Jul 2026 18:29:24 IST] [INFO] Current timestamp: 2026-07-28 18:29:24.4602042 +0530 IST m=+52.308919201
[Tue, 28 Jul 2026 18:29:24 IST] [INFO] HWND: 3935346
[Tue, 28 Jul 2026 18:29:24 IST] [INFO] FindWindowByPID() succeeded: true
[Tue, 28 Jul 2026 18:29:24 IST] [INFO] Process is still alive: true
[Tue, 28 Jul 2026 18:29:24 IST] [INFO] CaptureWindow entered
[Tue, 28 Jul 2026 18:29:24 IST] [INFO] HWND: 3935346
[Tue, 28 Jul 2026 18:29:24 IST] [INFO] Width: 1024, Height: 768
[Tue, 28 Jul 2026 18:29:24 IST] [INFO] GetWindowDC succeeded: true
[Tue, 28 Jul 2026 18:29:24 IST] [INFO] CreateCompatibleDC succeeded: true
[Tue, 28 Jul 2026 18:29:24 IST] [INFO] CreateCompatibleBitmap succeeded: true
[Tue, 28 Jul 2026 18:29:24 IST] [INFO] SelectObject succeeded: true
[Tue, 28 Jul 2026 18:29:24 IST] [INFO] PrintWindow return value: 1
[Tue, 28 Jul 2026 18:29:24 IST] [INFO] Fallback PrintWindow() is executed: false
[Tue, 28 Jul 2026 18:29:24 IST] [INFO] GetDIBits return value: 768
[Tue, 28 Jul 2026 18:29:24 IST] [INFO] Number of scanlines copied: 768
[Tue, 28 Jul 2026 18:29:24 IST] [INFO] GetDIBits Width: 1024
[Tue, 28 Jul 2026 18:29:24 IST] [INFO] GetDIBits Height: 768
[Tue, 28 Jul 2026 18:29:24 IST] [INFO] Bitmap format: BI_RGB (32-bit)
[Tue, 28 Jul 2026 18:29:24 IST] [INFO] Non-black pixels: 488109
[Tue, 28 Jul 2026 18:29:24 IST] [INFO] Transparent pixels: 0
[Tue, 28 Jul 2026 18:29:24 IST] [INFO] Opaque pixels: 786432
[Tue, 28 Jul 2026 18:29:24 IST] [INFO] Dirty rectangle empty
[Tue, 28 Jul 2026 18:29:24 IST] [INFO] ========== Capture Tick ==========
[Tue, 28 Jul 2026 18:29:24 IST] [INFO] Current timestamp: 2026-07-28 18:29:24.5604135 +0530 IST m=+52.409128501
[Tue, 28 Jul 2026 18:29:24 IST] [INFO] HWND: 3935346
[Tue, 28 Jul 2026 18:29:24 IST] [INFO] FindWindowByPID() succeeded: true
[Tue, 28 Jul 2026 18:29:24 IST] [INFO] Process is still alive: true
[Tue, 28 Jul 2026 18:29:24 IST] [INFO] CaptureWindow entered
[Tue, 28 Jul 2026 18:29:24 IST] [INFO] HWND: 3935346
[Tue, 28 Jul 2026 18:29:24 IST] [INFO] Width: 1024, Height: 768
[Tue, 28 Jul 2026 18:29:24 IST] [INFO] GetWindowDC succeeded: true
[Tue, 28 Jul 2026 18:29:24 IST] [INFO] CreateCompatibleDC succeeded: true
[Tue, 28 Jul 2026 18:29:24 IST] [INFO] CreateCompatibleBitmap succeeded: true
[Tue, 28 Jul 2026 18:29:24 IST] [INFO] SelectObject succeeded: true
[Tue, 28 Jul 2026 18:29:24 IST] [INFO] PrintWindow return value: 1
[Tue, 28 Jul 2026 18:29:24 IST] [INFO] Fallback PrintWindow() is executed: false
[Tue, 28 Jul 2026 18:29:24 IST] [INFO] GetDIBits return value: 768
[Tue, 28 Jul 2026 18:29:24 IST] [INFO] Number of scanlines copied: 768
[Tue, 28 Jul 2026 18:29:24 IST] [INFO] GetDIBits Width: 1024
[Tue, 28 Jul 2026 18:29:24 IST] [INFO] GetDIBits Height: 768
[Tue, 28 Jul 2026 18:29:24 IST] [INFO] Bitmap format: BI_RGB (32-bit)
[Tue, 28 Jul 2026 18:29:24 IST] [INFO] Non-black pixels: 488109
[Tue, 28 Jul 2026 18:29:24 IST] [INFO] Transparent pixels: 0
[Tue, 28 Jul 2026 18:29:24 IST] [INFO] Opaque pixels: 786432
[Tue, 28 Jul 2026 18:29:24 IST] [INFO] Dirty rectangle empty
[Tue, 28 Jul 2026 18:29:24 IST] [INFO] ========== Capture Tick ==========
[Tue, 28 Jul 2026 18:29:24 IST] [INFO] Current timestamp: 2026-07-28 18:29:24.6603446 +0530 IST m=+52.509059601
[Tue, 28 Jul 2026 18:29:24 IST] [INFO] HWND: 3935346
[Tue, 28 Jul 2026 18:29:24 IST] [INFO] FindWindowByPID() succeeded: true
[Tue, 28 Jul 2026 18:29:24 IST] [INFO] Process is still alive: true
[Tue, 28 Jul 2026 18:29:24 IST] [INFO] CaptureWindow entered
[Tue, 28 Jul 2026 18:29:24 IST] [INFO] HWND: 3935346
[Tue, 28 Jul 2026 18:29:24 IST] [INFO] Width: 1024, Height: 768
[Tue, 28 Jul 2026 18:29:24 IST] [INFO] GetWindowDC succeeded: true
[Tue, 28 Jul 2026 18:29:24 IST] [INFO] CreateCompatibleDC succeeded: true
[Tue, 28 Jul 2026 18:29:24 IST] [INFO] CreateCompatibleBitmap succeeded: true
[Tue, 28 Jul 2026 18:29:24 IST] [INFO] SelectObject succeeded: true
[Tue, 28 Jul 2026 18:29:24 IST] [INFO] PrintWindow return value: 1
[Tue, 28 Jul 2026 18:29:24 IST] [INFO] Fallback PrintWindow() is executed: false
[Tue, 28 Jul 2026 18:29:24 IST] [INFO] GetDIBits return value: 768
[Tue, 28 Jul 2026 18:29:24 IST] [INFO] Number of scanlines copied: 768
[Tue, 28 Jul 2026 18:29:24 IST] [INFO] GetDIBits Width: 1024
[Tue, 28 Jul 2026 18:29:24 IST] [INFO] GetDIBits Height: 768
[Tue, 28 Jul 2026 18:29:24 IST] [INFO] Bitmap format: BI_RGB (32-bit)
[Tue, 28 Jul 2026 18:29:24 IST] [INFO] Non-black pixels: 488109
[Tue, 28 Jul 2026 18:29:24 IST] [INFO] Transparent pixels: 0
[Tue, 28 Jul 2026 18:29:24 IST] [INFO] Opaque pixels: 786432
[Tue, 28 Jul 2026 18:29:24 IST] [INFO] Dirty rectangle empty
[Tue, 28 Jul 2026 18:29:24 IST] [INFO] ========== Capture Tick ==========
[Tue, 28 Jul 2026 18:29:24 IST] [INFO] Current timestamp: 2026-07-28 18:29:24.7600169 +0530 IST m=+52.608731901
[Tue, 28 Jul 2026 18:29:24 IST] [INFO] HWND: 3935346
[Tue, 28 Jul 2026 18:29:24 IST] [INFO] FindWindowByPID() succeeded: true
[Tue, 28 Jul 2026 18:29:24 IST] [INFO] Process is still alive: true
[Tue, 28 Jul 2026 18:29:24 IST] [INFO] CaptureWindow entered
[Tue, 28 Jul 2026 18:29:24 IST] [INFO] HWND: 3935346
[Tue, 28 Jul 2026 18:29:24 IST] [INFO] Width: 1024, Height: 768
[Tue, 28 Jul 2026 18:29:24 IST] [INFO] GetWindowDC succeeded: true
[Tue, 28 Jul 2026 18:29:24 IST] [INFO] CreateCompatibleDC succeeded: true
[Tue, 28 Jul 2026 18:29:24 IST] [INFO] CreateCompatibleBitmap succeeded: true
[Tue, 28 Jul 2026 18:29:24 IST] [INFO] SelectObject succeeded: true
[Tue, 28 Jul 2026 18:29:24 IST] [INFO] PrintWindow return value: 1
[Tue, 28 Jul 2026 18:29:24 IST] [INFO] Fallback PrintWindow() is executed: false
[Tue, 28 Jul 2026 18:29:24 IST] [INFO] GetDIBits return value: 768
[Tue, 28 Jul 2026 18:29:24 IST] [INFO] Number of scanlines copied: 768
[Tue, 28 Jul 2026 18:29:24 IST] [INFO] GetDIBits Width: 1024
[Tue, 28 Jul 2026 18:29:24 IST] [INFO] GetDIBits Height: 768
[Tue, 28 Jul 2026 18:29:24 IST] [INFO] Bitmap format: BI_RGB (32-bit)
[Tue, 28 Jul 2026 18:29:24 IST] [INFO] Non-black pixels: 488109
[Tue, 28 Jul 2026 18:29:24 IST] [INFO] Transparent pixels: 0
[Tue, 28 Jul 2026 18:29:24 IST] [INFO] Opaque pixels: 786432
[Tue, 28 Jul 2026 18:29:24 IST] [INFO] Dirty rectangle empty
[Tue, 28 Jul 2026 18:29:24 IST] [INFO] ========== Capture Tick ==========
[Tue, 28 Jul 2026 18:29:24 IST] [INFO] Current timestamp: 2026-07-28 18:29:24.8600279 +0530 IST m=+52.708742901
[Tue, 28 Jul 2026 18:29:24 IST] [INFO] HWND: 3935346
[Tue, 28 Jul 2026 18:29:24 IST] [INFO] FindWindowByPID() succeeded: true
[Tue, 28 Jul 2026 18:29:24 IST] [INFO] Process is still alive: true
[Tue, 28 Jul 2026 18:29:24 IST] [INFO] CaptureWindow entered
[Tue, 28 Jul 2026 18:29:24 IST] [INFO] HWND: 3935346
[Tue, 28 Jul 2026 18:29:24 IST] [INFO] Width: 1024, Height: 768
[Tue, 28 Jul 2026 18:29:24 IST] [INFO] GetWindowDC succeeded: true
[Tue, 28 Jul 2026 18:29:24 IST] [INFO] CreateCompatibleDC succeeded: true
[Tue, 28 Jul 2026 18:29:24 IST] [INFO] CreateCompatibleBitmap succeeded: true
[Tue, 28 Jul 2026 18:29:24 IST] [INFO] SelectObject succeeded: true
[Tue, 28 Jul 2026 18:29:24 IST] [INFO] PrintWindow return value: 1
[Tue, 28 Jul 2026 18:29:24 IST] [INFO] Fallback PrintWindow() is executed: false
[Tue, 28 Jul 2026 18:29:24 IST] [INFO] GetDIBits return value: 768
[Tue, 28 Jul 2026 18:29:24 IST] [INFO] Number of scanlines copied: 768
[Tue, 28 Jul 2026 18:29:24 IST] [INFO] GetDIBits Width: 1024
[Tue, 28 Jul 2026 18:29:24 IST] [INFO] GetDIBits Height: 768
[Tue, 28 Jul 2026 18:29:24 IST] [INFO] Bitmap format: BI_RGB (32-bit)
[Tue, 28 Jul 2026 18:29:24 IST] [INFO] Non-black pixels: 488109
[Tue, 28 Jul 2026 18:29:24 IST] [INFO] Transparent pixels: 0
[Tue, 28 Jul 2026 18:29:24 IST] [INFO] Opaque pixels: 786432
[Tue, 28 Jul 2026 18:29:24 IST] [INFO] Dirty rectangle empty
[Tue, 28 Jul 2026 18:29:24 IST] [INFO] ========== Capture Tick ==========
[Tue, 28 Jul 2026 18:29:24 IST] [INFO] Current timestamp: 2026-07-28 18:29:24.9598843 +0530 IST m=+52.808599301
[Tue, 28 Jul 2026 18:29:24 IST] [INFO] HWND: 3935346
[Tue, 28 Jul 2026 18:29:24 IST] [INFO] FindWindowByPID() succeeded: true
[Tue, 28 Jul 2026 18:29:24 IST] [INFO] Process is still alive: true
[Tue, 28 Jul 2026 18:29:24 IST] [INFO] CaptureWindow entered
[Tue, 28 Jul 2026 18:29:24 IST] [INFO] HWND: 3935346
[Tue, 28 Jul 2026 18:29:24 IST] [INFO] Width: 1024, Height: 768
[Tue, 28 Jul 2026 18:29:24 IST] [INFO] GetWindowDC succeeded: true
[Tue, 28 Jul 2026 18:29:24 IST] [INFO] CreateCompatibleDC succeeded: true
[Tue, 28 Jul 2026 18:29:24 IST] [INFO] CreateCompatibleBitmap succeeded: true
[Tue, 28 Jul 2026 18:29:24 IST] [INFO] SelectObject succeeded: true
[Tue, 28 Jul 2026 18:29:24 IST] [INFO] PrintWindow return value: 1
[Tue, 28 Jul 2026 18:29:24 IST] [INFO] Fallback PrintWindow() is executed: false
[Tue, 28 Jul 2026 18:29:24 IST] [INFO] GetDIBits return value: 768
[Tue, 28 Jul 2026 18:29:24 IST] [INFO] Number of scanlines copied: 768
[Tue, 28 Jul 2026 18:29:24 IST] [INFO] GetDIBits Width: 1024
[Tue, 28 Jul 2026 18:29:24 IST] [INFO] GetDIBits Height: 768
[Tue, 28 Jul 2026 18:29:24 IST] [INFO] Bitmap format: BI_RGB (32-bit)
[Tue, 28 Jul 2026 18:29:24 IST] [INFO] Non-black pixels: 488109
[Tue, 28 Jul 2026 18:29:24 IST] [INFO] Transparent pixels: 0
[Tue, 28 Jul 2026 18:29:24 IST] [INFO] Opaque pixels: 786432
[Tue, 28 Jul 2026 18:29:24 IST] [INFO] Dirty rectangle empty
[Tue, 28 Jul 2026 18:29:25 IST] [INFO] ========== Capture Tick ==========
[Tue, 28 Jul 2026 18:29:25 IST] [INFO] Current timestamp: 2026-07-28 18:29:25.060145 +0530 IST m=+52.908860001
[Tue, 28 Jul 2026 18:29:25 IST] [INFO] HWND: 3935346
[Tue, 28 Jul 2026 18:29:25 IST] [INFO] FindWindowByPID() succeeded: true
[Tue, 28 Jul 2026 18:29:25 IST] [INFO] Process is still alive: true
[Tue, 28 Jul 2026 18:29:25 IST] [INFO] CaptureWindow entered
[Tue, 28 Jul 2026 18:29:25 IST] [INFO] HWND: 3935346
[Tue, 28 Jul 2026 18:29:25 IST] [INFO] Width: 1024, Height: 768
[Tue, 28 Jul 2026 18:29:25 IST] [INFO] GetWindowDC succeeded: true
[Tue, 28 Jul 2026 18:29:25 IST] [INFO] CreateCompatibleDC succeeded: true
[Tue, 28 Jul 2026 18:29:25 IST] [INFO] CreateCompatibleBitmap succeeded: true
[Tue, 28 Jul 2026 18:29:25 IST] [INFO] SelectObject succeeded: true
[Tue, 28 Jul 2026 18:29:25 IST] [INFO] PrintWindow return value: 1
[Tue, 28 Jul 2026 18:29:25 IST] [INFO] Fallback PrintWindow() is executed: false
[Tue, 28 Jul 2026 18:29:25 IST] [INFO] GetDIBits return value: 768
[Tue, 28 Jul 2026 18:29:25 IST] [INFO] Number of scanlines copied: 768
[Tue, 28 Jul 2026 18:29:25 IST] [INFO] GetDIBits Width: 1024
[Tue, 28 Jul 2026 18:29:25 IST] [INFO] GetDIBits Height: 768
[Tue, 28 Jul 2026 18:29:25 IST] [INFO] Bitmap format: BI_RGB (32-bit)
[Tue, 28 Jul 2026 18:29:25 IST] [INFO] Non-black pixels: 488109
[Tue, 28 Jul 2026 18:29:25 IST] [INFO] Transparent pixels: 0
[Tue, 28 Jul 2026 18:29:25 IST] [INFO] Opaque pixels: 786432
[Tue, 28 Jul 2026 18:29:25 IST] [INFO] Dirty rectangle empty
[Tue, 28 Jul 2026 18:29:25 IST] [INFO] ========== Capture Tick ==========
[Tue, 28 Jul 2026 18:29:25 IST] [INFO] Current timestamp: 2026-07-28 18:29:25.159927 +0530 IST m=+53.008642001
[Tue, 28 Jul 2026 18:29:25 IST] [INFO] HWND: 3935346
[Tue, 28 Jul 2026 18:29:25 IST] [INFO] FindWindowByPID() succeeded: true
[Tue, 28 Jul 2026 18:29:25 IST] [INFO] Process is still alive: true
[Tue, 28 Jul 2026 18:29:25 IST] [INFO] CaptureWindow entered
[Tue, 28 Jul 2026 18:29:25 IST] [INFO] HWND: 3935346
[Tue, 28 Jul 2026 18:29:25 IST] [INFO] Width: 1024, Height: 768
[Tue, 28 Jul 2026 18:29:25 IST] [INFO] GetWindowDC succeeded: true
[Tue, 28 Jul 2026 18:29:25 IST] [INFO] CreateCompatibleDC succeeded: true
[Tue, 28 Jul 2026 18:29:25 IST] [INFO] CreateCompatibleBitmap succeeded: true
[Tue, 28 Jul 2026 18:29:25 IST] [INFO] SelectObject succeeded: true
[Tue, 28 Jul 2026 18:29:25 IST] [INFO] PrintWindow return value: 1
[Tue, 28 Jul 2026 18:29:25 IST] [INFO] Fallback PrintWindow() is executed: false
[Tue, 28 Jul 2026 18:29:25 IST] [INFO] GetDIBits return value: 768
[Tue, 28 Jul 2026 18:29:25 IST] [INFO] Number of scanlines copied: 768
[Tue, 28 Jul 2026 18:29:25 IST] [INFO] GetDIBits Width: 1024
[Tue, 28 Jul 2026 18:29:25 IST] [INFO] GetDIBits Height: 768
[Tue, 28 Jul 2026 18:29:25 IST] [INFO] Bitmap format: BI_RGB (32-bit)
[Tue, 28 Jul 2026 18:29:25 IST] [INFO] Non-black pixels: 488109
[Tue, 28 Jul 2026 18:29:25 IST] [INFO] Transparent pixels: 0
[Tue, 28 Jul 2026 18:29:25 IST] [INFO] Opaque pixels: 786432
[Tue, 28 Jul 2026 18:29:25 IST] [INFO] Dirty rectangle empty
[Tue, 28 Jul 2026 18:29:25 IST] [INFO] ========== Capture Tick ==========
[Tue, 28 Jul 2026 18:29:25 IST] [INFO] Current timestamp: 2026-07-28 18:29:25.2601757 +0530 IST m=+53.108890701
[Tue, 28 Jul 2026 18:29:25 IST] [INFO] HWND: 3935346
[Tue, 28 Jul 2026 18:29:25 IST] [INFO] FindWindowByPID() succeeded: true
[Tue, 28 Jul 2026 18:29:25 IST] [INFO] Process is still alive: true
[Tue, 28 Jul 2026 18:29:25 IST] [INFO] CaptureWindow entered
[Tue, 28 Jul 2026 18:29:25 IST] [INFO] HWND: 3935346
[Tue, 28 Jul 2026 18:29:25 IST] [INFO] Width: 1024, Height: 768
[Tue, 28 Jul 2026 18:29:25 IST] [INFO] GetWindowDC succeeded: true
[Tue, 28 Jul 2026 18:29:25 IST] [INFO] CreateCompatibleDC succeeded: true
[Tue, 28 Jul 2026 18:29:25 IST] [INFO] CreateCompatibleBitmap succeeded: true
[Tue, 28 Jul 2026 18:29:25 IST] [INFO] SelectObject succeeded: true
[Tue, 28 Jul 2026 18:29:25 IST] [INFO] PrintWindow return value: 1
[Tue, 28 Jul 2026 18:29:25 IST] [INFO] Fallback PrintWindow() is executed: false
[Tue, 28 Jul 2026 18:29:25 IST] [INFO] GetDIBits return value: 768
[Tue, 28 Jul 2026 18:29:25 IST] [INFO] Number of scanlines copied: 768
[Tue, 28 Jul 2026 18:29:25 IST] [INFO] GetDIBits Width: 1024
[Tue, 28 Jul 2026 18:29:25 IST] [INFO] GetDIBits Height: 768
[Tue, 28 Jul 2026 18:29:25 IST] [INFO] Bitmap format: BI_RGB (32-bit)
[Tue, 28 Jul 2026 18:29:25 IST] [INFO] Non-black pixels: 488109
[Tue, 28 Jul 2026 18:29:25 IST] [INFO] Transparent pixels: 0
[Tue, 28 Jul 2026 18:29:25 IST] [INFO] Opaque pixels: 786432
[Tue, 28 Jul 2026 18:29:25 IST] [INFO] Dirty rectangle empty
[Tue, 28 Jul 2026 18:29:25 IST] [INFO] ========== Capture Tick ==========
[Tue, 28 Jul 2026 18:29:25 IST] [INFO] Current timestamp: 2026-07-28 18:29:25.359814 +0530 IST m=+53.208529001
[Tue, 28 Jul 2026 18:29:25 IST] [INFO] HWND: 3935346
[Tue, 28 Jul 2026 18:29:25 IST] [INFO] FindWindowByPID() succeeded: true
[Tue, 28 Jul 2026 18:29:25 IST] [INFO] Process is still alive: true
[Tue, 28 Jul 2026 18:29:25 IST] [INFO] CaptureWindow entered
[Tue, 28 Jul 2026 18:29:25 IST] [INFO] HWND: 3935346
[Tue, 28 Jul 2026 18:29:25 IST] [INFO] Width: 1024, Height: 768
[Tue, 28 Jul 2026 18:29:25 IST] [INFO] GetWindowDC succeeded: true
[Tue, 28 Jul 2026 18:29:25 IST] [INFO] CreateCompatibleDC succeeded: true
[Tue, 28 Jul 2026 18:29:25 IST] [INFO] CreateCompatibleBitmap succeeded: true
[Tue, 28 Jul 2026 18:29:25 IST] [INFO] SelectObject succeeded: true
[Tue, 28 Jul 2026 18:29:25 IST] [INFO] PrintWindow return value: 1
[Tue, 28 Jul 2026 18:29:25 IST] [INFO] Fallback PrintWindow() is executed: false
[Tue, 28 Jul 2026 18:29:25 IST] [INFO] GetDIBits return value: 768
[Tue, 28 Jul 2026 18:29:25 IST] [INFO] Number of scanlines copied: 768
[Tue, 28 Jul 2026 18:29:25 IST] [INFO] GetDIBits Width: 1024
[Tue, 28 Jul 2026 18:29:25 IST] [INFO] GetDIBits Height: 768
[Tue, 28 Jul 2026 18:29:25 IST] [INFO] Bitmap format: BI_RGB (32-bit)
[Tue, 28 Jul 2026 18:29:25 IST] [INFO] Non-black pixels: 488109
[Tue, 28 Jul 2026 18:29:25 IST] [INFO] Transparent pixels: 0
[Tue, 28 Jul 2026 18:29:25 IST] [INFO] Opaque pixels: 786432
[Tue, 28 Jul 2026 18:29:25 IST] [INFO] Dirty rectangle empty
[Tue, 28 Jul 2026 18:29:25 IST] [INFO] ========== Capture Tick ==========
[Tue, 28 Jul 2026 18:29:25 IST] [INFO] Current timestamp: 2026-07-28 18:29:25.4598188 +0530 IST m=+53.308533801
[Tue, 28 Jul 2026 18:29:25 IST] [INFO] HWND: 3935346
[Tue, 28 Jul 2026 18:29:25 IST] [INFO] FindWindowByPID() succeeded: true
[Tue, 28 Jul 2026 18:29:25 IST] [INFO] Process is still alive: true
[Tue, 28 Jul 2026 18:29:25 IST] [INFO] CaptureWindow entered
[Tue, 28 Jul 2026 18:29:25 IST] [INFO] HWND: 3935346
[Tue, 28 Jul 2026 18:29:25 IST] [INFO] Width: 1024, Height: 768
[Tue, 28 Jul 2026 18:29:25 IST] [INFO] GetWindowDC succeeded: true
[Tue, 28 Jul 2026 18:29:25 IST] [INFO] CreateCompatibleDC succeeded: true
[Tue, 28 Jul 2026 18:29:25 IST] [INFO] CreateCompatibleBitmap succeeded: true
[Tue, 28 Jul 2026 18:29:25 IST] [INFO] SelectObject succeeded: true
[Tue, 28 Jul 2026 18:29:25 IST] [INFO] PrintWindow return value: 1
[Tue, 28 Jul 2026 18:29:25 IST] [INFO] Fallback PrintWindow() is executed: false
[Tue, 28 Jul 2026 18:29:25 IST] [INFO] GetDIBits return value: 768
[Tue, 28 Jul 2026 18:29:25 IST] [INFO] Number of scanlines copied: 768
[Tue, 28 Jul 2026 18:29:25 IST] [INFO] GetDIBits Width: 1024
[Tue, 28 Jul 2026 18:29:25 IST] [INFO] GetDIBits Height: 768
[Tue, 28 Jul 2026 18:29:25 IST] [INFO] Bitmap format: BI_RGB (32-bit)
[Tue, 28 Jul 2026 18:29:25 IST] [INFO] Non-black pixels: 488109
[Tue, 28 Jul 2026 18:29:25 IST] [INFO] Transparent pixels: 0
[Tue, 28 Jul 2026 18:29:25 IST] [INFO] Opaque pixels: 786432
[Tue, 28 Jul 2026 18:29:25 IST] [INFO] Dirty rectangle empty
[Tue, 28 Jul 2026 18:29:25 IST] [INFO] ========== Capture Tick ==========
[Tue, 28 Jul 2026 18:29:25 IST] [INFO] Current timestamp: 2026-07-28 18:29:25.5606549 +0530 IST m=+53.409369901
[Tue, 28 Jul 2026 18:29:25 IST] [INFO] HWND: 3935346
[Tue, 28 Jul 2026 18:29:25 IST] [INFO] FindWindowByPID() succeeded: true
[Tue, 28 Jul 2026 18:29:25 IST] [INFO] Process is still alive: true
[Tue, 28 Jul 2026 18:29:25 IST] [INFO] CaptureWindow entered
[Tue, 28 Jul 2026 18:29:25 IST] [INFO] HWND: 3935346
[Tue, 28 Jul 2026 18:29:25 IST] [INFO] Width: 1024, Height: 768
[Tue, 28 Jul 2026 18:29:25 IST] [INFO] GetWindowDC succeeded: true
[Tue, 28 Jul 2026 18:29:25 IST] [INFO] CreateCompatibleDC succeeded: true
[Tue, 28 Jul 2026 18:29:25 IST] [INFO] CreateCompatibleBitmap succeeded: true
[Tue, 28 Jul 2026 18:29:25 IST] [INFO] SelectObject succeeded: true
[Tue, 28 Jul 2026 18:29:25 IST] [INFO] PrintWindow return value: 1
[Tue, 28 Jul 2026 18:29:25 IST] [INFO] Fallback PrintWindow() is executed: false
[Tue, 28 Jul 2026 18:29:25 IST] [INFO] GetDIBits return value: 768
[Tue, 28 Jul 2026 18:29:25 IST] [INFO] Number of scanlines copied: 768
[Tue, 28 Jul 2026 18:29:25 IST] [INFO] GetDIBits Width: 1024
[Tue, 28 Jul 2026 18:29:25 IST] [INFO] GetDIBits Height: 768
[Tue, 28 Jul 2026 18:29:25 IST] [INFO] Bitmap format: BI_RGB (32-bit)
[Tue, 28 Jul 2026 18:29:25 IST] [INFO] Non-black pixels: 488109
[Tue, 28 Jul 2026 18:29:25 IST] [INFO] Transparent pixels: 0
[Tue, 28 Jul 2026 18:29:25 IST] [INFO] Opaque pixels: 786432
[Tue, 28 Jul 2026 18:29:25 IST] [INFO] Dirty rectangle empty
[Tue, 28 Jul 2026 18:29:25 IST] [INFO] ========== Capture Tick ==========
[Tue, 28 Jul 2026 18:29:25 IST] [INFO] Current timestamp: 2026-07-28 18:29:25.6603672 +0530 IST m=+53.509082201
[Tue, 28 Jul 2026 18:29:25 IST] [INFO] HWND: 3935346
[Tue, 28 Jul 2026 18:29:25 IST] [INFO] FindWindowByPID() succeeded: true
[Tue, 28 Jul 2026 18:29:25 IST] [INFO] Process is still alive: true
[Tue, 28 Jul 2026 18:29:25 IST] [INFO] CaptureWindow entered
[Tue, 28 Jul 2026 18:29:25 IST] [INFO] HWND: 3935346
[Tue, 28 Jul 2026 18:29:25 IST] [INFO] Width: 1024, Height: 768
[Tue, 28 Jul 2026 18:29:25 IST] [INFO] GetWindowDC succeeded: true
[Tue, 28 Jul 2026 18:29:25 IST] [INFO] CreateCompatibleDC succeeded: true
[Tue, 28 Jul 2026 18:29:25 IST] [INFO] CreateCompatibleBitmap succeeded: true
[Tue, 28 Jul 2026 18:29:25 IST] [INFO] SelectObject succeeded: true
[Tue, 28 Jul 2026 18:29:25 IST] [INFO] PrintWindow return value: 1
[Tue, 28 Jul 2026 18:29:25 IST] [INFO] Fallback PrintWindow() is executed: false
[Tue, 28 Jul 2026 18:29:25 IST] [INFO] GetDIBits return value: 768
[Tue, 28 Jul 2026 18:29:25 IST] [INFO] Number of scanlines copied: 768
[Tue, 28 Jul 2026 18:29:25 IST] [INFO] GetDIBits Width: 1024
[Tue, 28 Jul 2026 18:29:25 IST] [INFO] GetDIBits Height: 768
[Tue, 28 Jul 2026 18:29:25 IST] [INFO] Bitmap format: BI_RGB (32-bit)
[Tue, 28 Jul 2026 18:29:25 IST] [INFO] Non-black pixels: 488109
[Tue, 28 Jul 2026 18:29:25 IST] [INFO] Transparent pixels: 0
[Tue, 28 Jul 2026 18:29:25 IST] [INFO] Opaque pixels: 786432
[Tue, 28 Jul 2026 18:29:25 IST] [INFO] Dirty rectangle empty
[Tue, 28 Jul 2026 18:29:25 IST] [INFO] ========== Capture Tick ==========
[Tue, 28 Jul 2026 18:29:25 IST] [INFO] Current timestamp: 2026-07-28 18:29:25.7602014 +0530 IST m=+53.608916401
[Tue, 28 Jul 2026 18:29:25 IST] [INFO] HWND: 3935346
[Tue, 28 Jul 2026 18:29:25 IST] [INFO] FindWindowByPID() succeeded: true
[Tue, 28 Jul 2026 18:29:25 IST] [INFO] Process is still alive: true
[Tue, 28 Jul 2026 18:29:25 IST] [INFO] CaptureWindow entered
[Tue, 28 Jul 2026 18:29:25 IST] [INFO] HWND: 3935346
[Tue, 28 Jul 2026 18:29:25 IST] [INFO] Width: 1024, Height: 768
[Tue, 28 Jul 2026 18:29:25 IST] [INFO] GetWindowDC succeeded: true
[Tue, 28 Jul 2026 18:29:25 IST] [INFO] CreateCompatibleDC succeeded: true
[Tue, 28 Jul 2026 18:29:25 IST] [INFO] CreateCompatibleBitmap succeeded: true
[Tue, 28 Jul 2026 18:29:25 IST] [INFO] SelectObject succeeded: true
[Tue, 28 Jul 2026 18:29:25 IST] [INFO] PrintWindow return value: 1
[Tue, 28 Jul 2026 18:29:25 IST] [INFO] Fallback PrintWindow() is executed: false
[Tue, 28 Jul 2026 18:29:25 IST] [INFO] GetDIBits return value: 768
[Tue, 28 Jul 2026 18:29:25 IST] [INFO] Number of scanlines copied: 768
[Tue, 28 Jul 2026 18:29:25 IST] [INFO] GetDIBits Width: 1024
[Tue, 28 Jul 2026 18:29:25 IST] [INFO] GetDIBits Height: 768
[Tue, 28 Jul 2026 18:29:25 IST] [INFO] Bitmap format: BI_RGB (32-bit)
[Tue, 28 Jul 2026 18:29:25 IST] [INFO] Non-black pixels: 494533
[Tue, 28 Jul 2026 18:29:25 IST] [INFO] Transparent pixels: 0
[Tue, 28 Jul 2026 18:29:25 IST] [INFO] Opaque pixels: 786432
[Tue, 28 Jul 2026 18:29:25 IST] [INFO] Dirty rectangle coordinates: (308,215)-(715,535)
[Tue, 28 Jul 2026 18:29:25 IST] [INFO] Width: 407
[Tue, 28 Jul 2026 18:29:25 IST] [INFO] Height: 320
[Tue, 28 Jul 2026 18:29:25 IST] [INFO] PNG encoding started
[Tue, 28 Jul 2026 18:29:25 IST] [INFO] PNG encoding finished
[Tue, 28 Jul 2026 18:29:25 IST] [INFO] PNG byte size: 10106
[Tue, 28 Jul 2026 18:29:25 IST] [INFO] Base64 byte size: 13476
[Tue, 28 Jul 2026 18:29:25 IST] [INFO] TX img: Stream ID: 13, Timestamp: 2026-07-28 18:29:25.8141391 +0530 IST m=+53.662854101
[Tue, 28 Jul 2026 18:29:25 IST] [INFO] Queue length: 0
[Tue, 28 Jul 2026 18:29:25 IST] [INFO] Whether send blocks: yes, if queue is full
[Tue, 28 Jul 2026 18:29:25 IST] [INFO] Whether send succeeds: true (queued)
[Tue, 28 Jul 2026 18:29:25 IST] [INFO] TX blob: Stream ID: 13, Blob size: 6000, Timestamp: 2026-07-28 18:29:25.8141391 +0530 IST m=+53.662854101
[Tue, 28 Jul 2026 18:29:25 IST] [INFO] Queue length: 0
[Tue, 28 Jul 2026 18:29:25 IST] [INFO] Whether send blocks: yes, if queue is full
[Tue, 28 Jul 2026 18:29:25 IST] [INFO] Whether send succeeds: true (queued)
[Tue, 28 Jul 2026 18:29:25 IST] [INFO] TX blob: Stream ID: 13, Blob size: 6000, Timestamp: 2026-07-28 18:29:25.8141391 +0530 IST m=+53.662854101
[Tue, 28 Jul 2026 18:29:25 IST] [INFO] Queue length: 1
[Tue, 28 Jul 2026 18:29:25 IST] [INFO] Whether send blocks: yes, if queue is full
[Tue, 28 Jul 2026 18:29:25 IST] [INFO] Whether send succeeds: true (queued)
[Tue, 28 Jul 2026 18:29:25 IST] [INFO] TX blob: Stream ID: 13, Blob size: 1476, Timestamp: 2026-07-28 18:29:25.8141391 +0530 IST m=+53.662854101
[Tue, 28 Jul 2026 18:29:25 IST] [INFO] Queue length: 2
[Tue, 28 Jul 2026 18:29:25 IST] [INFO] Whether send blocks: yes, if queue is full
[Tue, 28 Jul 2026 18:29:25 IST] [INFO] Whether send succeeds: true (queued)
[Tue, 28 Jul 2026 18:29:25 IST] [INFO] TX end: Stream ID: 13, Timestamp: 2026-07-28 18:29:25.8141391 +0530 IST m=+53.662854101
[Tue, 28 Jul 2026 18:29:25 IST] [INFO] Queue length: 3
[Tue, 28 Jul 2026 18:29:25 IST] [INFO] Whether send blocks: yes, if queue is full
[Tue, 28 Jul 2026 18:29:25 IST] [INFO] Whether send succeeds: true (queued)
[Tue, 28 Jul 2026 18:29:25 IST] [INFO] TX sync: Timestamp: 2026-07-28 18:29:25.8141391 +0530 IST m=+53.662854101
[Tue, 28 Jul 2026 18:29:25 IST] [INFO] Queue length: 4
[Tue, 28 Jul 2026 18:29:25 IST] [INFO] Whether send blocks: yes, if queue is full
[Tue, 28 Jul 2026 18:29:25 IST] [INFO] Whether send succeeds: true (queued)
[Tue, 28 Jul 2026 18:29:25 IST] [INFO] ========== Capture Tick ==========
[Tue, 28 Jul 2026 18:29:25 IST] [INFO] Current timestamp: 2026-07-28 18:29:25.8600539 +0530 IST m=+53.708768901
[Tue, 28 Jul 2026 18:29:25 IST] [INFO] HWND: 3935346
[Tue, 28 Jul 2026 18:29:25 IST] [INFO] FindWindowByPID() succeeded: true
[Tue, 28 Jul 2026 18:29:25 IST] [INFO] Process is still alive: true
[Tue, 28 Jul 2026 18:29:25 IST] [INFO] CaptureWindow entered
[Tue, 28 Jul 2026 18:29:25 IST] [INFO] HWND: 3935346
[Tue, 28 Jul 2026 18:29:25 IST] [INFO] Width: 1024, Height: 768
[Tue, 28 Jul 2026 18:29:25 IST] [INFO] GetWindowDC succeeded: true
[Tue, 28 Jul 2026 18:29:25 IST] [INFO] CreateCompatibleDC succeeded: true
[Tue, 28 Jul 2026 18:29:25 IST] [INFO] CreateCompatibleBitmap succeeded: true
[Tue, 28 Jul 2026 18:29:25 IST] [INFO] SelectObject succeeded: true
[Tue, 28 Jul 2026 18:29:25 IST] [INFO] PrintWindow return value: 1
[Tue, 28 Jul 2026 18:29:25 IST] [INFO] Fallback PrintWindow() is executed: false
[Tue, 28 Jul 2026 18:29:25 IST] [INFO] GetDIBits return value: 768
[Tue, 28 Jul 2026 18:29:25 IST] [INFO] Number of scanlines copied: 768
[Tue, 28 Jul 2026 18:29:25 IST] [INFO] GetDIBits Width: 1024
[Tue, 28 Jul 2026 18:29:25 IST] [INFO] GetDIBits Height: 768
[Tue, 28 Jul 2026 18:29:25 IST] [INFO] Bitmap format: BI_RGB (32-bit)
[Tue, 28 Jul 2026 18:29:25 IST] [INFO] Non-black pixels: 494533
[Tue, 28 Jul 2026 18:29:25 IST] [INFO] Transparent pixels: 0
[Tue, 28 Jul 2026 18:29:25 IST] [INFO] Opaque pixels: 786432
[Tue, 28 Jul 2026 18:29:25 IST] [INFO] Dirty rectangle empty
[Tue, 28 Jul 2026 18:29:25 IST] [INFO] ========== Capture Tick ==========
[Tue, 28 Jul 2026 18:29:25 IST] [INFO] Current timestamp: 2026-07-28 18:29:25.9606864 +0530 IST m=+53.809401401
[Tue, 28 Jul 2026 18:29:25 IST] [INFO] HWND: 3935346
[Tue, 28 Jul 2026 18:29:25 IST] [INFO] FindWindowByPID() succeeded: true
[Tue, 28 Jul 2026 18:29:25 IST] [INFO] Process is still alive: true
[Tue, 28 Jul 2026 18:29:25 IST] [INFO] CaptureWindow entered
[Tue, 28 Jul 2026 18:29:25 IST] [INFO] HWND: 3935346
[Tue, 28 Jul 2026 18:29:25 IST] [INFO] Width: 1024, Height: 768
[Tue, 28 Jul 2026 18:29:25 IST] [INFO] GetWindowDC succeeded: true
[Tue, 28 Jul 2026 18:29:25 IST] [INFO] CreateCompatibleDC succeeded: true
[Tue, 28 Jul 2026 18:29:25 IST] [INFO] CreateCompatibleBitmap succeeded: true
[Tue, 28 Jul 2026 18:29:25 IST] [INFO] SelectObject succeeded: true
[Tue, 28 Jul 2026 18:29:25 IST] [INFO] PrintWindow return value: 1
[Tue, 28 Jul 2026 18:29:25 IST] [INFO] Fallback PrintWindow() is executed: false
[Tue, 28 Jul 2026 18:29:25 IST] [INFO] GetDIBits return value: 768
[Tue, 28 Jul 2026 18:29:25 IST] [INFO] Number of scanlines copied: 768
[Tue, 28 Jul 2026 18:29:25 IST] [INFO] GetDIBits Width: 1024
[Tue, 28 Jul 2026 18:29:25 IST] [INFO] GetDIBits Height: 768
[Tue, 28 Jul 2026 18:29:25 IST] [INFO] Bitmap format: BI_RGB (32-bit)
[Tue, 28 Jul 2026 18:29:25 IST] [INFO] Non-black pixels: 494533
[Tue, 28 Jul 2026 18:29:25 IST] [INFO] Transparent pixels: 0
[Tue, 28 Jul 2026 18:29:25 IST] [INFO] Opaque pixels: 786432
[Tue, 28 Jul 2026 18:29:26 IST] [INFO] Dirty rectangle empty
[Tue, 28 Jul 2026 18:29:26 IST] [INFO] ========== Capture Tick ==========
[Tue, 28 Jul 2026 18:29:26 IST] [INFO] Current timestamp: 2026-07-28 18:29:26.0603164 +0530 IST m=+53.909031401
[Tue, 28 Jul 2026 18:29:26 IST] [INFO] HWND: 3935346
[Tue, 28 Jul 2026 18:29:26 IST] [INFO] FindWindowByPID() succeeded: true
[Tue, 28 Jul 2026 18:29:26 IST] [INFO] Process is still alive: true
[Tue, 28 Jul 2026 18:29:26 IST] [INFO] CaptureWindow entered
[Tue, 28 Jul 2026 18:29:26 IST] [INFO] HWND: 3935346
[Tue, 28 Jul 2026 18:29:26 IST] [INFO] Width: 1024, Height: 768
[Tue, 28 Jul 2026 18:29:26 IST] [INFO] GetWindowDC succeeded: true
[Tue, 28 Jul 2026 18:29:26 IST] [INFO] CreateCompatibleDC succeeded: true
[Tue, 28 Jul 2026 18:29:26 IST] [INFO] CreateCompatibleBitmap succeeded: true
[Tue, 28 Jul 2026 18:29:26 IST] [INFO] SelectObject succeeded: true
[Tue, 28 Jul 2026 18:29:26 IST] [INFO] PrintWindow return value: 1
[Tue, 28 Jul 2026 18:29:26 IST] [INFO] Fallback PrintWindow() is executed: false
[Tue, 28 Jul 2026 18:29:26 IST] [INFO] GetDIBits return value: 768
[Tue, 28 Jul 2026 18:29:26 IST] [INFO] Number of scanlines copied: 768
[Tue, 28 Jul 2026 18:29:26 IST] [INFO] GetDIBits Width: 1024
[Tue, 28 Jul 2026 18:29:26 IST] [INFO] GetDIBits Height: 768
[Tue, 28 Jul 2026 18:29:26 IST] [INFO] Bitmap format: BI_RGB (32-bit)
[Tue, 28 Jul 2026 18:29:26 IST] [INFO] Non-black pixels: 494533
[Tue, 28 Jul 2026 18:29:26 IST] [INFO] Transparent pixels: 0
[Tue, 28 Jul 2026 18:29:26 IST] [INFO] Opaque pixels: 786432
[Tue, 28 Jul 2026 18:29:26 IST] [INFO] Dirty rectangle empty
[Tue, 28 Jul 2026 18:29:26 IST] [INFO] ========== Capture Tick ==========
[Tue, 28 Jul 2026 18:29:26 IST] [INFO] Current timestamp: 2026-07-28 18:29:26.1600509 +0530 IST m=+54.008765901
[Tue, 28 Jul 2026 18:29:26 IST] [INFO] HWND: 3935346
[Tue, 28 Jul 2026 18:29:26 IST] [INFO] FindWindowByPID() succeeded: true
[Tue, 28 Jul 2026 18:29:26 IST] [INFO] Process is still alive: true
[Tue, 28 Jul 2026 18:29:26 IST] [INFO] CaptureWindow entered
[Tue, 28 Jul 2026 18:29:26 IST] [INFO] HWND: 3935346
[Tue, 28 Jul 2026 18:29:26 IST] [INFO] Width: 1024, Height: 768
[Tue, 28 Jul 2026 18:29:26 IST] [INFO] GetWindowDC succeeded: true
[Tue, 28 Jul 2026 18:29:26 IST] [INFO] CreateCompatibleDC succeeded: true
[Tue, 28 Jul 2026 18:29:26 IST] [INFO] CreateCompatibleBitmap succeeded: true
[Tue, 28 Jul 2026 18:29:26 IST] [INFO] SelectObject succeeded: true
[Tue, 28 Jul 2026 18:29:26 IST] [INFO] PrintWindow return value: 1
[Tue, 28 Jul 2026 18:29:26 IST] [INFO] Fallback PrintWindow() is executed: false
[Tue, 28 Jul 2026 18:29:26 IST] [INFO] GetDIBits return value: 768
[Tue, 28 Jul 2026 18:29:26 IST] [INFO] Number of scanlines copied: 768
[Tue, 28 Jul 2026 18:29:26 IST] [INFO] GetDIBits Width: 1024
[Tue, 28 Jul 2026 18:29:26 IST] [INFO] GetDIBits Height: 768
[Tue, 28 Jul 2026 18:29:26 IST] [INFO] Bitmap format: BI_RGB (32-bit)
[Tue, 28 Jul 2026 18:29:26 IST] [INFO] Non-black pixels: 494533
[Tue, 28 Jul 2026 18:29:26 IST] [INFO] Transparent pixels: 0
[Tue, 28 Jul 2026 18:29:26 IST] [INFO] Opaque pixels: 786432
[Tue, 28 Jul 2026 18:29:26 IST] [INFO] Dirty rectangle empty
[Tue, 28 Jul 2026 18:29:26 IST] [INFO] ========== Capture Tick ==========
[Tue, 28 Jul 2026 18:29:26 IST] [INFO] Current timestamp: 2026-07-28 18:29:26.2599803 +0530 IST m=+54.108695301
[Tue, 28 Jul 2026 18:29:26 IST] [INFO] HWND: 3935346
[Tue, 28 Jul 2026 18:29:26 IST] [INFO] FindWindowByPID() succeeded: true
[Tue, 28 Jul 2026 18:29:26 IST] [INFO] Process is still alive: true
[Tue, 28 Jul 2026 18:29:26 IST] [INFO] CaptureWindow entered
[Tue, 28 Jul 2026 18:29:26 IST] [INFO] HWND: 3935346
[Tue, 28 Jul 2026 18:29:26 IST] [INFO] Width: 1024, Height: 768
[Tue, 28 Jul 2026 18:29:26 IST] [INFO] GetWindowDC succeeded: true
[Tue, 28 Jul 2026 18:29:26 IST] [INFO] CreateCompatibleDC succeeded: true
[Tue, 28 Jul 2026 18:29:26 IST] [INFO] CreateCompatibleBitmap succeeded: true
[Tue, 28 Jul 2026 18:29:26 IST] [INFO] SelectObject succeeded: true
[Tue, 28 Jul 2026 18:29:26 IST] [INFO] PrintWindow return value: 1
[Tue, 28 Jul 2026 18:29:26 IST] [INFO] Fallback PrintWindow() is executed: false
[Tue, 28 Jul 2026 18:29:26 IST] [INFO] GetDIBits return value: 768
[Tue, 28 Jul 2026 18:29:26 IST] [INFO] Number of scanlines copied: 768
[Tue, 28 Jul 2026 18:29:26 IST] [INFO] GetDIBits Width: 1024
[Tue, 28 Jul 2026 18:29:26 IST] [INFO] GetDIBits Height: 768
[Tue, 28 Jul 2026 18:29:26 IST] [INFO] Bitmap format: BI_RGB (32-bit)
[Tue, 28 Jul 2026 18:29:26 IST] [INFO] Non-black pixels: 494533
[Tue, 28 Jul 2026 18:29:26 IST] [INFO] Transparent pixels: 0
[Tue, 28 Jul 2026 18:29:26 IST] [INFO] Opaque pixels: 786432
[Tue, 28 Jul 2026 18:29:26 IST] [INFO] Dirty rectangle empty
[Tue, 28 Jul 2026 18:29:26 IST] [INFO] ========== Capture Tick ==========
[Tue, 28 Jul 2026 18:29:26 IST] [INFO] Current timestamp: 2026-07-28 18:29:26.36012 +0530 IST m=+54.208835001
[Tue, 28 Jul 2026 18:29:26 IST] [INFO] HWND: 3935346
[Tue, 28 Jul 2026 18:29:26 IST] [INFO] FindWindowByPID() succeeded: true
[Tue, 28 Jul 2026 18:29:26 IST] [INFO] Process is still alive: true
[Tue, 28 Jul 2026 18:29:26 IST] [INFO] CaptureWindow entered
[Tue, 28 Jul 2026 18:29:26 IST] [INFO] HWND: 3935346
[Tue, 28 Jul 2026 18:29:26 IST] [INFO] Width: 1024, Height: 768
[Tue, 28 Jul 2026 18:29:26 IST] [INFO] GetWindowDC succeeded: true
[Tue, 28 Jul 2026 18:29:26 IST] [INFO] CreateCompatibleDC succeeded: true
[Tue, 28 Jul 2026 18:29:26 IST] [INFO] CreateCompatibleBitmap succeeded: true
[Tue, 28 Jul 2026 18:29:26 IST] [INFO] SelectObject succeeded: true
[Tue, 28 Jul 2026 18:29:26 IST] [INFO] PrintWindow return value: 1
[Tue, 28 Jul 2026 18:29:26 IST] [INFO] Fallback PrintWindow() is executed: false
[Tue, 28 Jul 2026 18:29:26 IST] [INFO] GetDIBits return value: 768
[Tue, 28 Jul 2026 18:29:26 IST] [INFO] Number of scanlines copied: 768
[Tue, 28 Jul 2026 18:29:26 IST] [INFO] GetDIBits Width: 1024
[Tue, 28 Jul 2026 18:29:26 IST] [INFO] GetDIBits Height: 768
[Tue, 28 Jul 2026 18:29:26 IST] [INFO] Bitmap format: BI_RGB (32-bit)
[Tue, 28 Jul 2026 18:29:26 IST] [INFO] Non-black pixels: 494533
[Tue, 28 Jul 2026 18:29:26 IST] [INFO] Transparent pixels: 0
[Tue, 28 Jul 2026 18:29:26 IST] [INFO] Opaque pixels: 786432
[Tue, 28 Jul 2026 18:29:26 IST] [INFO] Dirty rectangle empty
[Tue, 28 Jul 2026 18:29:26 IST] [INFO] ========== Capture Tick ==========
[Tue, 28 Jul 2026 18:29:26 IST] [INFO] Current timestamp: 2026-07-28 18:29:26.4600445 +0530 IST m=+54.308759501
[Tue, 28 Jul 2026 18:29:26 IST] [INFO] HWND: 3935346
[Tue, 28 Jul 2026 18:29:26 IST] [INFO] FindWindowByPID() succeeded: true
[Tue, 28 Jul 2026 18:29:26 IST] [INFO] Process is still alive: true
[Tue, 28 Jul 2026 18:29:26 IST] [INFO] CaptureWindow entered
[Tue, 28 Jul 2026 18:29:26 IST] [INFO] HWND: 3935346
[Tue, 28 Jul 2026 18:29:26 IST] [INFO] Width: 1024, Height: 768
[Tue, 28 Jul 2026 18:29:26 IST] [INFO] GetWindowDC succeeded: true
[Tue, 28 Jul 2026 18:29:26 IST] [INFO] CreateCompatibleDC succeeded: true
[Tue, 28 Jul 2026 18:29:26 IST] [INFO] CreateCompatibleBitmap succeeded: true
[Tue, 28 Jul 2026 18:29:26 IST] [INFO] SelectObject succeeded: true
[Tue, 28 Jul 2026 18:29:26 IST] [INFO] PrintWindow return value: 1
[Tue, 28 Jul 2026 18:29:26 IST] [INFO] Fallback PrintWindow() is executed: false
[Tue, 28 Jul 2026 18:29:26 IST] [INFO] GetDIBits return value: 768
[Tue, 28 Jul 2026 18:29:26 IST] [INFO] Number of scanlines copied: 768
[Tue, 28 Jul 2026 18:29:26 IST] [INFO] GetDIBits Width: 1024
[Tue, 28 Jul 2026 18:29:26 IST] [INFO] GetDIBits Height: 768
[Tue, 28 Jul 2026 18:29:26 IST] [INFO] Bitmap format: BI_RGB (32-bit)
[Tue, 28 Jul 2026 18:29:26 IST] [INFO] Non-black pixels: 494533
[Tue, 28 Jul 2026 18:29:26 IST] [INFO] Transparent pixels: 0
[Tue, 28 Jul 2026 18:29:26 IST] [INFO] Opaque pixels: 786432
[Tue, 28 Jul 2026 18:29:26 IST] [INFO] Dirty rectangle empty
[Tue, 28 Jul 2026 18:29:26 IST] [INFO] ========== Capture Tick ==========
[Tue, 28 Jul 2026 18:29:26 IST] [INFO] Current timestamp: 2026-07-28 18:29:26.5600324 +0530 IST m=+54.408747401
[Tue, 28 Jul 2026 18:29:26 IST] [INFO] HWND: 3935346
[Tue, 28 Jul 2026 18:29:26 IST] [INFO] FindWindowByPID() succeeded: true
[Tue, 28 Jul 2026 18:29:26 IST] [INFO] Process is still alive: true
[Tue, 28 Jul 2026 18:29:26 IST] [INFO] CaptureWindow entered
[Tue, 28 Jul 2026 18:29:26 IST] [INFO] HWND: 3935346
[Tue, 28 Jul 2026 18:29:26 IST] [INFO] Width: 1024, Height: 768
[Tue, 28 Jul 2026 18:29:26 IST] [INFO] GetWindowDC succeeded: true
[Tue, 28 Jul 2026 18:29:26 IST] [INFO] CreateCompatibleDC succeeded: true
[Tue, 28 Jul 2026 18:29:26 IST] [INFO] CreateCompatibleBitmap succeeded: true
[Tue, 28 Jul 2026 18:29:26 IST] [INFO] SelectObject succeeded: true
[Tue, 28 Jul 2026 18:29:26 IST] [INFO] PrintWindow return value: 1
[Tue, 28 Jul 2026 18:29:26 IST] [INFO] Fallback PrintWindow() is executed: false
[Tue, 28 Jul 2026 18:29:26 IST] [INFO] GetDIBits return value: 768
[Tue, 28 Jul 2026 18:29:26 IST] [INFO] Number of scanlines copied: 768
[Tue, 28 Jul 2026 18:29:26 IST] [INFO] GetDIBits Width: 1024
[Tue, 28 Jul 2026 18:29:26 IST] [INFO] GetDIBits Height: 768
[Tue, 28 Jul 2026 18:29:26 IST] [INFO] Bitmap format: BI_RGB (32-bit)
[Tue, 28 Jul 2026 18:29:26 IST] [INFO] Non-black pixels: 494533
[Tue, 28 Jul 2026 18:29:26 IST] [INFO] Transparent pixels: 0
[Tue, 28 Jul 2026 18:29:26 IST] [INFO] Opaque pixels: 786432
[Tue, 28 Jul 2026 18:29:26 IST] [INFO] Dirty rectangle empty
[Tue, 28 Jul 2026 18:29:26 IST] [INFO] ========== Capture Tick ==========
[Tue, 28 Jul 2026 18:29:26 IST] [INFO] Current timestamp: 2026-07-28 18:29:26.6600195 +0530 IST m=+54.508734501
[Tue, 28 Jul 2026 18:29:26 IST] [INFO] HWND: 3935346
[Tue, 28 Jul 2026 18:29:26 IST] [INFO] FindWindowByPID() succeeded: true
[Tue, 28 Jul 2026 18:29:26 IST] [INFO] Process is still alive: true
[Tue, 28 Jul 2026 18:29:26 IST] [INFO] CaptureWindow entered
[Tue, 28 Jul 2026 18:29:26 IST] [INFO] HWND: 3935346
[Tue, 28 Jul 2026 18:29:26 IST] [INFO] Width: 1024, Height: 768
[Tue, 28 Jul 2026 18:29:26 IST] [INFO] GetWindowDC succeeded: true
[Tue, 28 Jul 2026 18:29:26 IST] [INFO] CreateCompatibleDC succeeded: true
[Tue, 28 Jul 2026 18:29:26 IST] [INFO] CreateCompatibleBitmap succeeded: true
[Tue, 28 Jul 2026 18:29:26 IST] [INFO] SelectObject succeeded: true
[Tue, 28 Jul 2026 18:29:26 IST] [INFO] PrintWindow return value: 1
[Tue, 28 Jul 2026 18:29:26 IST] [INFO] Fallback PrintWindow() is executed: false
[Tue, 28 Jul 2026 18:29:26 IST] [INFO] GetDIBits return value: 768
[Tue, 28 Jul 2026 18:29:26 IST] [INFO] Number of scanlines copied: 768
[Tue, 28 Jul 2026 18:29:26 IST] [INFO] GetDIBits Width: 1024
[Tue, 28 Jul 2026 18:29:26 IST] [INFO] GetDIBits Height: 768
[Tue, 28 Jul 2026 18:29:26 IST] [INFO] Bitmap format: BI_RGB (32-bit)
[Tue, 28 Jul 2026 18:29:26 IST] [INFO] Non-black pixels: 494533
[Tue, 28 Jul 2026 18:29:26 IST] [INFO] Transparent pixels: 0
[Tue, 28 Jul 2026 18:29:26 IST] [INFO] Opaque pixels: 786432
[Tue, 28 Jul 2026 18:29:26 IST] [INFO] Dirty rectangle empty
[Tue, 28 Jul 2026 18:29:26 IST] [INFO] ========== Capture Tick ==========
[Tue, 28 Jul 2026 18:29:26 IST] [INFO] Current timestamp: 2026-07-28 18:29:26.7600937 +0530 IST m=+54.608808701
[Tue, 28 Jul 2026 18:29:26 IST] [INFO] HWND: 3935346
[Tue, 28 Jul 2026 18:29:26 IST] [INFO] FindWindowByPID() succeeded: true
[Tue, 28 Jul 2026 18:29:26 IST] [INFO] Process is still alive: true
[Tue, 28 Jul 2026 18:29:26 IST] [INFO] CaptureWindow entered
[Tue, 28 Jul 2026 18:29:26 IST] [INFO] HWND: 3935346
[Tue, 28 Jul 2026 18:29:26 IST] [INFO] Width: 1024, Height: 768
[Tue, 28 Jul 2026 18:29:26 IST] [INFO] GetWindowDC succeeded: true
[Tue, 28 Jul 2026 18:29:26 IST] [INFO] CreateCompatibleDC succeeded: true
[Tue, 28 Jul 2026 18:29:26 IST] [INFO] CreateCompatibleBitmap succeeded: true
[Tue, 28 Jul 2026 18:29:26 IST] [INFO] SelectObject succeeded: true
[Tue, 28 Jul 2026 18:29:26 IST] [INFO] PrintWindow return value: 1
[Tue, 28 Jul 2026 18:29:26 IST] [INFO] Fallback PrintWindow() is executed: false
[Tue, 28 Jul 2026 18:29:26 IST] [INFO] GetDIBits return value: 768
[Tue, 28 Jul 2026 18:29:26 IST] [INFO] Number of scanlines copied: 768
[Tue, 28 Jul 2026 18:29:26 IST] [INFO] GetDIBits Width: 1024
[Tue, 28 Jul 2026 18:29:26 IST] [INFO] GetDIBits Height: 768
[Tue, 28 Jul 2026 18:29:26 IST] [INFO] Bitmap format: BI_RGB (32-bit)
[Tue, 28 Jul 2026 18:29:26 IST] [INFO] Non-black pixels: 494533
[Tue, 28 Jul 2026 18:29:26 IST] [INFO] Transparent pixels: 0
[Tue, 28 Jul 2026 18:29:26 IST] [INFO] Opaque pixels: 786432
[Tue, 28 Jul 2026 18:29:26 IST] [INFO] Dirty rectangle empty
[Tue, 28 Jul 2026 18:29:26 IST] [INFO] ========== Capture Tick ==========
[Tue, 28 Jul 2026 18:29:26 IST] [INFO] Current timestamp: 2026-07-28 18:29:26.8604663 +0530 IST m=+54.709181301
[Tue, 28 Jul 2026 18:29:26 IST] [INFO] HWND: 3935346
[Tue, 28 Jul 2026 18:29:26 IST] [INFO] FindWindowByPID() succeeded: true
[Tue, 28 Jul 2026 18:29:26 IST] [INFO] Process is still alive: true
[Tue, 28 Jul 2026 18:29:26 IST] [INFO] CaptureWindow entered
[Tue, 28 Jul 2026 18:29:26 IST] [INFO] HWND: 3935346
[Tue, 28 Jul 2026 18:29:26 IST] [INFO] Width: 1024, Height: 768
[Tue, 28 Jul 2026 18:29:26 IST] [INFO] GetWindowDC succeeded: true
[Tue, 28 Jul 2026 18:29:26 IST] [INFO] CreateCompatibleDC succeeded: true
[Tue, 28 Jul 2026 18:29:26 IST] [INFO] CreateCompatibleBitmap succeeded: true
[Tue, 28 Jul 2026 18:29:26 IST] [INFO] SelectObject succeeded: true
[Tue, 28 Jul 2026 18:29:26 IST] [INFO] PrintWindow return value: 1
[Tue, 28 Jul 2026 18:29:26 IST] [INFO] Fallback PrintWindow() is executed: false
[Tue, 28 Jul 2026 18:29:26 IST] [INFO] GetDIBits return value: 768
[Tue, 28 Jul 2026 18:29:26 IST] [INFO] Number of scanlines copied: 768
[Tue, 28 Jul 2026 18:29:26 IST] [INFO] GetDIBits Width: 1024
[Tue, 28 Jul 2026 18:29:26 IST] [INFO] GetDIBits Height: 768
[Tue, 28 Jul 2026 18:29:26 IST] [INFO] Bitmap format: BI_RGB (32-bit)
[Tue, 28 Jul 2026 18:29:26 IST] [INFO] Non-black pixels: 494533
[Tue, 28 Jul 2026 18:29:26 IST] [INFO] Transparent pixels: 0
[Tue, 28 Jul 2026 18:29:26 IST] [INFO] Opaque pixels: 786432
[Tue, 28 Jul 2026 18:29:26 IST] [INFO] Dirty rectangle empty
[Tue, 28 Jul 2026 18:29:26 IST] [INFO] ========== Capture Tick ==========
[Tue, 28 Jul 2026 18:29:26 IST] [INFO] Current timestamp: 2026-07-28 18:29:26.9600742 +0530 IST m=+54.808789201
[Tue, 28 Jul 2026 18:29:26 IST] [INFO] HWND: 3935346
[Tue, 28 Jul 2026 18:29:26 IST] [INFO] FindWindowByPID() succeeded: true
[Tue, 28 Jul 2026 18:29:26 IST] [INFO] Process is still alive: true
[Tue, 28 Jul 2026 18:29:26 IST] [INFO] CaptureWindow entered
[Tue, 28 Jul 2026 18:29:26 IST] [INFO] HWND: 3935346
[Tue, 28 Jul 2026 18:29:26 IST] [INFO] Width: 1024, Height: 768
[Tue, 28 Jul 2026 18:29:26 IST] [INFO] GetWindowDC succeeded: true
[Tue, 28 Jul 2026 18:29:26 IST] [INFO] CreateCompatibleDC succeeded: true
[Tue, 28 Jul 2026 18:29:26 IST] [INFO] CreateCompatibleBitmap succeeded: true
[Tue, 28 Jul 2026 18:29:26 IST] [INFO] SelectObject succeeded: true
[Tue, 28 Jul 2026 18:29:26 IST] [INFO] PrintWindow return value: 1
[Tue, 28 Jul 2026 18:29:26 IST] [INFO] Fallback PrintWindow() is executed: false
[Tue, 28 Jul 2026 18:29:26 IST] [INFO] GetDIBits return value: 768
[Tue, 28 Jul 2026 18:29:26 IST] [INFO] Number of scanlines copied: 768
[Tue, 28 Jul 2026 18:29:26 IST] [INFO] GetDIBits Width: 1024
[Tue, 28 Jul 2026 18:29:26 IST] [INFO] GetDIBits Height: 768
[Tue, 28 Jul 2026 18:29:26 IST] [INFO] Bitmap format: BI_RGB (32-bit)
[Tue, 28 Jul 2026 18:29:26 IST] [INFO] Non-black pixels: 494533
[Tue, 28 Jul 2026 18:29:26 IST] [INFO] Transparent pixels: 0
[Tue, 28 Jul 2026 18:29:26 IST] [INFO] Opaque pixels: 786432
[Tue, 28 Jul 2026 18:29:26 IST] [INFO] Dirty rectangle empty
[Tue, 28 Jul 2026 18:29:27 IST] [INFO] ========== Capture Tick ==========
[Tue, 28 Jul 2026 18:29:27 IST] [INFO] Current timestamp: 2026-07-28 18:29:27.0601886 +0530 IST m=+54.908903601
[Tue, 28 Jul 2026 18:29:27 IST] [INFO] HWND: 3935346
[Tue, 28 Jul 2026 18:29:27 IST] [INFO] FindWindowByPID() succeeded: true
[Tue, 28 Jul 2026 18:29:27 IST] [INFO] Process is still alive: true
[Tue, 28 Jul 2026 18:29:27 IST] [INFO] CaptureWindow entered
[Tue, 28 Jul 2026 18:29:27 IST] [INFO] HWND: 3935346
[Tue, 28 Jul 2026 18:29:27 IST] [INFO] Width: 1024, Height: 768
[Tue, 28 Jul 2026 18:29:27 IST] [INFO] GetWindowDC succeeded: true
[Tue, 28 Jul 2026 18:29:27 IST] [INFO] CreateCompatibleDC succeeded: true
[Tue, 28 Jul 2026 18:29:27 IST] [INFO] CreateCompatibleBitmap succeeded: true
[Tue, 28 Jul 2026 18:29:27 IST] [INFO] SelectObject succeeded: true
[Tue, 28 Jul 2026 18:29:27 IST] [INFO] PrintWindow return value: 1
[Tue, 28 Jul 2026 18:29:27 IST] [INFO] Fallback PrintWindow() is executed: false
[Tue, 28 Jul 2026 18:29:27 IST] [INFO] GetDIBits return value: 768
[Tue, 28 Jul 2026 18:29:27 IST] [INFO] Number of scanlines copied: 768
[Tue, 28 Jul 2026 18:29:27 IST] [INFO] GetDIBits Width: 1024
[Tue, 28 Jul 2026 18:29:27 IST] [INFO] GetDIBits Height: 768
[Tue, 28 Jul 2026 18:29:27 IST] [INFO] Bitmap format: BI_RGB (32-bit)
[Tue, 28 Jul 2026 18:29:27 IST] [INFO] Non-black pixels: 494533
[Tue, 28 Jul 2026 18:29:27 IST] [INFO] Transparent pixels: 0
[Tue, 28 Jul 2026 18:29:27 IST] [INFO] Opaque pixels: 786432
[Tue, 28 Jul 2026 18:29:27 IST] [INFO] Dirty rectangle empty
[Tue, 28 Jul 2026 18:29:27 IST] [INFO] ========== Capture Tick ==========
[Tue, 28 Jul 2026 18:29:27 IST] [INFO] Current timestamp: 2026-07-28 18:29:27.1607309 +0530 IST m=+55.009445901
[Tue, 28 Jul 2026 18:29:27 IST] [INFO] HWND: 3935346
[Tue, 28 Jul 2026 18:29:27 IST] [INFO] FindWindowByPID() succeeded: true
[Tue, 28 Jul 2026 18:29:27 IST] [INFO] Process is still alive: true
[Tue, 28 Jul 2026 18:29:27 IST] [INFO] CaptureWindow entered
[Tue, 28 Jul 2026 18:29:27 IST] [INFO] HWND: 3935346
[Tue, 28 Jul 2026 18:29:27 IST] [INFO] Width: 1024, Height: 768
[Tue, 28 Jul 2026 18:29:27 IST] [INFO] GetWindowDC succeeded: true
[Tue, 28 Jul 2026 18:29:27 IST] [INFO] CreateCompatibleDC succeeded: true
[Tue, 28 Jul 2026 18:29:27 IST] [INFO] CreateCompatibleBitmap succeeded: true
[Tue, 28 Jul 2026 18:29:27 IST] [INFO] SelectObject succeeded: true
[Tue, 28 Jul 2026 18:29:27 IST] [INFO] PrintWindow return value: 1
[Tue, 28 Jul 2026 18:29:27 IST] [INFO] Fallback PrintWindow() is executed: false
[Tue, 28 Jul 2026 18:29:27 IST] [INFO] GetDIBits return value: 768
[Tue, 28 Jul 2026 18:29:27 IST] [INFO] Number of scanlines copied: 768
[Tue, 28 Jul 2026 18:29:27 IST] [INFO] GetDIBits Width: 1024
[Tue, 28 Jul 2026 18:29:27 IST] [INFO] GetDIBits Height: 768
[Tue, 28 Jul 2026 18:29:27 IST] [INFO] Bitmap format: BI_RGB (32-bit)
[Tue, 28 Jul 2026 18:29:27 IST] [INFO] Non-black pixels: 494533
[Tue, 28 Jul 2026 18:29:27 IST] [INFO] Transparent pixels: 0
[Tue, 28 Jul 2026 18:29:27 IST] [INFO] Opaque pixels: 786432
[Tue, 28 Jul 2026 18:29:27 IST] [INFO] Dirty rectangle empty
[Tue, 28 Jul 2026 18:29:27 IST] [INFO] ========== Capture Tick ==========
[Tue, 28 Jul 2026 18:29:27 IST] [INFO] Current timestamp: 2026-07-28 18:29:27.2599884 +0530 IST m=+55.108703401
[Tue, 28 Jul 2026 18:29:27 IST] [INFO] HWND: 3935346
[Tue, 28 Jul 2026 18:29:27 IST] [INFO] FindWindowByPID() succeeded: true
[Tue, 28 Jul 2026 18:29:27 IST] [INFO] Process is still alive: true
[Tue, 28 Jul 2026 18:29:27 IST] [INFO] CaptureWindow entered
[Tue, 28 Jul 2026 18:29:27 IST] [INFO] HWND: 3935346
[Tue, 28 Jul 2026 18:29:27 IST] [INFO] Width: 1024, Height: 768
[Tue, 28 Jul 2026 18:29:27 IST] [INFO] GetWindowDC succeeded: true
[Tue, 28 Jul 2026 18:29:27 IST] [INFO] CreateCompatibleDC succeeded: true
[Tue, 28 Jul 2026 18:29:27 IST] [INFO] CreateCompatibleBitmap succeeded: true
[Tue, 28 Jul 2026 18:29:27 IST] [INFO] SelectObject succeeded: true
[Tue, 28 Jul 2026 18:29:27 IST] [INFO] PrintWindow return value: 1
[Tue, 28 Jul 2026 18:29:27 IST] [INFO] Fallback PrintWindow() is executed: false
[Tue, 28 Jul 2026 18:29:27 IST] [INFO] GetDIBits return value: 768
[Tue, 28 Jul 2026 18:29:27 IST] [INFO] Number of scanlines copied: 768
[Tue, 28 Jul 2026 18:29:27 IST] [INFO] GetDIBits Width: 1024
[Tue, 28 Jul 2026 18:29:27 IST] [INFO] GetDIBits Height: 768
[Tue, 28 Jul 2026 18:29:27 IST] [INFO] Bitmap format: BI_RGB (32-bit)
[Tue, 28 Jul 2026 18:29:27 IST] [INFO] Non-black pixels: 494533
[Tue, 28 Jul 2026 18:29:27 IST] [INFO] Transparent pixels: 0
[Tue, 28 Jul 2026 18:29:27 IST] [INFO] Opaque pixels: 786432
[Tue, 28 Jul 2026 18:29:27 IST] [INFO] Dirty rectangle empty
[Tue, 28 Jul 2026 18:29:27 IST] [INFO] ========== Capture Tick ==========
[Tue, 28 Jul 2026 18:29:27 IST] [INFO] Current timestamp: 2026-07-28 18:29:27.3600659 +0530 IST m=+55.208780901
[Tue, 28 Jul 2026 18:29:27 IST] [INFO] HWND: 3935346
[Tue, 28 Jul 2026 18:29:27 IST] [INFO] FindWindowByPID() succeeded: true
[Tue, 28 Jul 2026 18:29:27 IST] [INFO] Process is still alive: true
[Tue, 28 Jul 2026 18:29:27 IST] [INFO] CaptureWindow entered
[Tue, 28 Jul 2026 18:29:27 IST] [INFO] HWND: 3935346
[Tue, 28 Jul 2026 18:29:27 IST] [INFO] Width: 1024, Height: 768
[Tue, 28 Jul 2026 18:29:27 IST] [INFO] GetWindowDC succeeded: true
[Tue, 28 Jul 2026 18:29:27 IST] [INFO] CreateCompatibleDC succeeded: true
[Tue, 28 Jul 2026 18:29:27 IST] [INFO] CreateCompatibleBitmap succeeded: true
[Tue, 28 Jul 2026 18:29:27 IST] [INFO] SelectObject succeeded: true
[Tue, 28 Jul 2026 18:29:27 IST] [INFO] PrintWindow return value: 1
[Tue, 28 Jul 2026 18:29:27 IST] [INFO] Fallback PrintWindow() is executed: false
[Tue, 28 Jul 2026 18:29:27 IST] [INFO] GetDIBits return value: 768
[Tue, 28 Jul 2026 18:29:27 IST] [INFO] Number of scanlines copied: 768
[Tue, 28 Jul 2026 18:29:27 IST] [INFO] GetDIBits Width: 1024
[Tue, 28 Jul 2026 18:29:27 IST] [INFO] GetDIBits Height: 768
[Tue, 28 Jul 2026 18:29:27 IST] [INFO] Bitmap format: BI_RGB (32-bit)
[Tue, 28 Jul 2026 18:29:27 IST] [INFO] Non-black pixels: 494533
[Tue, 28 Jul 2026 18:29:27 IST] [INFO] Transparent pixels: 0
[Tue, 28 Jul 2026 18:29:27 IST] [INFO] Opaque pixels: 786432
[Tue, 28 Jul 2026 18:29:27 IST] [INFO] Dirty rectangle empty
[Tue, 28 Jul 2026 18:29:27 IST] [INFO] ========== Capture Tick ==========
[Tue, 28 Jul 2026 18:29:27 IST] [INFO] Current timestamp: 2026-07-28 18:29:27.4602732 +0530 IST m=+55.308988201
[Tue, 28 Jul 2026 18:29:27 IST] [INFO] HWND: 3935346
[Tue, 28 Jul 2026 18:29:27 IST] [INFO] FindWindowByPID() succeeded: true
[Tue, 28 Jul 2026 18:29:27 IST] [INFO] Process is still alive: true
[Tue, 28 Jul 2026 18:29:27 IST] [INFO] CaptureWindow entered
[Tue, 28 Jul 2026 18:29:27 IST] [INFO] HWND: 3935346
[Tue, 28 Jul 2026 18:29:27 IST] [INFO] Width: 1024, Height: 768
[Tue, 28 Jul 2026 18:29:27 IST] [INFO] GetWindowDC succeeded: true
[Tue, 28 Jul 2026 18:29:27 IST] [INFO] CreateCompatibleDC succeeded: true
[Tue, 28 Jul 2026 18:29:27 IST] [INFO] CreateCompatibleBitmap succeeded: true
[Tue, 28 Jul 2026 18:29:27 IST] [INFO] SelectObject succeeded: true
[Tue, 28 Jul 2026 18:29:27 IST] [INFO] PrintWindow return value: 1
[Tue, 28 Jul 2026 18:29:27 IST] [INFO] Fallback PrintWindow() is executed: false
[Tue, 28 Jul 2026 18:29:27 IST] [INFO] GetDIBits return value: 768
[Tue, 28 Jul 2026 18:29:27 IST] [INFO] Number of scanlines copied: 768
[Tue, 28 Jul 2026 18:29:27 IST] [INFO] GetDIBits Width: 1024
[Tue, 28 Jul 2026 18:29:27 IST] [INFO] GetDIBits Height: 768
[Tue, 28 Jul 2026 18:29:27 IST] [INFO] Bitmap format: BI_RGB (32-bit)
[Tue, 28 Jul 2026 18:29:27 IST] [INFO] Non-black pixels: 494533
[Tue, 28 Jul 2026 18:29:27 IST] [INFO] Transparent pixels: 0
[Tue, 28 Jul 2026 18:29:27 IST] [INFO] Opaque pixels: 786432
[Tue, 28 Jul 2026 18:29:27 IST] [INFO] Dirty rectangle empty
[Tue, 28 Jul 2026 18:29:27 IST] [INFO] ========== Capture Tick ==========
[Tue, 28 Jul 2026 18:29:27 IST] [INFO] Current timestamp: 2026-07-28 18:29:27.5600968 +0530 IST m=+55.408811801
[Tue, 28 Jul 2026 18:29:27 IST] [INFO] HWND: 3935346
[Tue, 28 Jul 2026 18:29:27 IST] [INFO] FindWindowByPID() succeeded: true
[Tue, 28 Jul 2026 18:29:27 IST] [INFO] Process is still alive: true
[Tue, 28 Jul 2026 18:29:27 IST] [INFO] CaptureWindow entered
[Tue, 28 Jul 2026 18:29:27 IST] [INFO] HWND: 3935346
[Tue, 28 Jul 2026 18:29:27 IST] [INFO] Width: 1024, Height: 768
[Tue, 28 Jul 2026 18:29:27 IST] [INFO] GetWindowDC succeeded: true
[Tue, 28 Jul 2026 18:29:27 IST] [INFO] CreateCompatibleDC succeeded: true
[Tue, 28 Jul 2026 18:29:27 IST] [INFO] CreateCompatibleBitmap succeeded: true
[Tue, 28 Jul 2026 18:29:27 IST] [INFO] SelectObject succeeded: true
[Tue, 28 Jul 2026 18:29:27 IST] [INFO] PrintWindow return value: 1
[Tue, 28 Jul 2026 18:29:27 IST] [INFO] Fallback PrintWindow() is executed: false
[Tue, 28 Jul 2026 18:29:27 IST] [INFO] GetDIBits return value: 768
[Tue, 28 Jul 2026 18:29:27 IST] [INFO] Number of scanlines copied: 768
[Tue, 28 Jul 2026 18:29:27 IST] [INFO] GetDIBits Width: 1024
[Tue, 28 Jul 2026 18:29:27 IST] [INFO] GetDIBits Height: 768
[Tue, 28 Jul 2026 18:29:27 IST] [INFO] Bitmap format: BI_RGB (32-bit)
[Tue, 28 Jul 2026 18:29:27 IST] [INFO] Non-black pixels: 494533
[Tue, 28 Jul 2026 18:29:27 IST] [INFO] Transparent pixels: 0
[Tue, 28 Jul 2026 18:29:27 IST] [INFO] Opaque pixels: 786432
[Tue, 28 Jul 2026 18:29:27 IST] [INFO] Dirty rectangle empty
[Tue, 28 Jul 2026 18:29:27 IST] [INFO] ========== Capture Tick ==========
[Tue, 28 Jul 2026 18:29:27 IST] [INFO] Current timestamp: 2026-07-28 18:29:27.6602056 +0530 IST m=+55.508920601
[Tue, 28 Jul 2026 18:29:27 IST] [INFO] HWND: 3935346
[Tue, 28 Jul 2026 18:29:27 IST] [INFO] FindWindowByPID() succeeded: true
[Tue, 28 Jul 2026 18:29:27 IST] [INFO] Process is still alive: true
[Tue, 28 Jul 2026 18:29:27 IST] [INFO] CaptureWindow entered
[Tue, 28 Jul 2026 18:29:27 IST] [INFO] HWND: 3935346
[Tue, 28 Jul 2026 18:29:27 IST] [INFO] Width: 1024, Height: 768
[Tue, 28 Jul 2026 18:29:27 IST] [INFO] GetWindowDC succeeded: true
[Tue, 28 Jul 2026 18:29:27 IST] [INFO] CreateCompatibleDC succeeded: true
[Tue, 28 Jul 2026 18:29:27 IST] [INFO] CreateCompatibleBitmap succeeded: true
[Tue, 28 Jul 2026 18:29:27 IST] [INFO] SelectObject succeeded: true
[Tue, 28 Jul 2026 18:29:27 IST] [INFO] PrintWindow return value: 1
[Tue, 28 Jul 2026 18:29:27 IST] [INFO] Fallback PrintWindow() is executed: false
[Tue, 28 Jul 2026 18:29:27 IST] [INFO] GetDIBits return value: 768
[Tue, 28 Jul 2026 18:29:27 IST] [INFO] Number of scanlines copied: 768
[Tue, 28 Jul 2026 18:29:27 IST] [INFO] GetDIBits Width: 1024
[Tue, 28 Jul 2026 18:29:27 IST] [INFO] GetDIBits Height: 768
[Tue, 28 Jul 2026 18:29:27 IST] [INFO] Bitmap format: BI_RGB (32-bit)
[Tue, 28 Jul 2026 18:29:27 IST] [INFO] Non-black pixels: 494533
[Tue, 28 Jul 2026 18:29:27 IST] [INFO] Transparent pixels: 0
[Tue, 28 Jul 2026 18:29:27 IST] [INFO] Opaque pixels: 786432
[Tue, 28 Jul 2026 18:29:27 IST] [INFO] Dirty rectangle empty
[Tue, 28 Jul 2026 18:29:27 IST] [INFO] ========== Capture Tick ==========
[Tue, 28 Jul 2026 18:29:27 IST] [INFO] Current timestamp: 2026-07-28 18:29:27.7602957 +0530 IST m=+55.609010701
[Tue, 28 Jul 2026 18:29:27 IST] [INFO] HWND: 3935346
[Tue, 28 Jul 2026 18:29:27 IST] [INFO] FindWindowByPID() succeeded: true
[Tue, 28 Jul 2026 18:29:27 IST] [INFO] Process is still alive: true
[Tue, 28 Jul 2026 18:29:27 IST] [INFO] CaptureWindow entered
[Tue, 28 Jul 2026 18:29:27 IST] [INFO] HWND: 3935346
[Tue, 28 Jul 2026 18:29:27 IST] [INFO] Width: 1024, Height: 768
[Tue, 28 Jul 2026 18:29:27 IST] [INFO] GetWindowDC succeeded: true
[Tue, 28 Jul 2026 18:29:27 IST] [INFO] CreateCompatibleDC succeeded: true
[Tue, 28 Jul 2026 18:29:27 IST] [INFO] CreateCompatibleBitmap succeeded: true
[Tue, 28 Jul 2026 18:29:27 IST] [INFO] SelectObject succeeded: true
[Tue, 28 Jul 2026 18:29:27 IST] [INFO] PrintWindow return value: 1
[Tue, 28 Jul 2026 18:29:27 IST] [INFO] Fallback PrintWindow() is executed: false
[Tue, 28 Jul 2026 18:29:27 IST] [INFO] GetDIBits return value: 768
[Tue, 28 Jul 2026 18:29:27 IST] [INFO] Number of scanlines copied: 768
[Tue, 28 Jul 2026 18:29:27 IST] [INFO] GetDIBits Width: 1024
[Tue, 28 Jul 2026 18:29:27 IST] [INFO] GetDIBits Height: 768
[Tue, 28 Jul 2026 18:29:27 IST] [INFO] Bitmap format: BI_RGB (32-bit)
[Tue, 28 Jul 2026 18:29:27 IST] [INFO] Non-black pixels: 494533
[Tue, 28 Jul 2026 18:29:27 IST] [INFO] Transparent pixels: 0
[Tue, 28 Jul 2026 18:29:27 IST] [INFO] Opaque pixels: 786432
[Tue, 28 Jul 2026 18:29:27 IST] [INFO] Dirty rectangle empty
[Tue, 28 Jul 2026 18:29:27 IST] [INFO] ========== Capture Tick ==========
[Tue, 28 Jul 2026 18:29:27 IST] [INFO] Current timestamp: 2026-07-28 18:29:27.8604427 +0530 IST m=+55.709157701
[Tue, 28 Jul 2026 18:29:27 IST] [INFO] HWND: 3935346
[Tue, 28 Jul 2026 18:29:27 IST] [INFO] FindWindowByPID() succeeded: true
[Tue, 28 Jul 2026 18:29:27 IST] [INFO] Process is still alive: true
[Tue, 28 Jul 2026 18:29:27 IST] [INFO] CaptureWindow entered
[Tue, 28 Jul 2026 18:29:27 IST] [INFO] HWND: 3935346
[Tue, 28 Jul 2026 18:29:27 IST] [INFO] Width: 1024, Height: 768
[Tue, 28 Jul 2026 18:29:27 IST] [INFO] GetWindowDC succeeded: true
[Tue, 28 Jul 2026 18:29:27 IST] [INFO] CreateCompatibleDC succeeded: true
[Tue, 28 Jul 2026 18:29:27 IST] [INFO] CreateCompatibleBitmap succeeded: true
[Tue, 28 Jul 2026 18:29:27 IST] [INFO] SelectObject succeeded: true
[Tue, 28 Jul 2026 18:29:27 IST] [INFO] PrintWindow return value: 1
[Tue, 28 Jul 2026 18:29:27 IST] [INFO] Fallback PrintWindow() is executed: false
[Tue, 28 Jul 2026 18:29:27 IST] [INFO] GetDIBits return value: 768
[Tue, 28 Jul 2026 18:29:27 IST] [INFO] Number of scanlines copied: 768
[Tue, 28 Jul 2026 18:29:27 IST] [INFO] GetDIBits Width: 1024
[Tue, 28 Jul 2026 18:29:27 IST] [INFO] GetDIBits Height: 768
[Tue, 28 Jul 2026 18:29:27 IST] [INFO] Bitmap format: BI_RGB (32-bit)
[Tue, 28 Jul 2026 18:29:27 IST] [INFO] Non-black pixels: 494533
[Tue, 28 Jul 2026 18:29:27 IST] [INFO] Transparent pixels: 0
[Tue, 28 Jul 2026 18:29:27 IST] [INFO] Opaque pixels: 786432
[Tue, 28 Jul 2026 18:29:27 IST] [INFO] Dirty rectangle empty
[Tue, 28 Jul 2026 18:29:27 IST] [INFO] ========== Capture Tick ==========
[Tue, 28 Jul 2026 18:29:27 IST] [INFO] Current timestamp: 2026-07-28 18:29:27.9600477 +0530 IST m=+55.808762701
[Tue, 28 Jul 2026 18:29:27 IST] [INFO] HWND: 3935346
[Tue, 28 Jul 2026 18:29:27 IST] [INFO] FindWindowByPID() succeeded: true
[Tue, 28 Jul 2026 18:29:27 IST] [INFO] Process is still alive: true
[Tue, 28 Jul 2026 18:29:27 IST] [INFO] CaptureWindow entered
[Tue, 28 Jul 2026 18:29:27 IST] [INFO] HWND: 3935346
[Tue, 28 Jul 2026 18:29:27 IST] [INFO] Width: 1024, Height: 768
[Tue, 28 Jul 2026 18:29:27 IST] [INFO] GetWindowDC succeeded: true
[Tue, 28 Jul 2026 18:29:27 IST] [INFO] CreateCompatibleDC succeeded: true
[Tue, 28 Jul 2026 18:29:27 IST] [INFO] CreateCompatibleBitmap succeeded: true
[Tue, 28 Jul 2026 18:29:27 IST] [INFO] SelectObject succeeded: true
[Tue, 28 Jul 2026 18:29:27 IST] [INFO] PrintWindow return value: 1
[Tue, 28 Jul 2026 18:29:27 IST] [INFO] Fallback PrintWindow() is executed: false
[Tue, 28 Jul 2026 18:29:27 IST] [INFO] GetDIBits return value: 768
[Tue, 28 Jul 2026 18:29:27 IST] [INFO] Number of scanlines copied: 768
[Tue, 28 Jul 2026 18:29:27 IST] [INFO] GetDIBits Width: 1024
[Tue, 28 Jul 2026 18:29:27 IST] [INFO] GetDIBits Height: 768
[Tue, 28 Jul 2026 18:29:27 IST] [INFO] Bitmap format: BI_RGB (32-bit)
[Tue, 28 Jul 2026 18:29:27 IST] [INFO] Non-black pixels: 494533
[Tue, 28 Jul 2026 18:29:27 IST] [INFO] Transparent pixels: 0
[Tue, 28 Jul 2026 18:29:27 IST] [INFO] Opaque pixels: 786432
[Tue, 28 Jul 2026 18:29:27 IST] [INFO] Dirty rectangle empty
[Tue, 28 Jul 2026 18:29:28 IST] [INFO] ========== Capture Tick ==========
[Tue, 28 Jul 2026 18:29:28 IST] [INFO] Current timestamp: 2026-07-28 18:29:28.0601681 +0530 IST m=+55.908883101
[Tue, 28 Jul 2026 18:29:28 IST] [INFO] HWND: 3935346
[Tue, 28 Jul 2026 18:29:28 IST] [INFO] FindWindowByPID() succeeded: true
[Tue, 28 Jul 2026 18:29:28 IST] [INFO] Process is still alive: true
[Tue, 28 Jul 2026 18:29:28 IST] [INFO] CaptureWindow entered
[Tue, 28 Jul 2026 18:29:28 IST] [INFO] HWND: 3935346
[Tue, 28 Jul 2026 18:29:28 IST] [INFO] Width: 1024, Height: 768
[Tue, 28 Jul 2026 18:29:28 IST] [INFO] GetWindowDC succeeded: true
[Tue, 28 Jul 2026 18:29:28 IST] [INFO] CreateCompatibleDC succeeded: true
[Tue, 28 Jul 2026 18:29:28 IST] [INFO] CreateCompatibleBitmap succeeded: true
[Tue, 28 Jul 2026 18:29:28 IST] [INFO] SelectObject succeeded: true
[Tue, 28 Jul 2026 18:29:28 IST] [INFO] PrintWindow return value: 1
[Tue, 28 Jul 2026 18:29:28 IST] [INFO] Fallback PrintWindow() is executed: false
[Tue, 28 Jul 2026 18:29:28 IST] [INFO] GetDIBits return value: 768
[Tue, 28 Jul 2026 18:29:28 IST] [INFO] Number of scanlines copied: 768
[Tue, 28 Jul 2026 18:29:28 IST] [INFO] GetDIBits Width: 1024
[Tue, 28 Jul 2026 18:29:28 IST] [INFO] GetDIBits Height: 768
[Tue, 28 Jul 2026 18:29:28 IST] [INFO] Bitmap format: BI_RGB (32-bit)
[Tue, 28 Jul 2026 18:29:28 IST] [INFO] Non-black pixels: 494533
[Tue, 28 Jul 2026 18:29:28 IST] [INFO] Transparent pixels: 0
[Tue, 28 Jul 2026 18:29:28 IST] [INFO] Opaque pixels: 786432
[Tue, 28 Jul 2026 18:29:28 IST] [INFO] Dirty rectangle empty
[Tue, 28 Jul 2026 18:29:28 IST] [INFO] ========== Capture Tick ==========
[Tue, 28 Jul 2026 18:29:28 IST] [INFO] Current timestamp: 2026-07-28 18:29:28.1599401 +0530 IST m=+56.008655101
[Tue, 28 Jul 2026 18:29:28 IST] [INFO] HWND: 3935346
[Tue, 28 Jul 2026 18:29:28 IST] [INFO] FindWindowByPID() succeeded: true
[Tue, 28 Jul 2026 18:29:28 IST] [INFO] Process is still alive: true
[Tue, 28 Jul 2026 18:29:28 IST] [INFO] CaptureWindow entered
[Tue, 28 Jul 2026 18:29:28 IST] [INFO] HWND: 3935346
[Tue, 28 Jul 2026 18:29:28 IST] [INFO] Width: 1024, Height: 768
[Tue, 28 Jul 2026 18:29:28 IST] [INFO] GetWindowDC succeeded: true
[Tue, 28 Jul 2026 18:29:28 IST] [INFO] CreateCompatibleDC succeeded: true
[Tue, 28 Jul 2026 18:29:28 IST] [INFO] CreateCompatibleBitmap succeeded: true
[Tue, 28 Jul 2026 18:29:28 IST] [INFO] SelectObject succeeded: true
[Tue, 28 Jul 2026 18:29:28 IST] [INFO] PrintWindow return value: 1
[Tue, 28 Jul 2026 18:29:28 IST] [INFO] Fallback PrintWindow() is executed: false
[Tue, 28 Jul 2026 18:29:28 IST] [INFO] GetDIBits return value: 768
[Tue, 28 Jul 2026 18:29:28 IST] [INFO] Number of scanlines copied: 768
[Tue, 28 Jul 2026 18:29:28 IST] [INFO] GetDIBits Width: 1024
[Tue, 28 Jul 2026 18:29:28 IST] [INFO] GetDIBits Height: 768
[Tue, 28 Jul 2026 18:29:28 IST] [INFO] Bitmap format: BI_RGB (32-bit)
[Tue, 28 Jul 2026 18:29:28 IST] [INFO] Non-black pixels: 494533
[Tue, 28 Jul 2026 18:29:28 IST] [INFO] Transparent pixels: 0
[Tue, 28 Jul 2026 18:29:28 IST] [INFO] Opaque pixels: 786432
[Tue, 28 Jul 2026 18:29:28 IST] [INFO] Dirty rectangle empty
[Tue, 28 Jul 2026 18:29:28 IST] [INFO] ========== Capture Tick ==========
[Tue, 28 Jul 2026 18:29:28 IST] [INFO] Current timestamp: 2026-07-28 18:29:28.2600903 +0530 IST m=+56.108805301
[Tue, 28 Jul 2026 18:29:28 IST] [INFO] HWND: 3935346
[Tue, 28 Jul 2026 18:29:28 IST] [INFO] FindWindowByPID() succeeded: true
[Tue, 28 Jul 2026 18:29:28 IST] [INFO] Process is still alive: true
[Tue, 28 Jul 2026 18:29:28 IST] [INFO] CaptureWindow entered
[Tue, 28 Jul 2026 18:29:28 IST] [INFO] HWND: 3935346
[Tue, 28 Jul 2026 18:29:28 IST] [INFO] Width: 1024, Height: 768
[Tue, 28 Jul 2026 18:29:28 IST] [INFO] GetWindowDC succeeded: true
[Tue, 28 Jul 2026 18:29:28 IST] [INFO] CreateCompatibleDC succeeded: true
[Tue, 28 Jul 2026 18:29:28 IST] [INFO] CreateCompatibleBitmap succeeded: true
[Tue, 28 Jul 2026 18:29:28 IST] [INFO] SelectObject succeeded: true
[Tue, 28 Jul 2026 18:29:28 IST] [INFO] PrintWindow return value: 1
[Tue, 28 Jul 2026 18:29:28 IST] [INFO] Fallback PrintWindow() is executed: false
[Tue, 28 Jul 2026 18:29:28 IST] [INFO] GetDIBits return value: 768
[Tue, 28 Jul 2026 18:29:28 IST] [INFO] Number of scanlines copied: 768
[Tue, 28 Jul 2026 18:29:28 IST] [INFO] GetDIBits Width: 1024
[Tue, 28 Jul 2026 18:29:28 IST] [INFO] GetDIBits Height: 768
[Tue, 28 Jul 2026 18:29:28 IST] [INFO] Bitmap format: BI_RGB (32-bit)
[Tue, 28 Jul 2026 18:29:28 IST] [INFO] Non-black pixels: 494533
[Tue, 28 Jul 2026 18:29:28 IST] [INFO] Transparent pixels: 0
[Tue, 28 Jul 2026 18:29:28 IST] [INFO] Opaque pixels: 786432
[Tue, 28 Jul 2026 18:29:28 IST] [INFO] Dirty rectangle empty
[Tue, 28 Jul 2026 18:29:28 IST] [INFO] ========== Capture Tick ==========
[Tue, 28 Jul 2026 18:29:28 IST] [INFO] Current timestamp: 2026-07-28 18:29:28.3601266 +0530 IST m=+56.208841601
[Tue, 28 Jul 2026 18:29:28 IST] [INFO] HWND: 3935346
[Tue, 28 Jul 2026 18:29:28 IST] [INFO] FindWindowByPID() succeeded: true
[Tue, 28 Jul 2026 18:29:28 IST] [INFO] Process is still alive: true
[Tue, 28 Jul 2026 18:29:28 IST] [INFO] CaptureWindow entered
[Tue, 28 Jul 2026 18:29:28 IST] [INFO] HWND: 3935346
[Tue, 28 Jul 2026 18:29:28 IST] [INFO] Width: 1024, Height: 768
[Tue, 28 Jul 2026 18:29:28 IST] [INFO] GetWindowDC succeeded: true
[Tue, 28 Jul 2026 18:29:28 IST] [INFO] CreateCompatibleDC succeeded: true
[Tue, 28 Jul 2026 18:29:28 IST] [INFO] CreateCompatibleBitmap succeeded: true
[Tue, 28 Jul 2026 18:29:28 IST] [INFO] SelectObject succeeded: true
[Tue, 28 Jul 2026 18:29:28 IST] [INFO] PrintWindow return value: 1
[Tue, 28 Jul 2026 18:29:28 IST] [INFO] Fallback PrintWindow() is executed: false
[Tue, 28 Jul 2026 18:29:28 IST] [INFO] GetDIBits return value: 768
[Tue, 28 Jul 2026 18:29:28 IST] [INFO] Number of scanlines copied: 768
[Tue, 28 Jul 2026 18:29:28 IST] [INFO] GetDIBits Width: 1024
[Tue, 28 Jul 2026 18:29:28 IST] [INFO] GetDIBits Height: 768
[Tue, 28 Jul 2026 18:29:28 IST] [INFO] Bitmap format: BI_RGB (32-bit)
[Tue, 28 Jul 2026 18:29:28 IST] [INFO] Non-black pixels: 494533
[Tue, 28 Jul 2026 18:29:28 IST] [INFO] Transparent pixels: 0
[Tue, 28 Jul 2026 18:29:28 IST] [INFO] Opaque pixels: 786432
[Tue, 28 Jul 2026 18:29:28 IST] [INFO] Dirty rectangle empty
[Tue, 28 Jul 2026 18:29:28 IST] [INFO] ========== Capture Tick ==========
[Tue, 28 Jul 2026 18:29:28 IST] [INFO] Current timestamp: 2026-07-28 18:29:28.4602933 +0530 IST m=+56.309008301
[Tue, 28 Jul 2026 18:29:28 IST] [INFO] HWND: 3935346
[Tue, 28 Jul 2026 18:29:28 IST] [INFO] FindWindowByPID() succeeded: true
[Tue, 28 Jul 2026 18:29:28 IST] [INFO] Process is still alive: true
[Tue, 28 Jul 2026 18:29:28 IST] [INFO] CaptureWindow entered
[Tue, 28 Jul 2026 18:29:28 IST] [INFO] HWND: 3935346
[Tue, 28 Jul 2026 18:29:28 IST] [INFO] Width: 1024, Height: 768
[Tue, 28 Jul 2026 18:29:28 IST] [INFO] GetWindowDC succeeded: true
[Tue, 28 Jul 2026 18:29:28 IST] [INFO] CreateCompatibleDC succeeded: true
[Tue, 28 Jul 2026 18:29:28 IST] [INFO] CreateCompatibleBitmap succeeded: true
[Tue, 28 Jul 2026 18:29:28 IST] [INFO] SelectObject succeeded: true
[Tue, 28 Jul 2026 18:29:28 IST] [INFO] PrintWindow return value: 1
[Tue, 28 Jul 2026 18:29:28 IST] [INFO] Fallback PrintWindow() is executed: false
[Tue, 28 Jul 2026 18:29:28 IST] [INFO] GetDIBits return value: 768
[Tue, 28 Jul 2026 18:29:28 IST] [INFO] Number of scanlines copied: 768
[Tue, 28 Jul 2026 18:29:28 IST] [INFO] GetDIBits Width: 1024
[Tue, 28 Jul 2026 18:29:28 IST] [INFO] GetDIBits Height: 768
[Tue, 28 Jul 2026 18:29:28 IST] [INFO] Bitmap format: BI_RGB (32-bit)
[Tue, 28 Jul 2026 18:29:28 IST] [INFO] Non-black pixels: 494533
[Tue, 28 Jul 2026 18:29:28 IST] [INFO] Transparent pixels: 0
[Tue, 28 Jul 2026 18:29:28 IST] [INFO] Opaque pixels: 786432
[Tue, 28 Jul 2026 18:29:28 IST] [INFO] Dirty rectangle empty
[Tue, 28 Jul 2026 18:29:28 IST] [INFO] ========== Capture Tick ==========
[Tue, 28 Jul 2026 18:29:28 IST] [INFO] Current timestamp: 2026-07-28 18:29:28.5599773 +0530 IST m=+56.408692301
[Tue, 28 Jul 2026 18:29:28 IST] [INFO] HWND: 3935346
[Tue, 28 Jul 2026 18:29:28 IST] [INFO] FindWindowByPID() succeeded: true
[Tue, 28 Jul 2026 18:29:28 IST] [INFO] Process is still alive: true
[Tue, 28 Jul 2026 18:29:28 IST] [INFO] CaptureWindow entered
[Tue, 28 Jul 2026 18:29:28 IST] [INFO] HWND: 3935346
[Tue, 28 Jul 2026 18:29:28 IST] [INFO] Width: 1024, Height: 768
[Tue, 28 Jul 2026 18:29:28 IST] [INFO] GetWindowDC succeeded: true
[Tue, 28 Jul 2026 18:29:28 IST] [INFO] CreateCompatibleDC succeeded: true
[Tue, 28 Jul 2026 18:29:28 IST] [INFO] CreateCompatibleBitmap succeeded: true
[Tue, 28 Jul 2026 18:29:28 IST] [INFO] SelectObject succeeded: true
[Tue, 28 Jul 2026 18:29:28 IST] [INFO] PrintWindow return value: 1
[Tue, 28 Jul 2026 18:29:28 IST] [INFO] Fallback PrintWindow() is executed: false
[Tue, 28 Jul 2026 18:29:28 IST] [INFO] GetDIBits return value: 768
[Tue, 28 Jul 2026 18:29:28 IST] [INFO] Number of scanlines copied: 768
[Tue, 28 Jul 2026 18:29:28 IST] [INFO] GetDIBits Width: 1024
[Tue, 28 Jul 2026 18:29:28 IST] [INFO] GetDIBits Height: 768
[Tue, 28 Jul 2026 18:29:28 IST] [INFO] Bitmap format: BI_RGB (32-bit)
[Tue, 28 Jul 2026 18:29:28 IST] [INFO] Non-black pixels: 494533
[Tue, 28 Jul 2026 18:29:28 IST] [INFO] Transparent pixels: 0
[Tue, 28 Jul 2026 18:29:28 IST] [INFO] Opaque pixels: 786432
[Tue, 28 Jul 2026 18:29:28 IST] [INFO] Dirty rectangle empty
[Tue, 28 Jul 2026 18:29:28 IST] [INFO] ========== Capture Tick ==========
[Tue, 28 Jul 2026 18:29:28 IST] [INFO] Current timestamp: 2026-07-28 18:29:28.6608711 +0530 IST m=+56.509586101
[Tue, 28 Jul 2026 18:29:28 IST] [INFO] HWND: 3935346
[Tue, 28 Jul 2026 18:29:28 IST] [INFO] FindWindowByPID() succeeded: true
[Tue, 28 Jul 2026 18:29:28 IST] [INFO] Process is still alive: true
[Tue, 28 Jul 2026 18:29:28 IST] [INFO] CaptureWindow entered
[Tue, 28 Jul 2026 18:29:28 IST] [INFO] HWND: 3935346
[Tue, 28 Jul 2026 18:29:28 IST] [INFO] Width: 1024, Height: 768
[Tue, 28 Jul 2026 18:29:28 IST] [INFO] GetWindowDC succeeded: true
[Tue, 28 Jul 2026 18:29:28 IST] [INFO] CreateCompatibleDC succeeded: true
[Tue, 28 Jul 2026 18:29:28 IST] [INFO] CreateCompatibleBitmap succeeded: true
[Tue, 28 Jul 2026 18:29:28 IST] [INFO] SelectObject succeeded: true
[Tue, 28 Jul 2026 18:29:28 IST] [INFO] PrintWindow return value: 1
[Tue, 28 Jul 2026 18:29:28 IST] [INFO] Fallback PrintWindow() is executed: false
[Tue, 28 Jul 2026 18:29:28 IST] [INFO] GetDIBits return value: 768
[Tue, 28 Jul 2026 18:29:28 IST] [INFO] Number of scanlines copied: 768
[Tue, 28 Jul 2026 18:29:28 IST] [INFO] GetDIBits Width: 1024
[Tue, 28 Jul 2026 18:29:28 IST] [INFO] GetDIBits Height: 768
[Tue, 28 Jul 2026 18:29:28 IST] [INFO] Bitmap format: BI_RGB (32-bit)
[Tue, 28 Jul 2026 18:29:28 IST] [INFO] Non-black pixels: 494533
[Tue, 28 Jul 2026 18:29:28 IST] [INFO] Transparent pixels: 0
[Tue, 28 Jul 2026 18:29:28 IST] [INFO] Opaque pixels: 786432
[Tue, 28 Jul 2026 18:29:28 IST] [INFO] Dirty rectangle empty
[Tue, 28 Jul 2026 18:29:28 IST] [INFO] ========== Capture Tick ==========
[Tue, 28 Jul 2026 18:29:28 IST] [INFO] Current timestamp: 2026-07-28 18:29:28.7604634 +0530 IST m=+56.609178401
[Tue, 28 Jul 2026 18:29:28 IST] [INFO] HWND: 3935346
[Tue, 28 Jul 2026 18:29:28 IST] [INFO] FindWindowByPID() succeeded: true
[Tue, 28 Jul 2026 18:29:28 IST] [INFO] Process is still alive: true
[Tue, 28 Jul 2026 18:29:28 IST] [INFO] CaptureWindow entered
[Tue, 28 Jul 2026 18:29:28 IST] [INFO] HWND: 3935346
[Tue, 28 Jul 2026 18:29:28 IST] [INFO] Width: 1024, Height: 768
[Tue, 28 Jul 2026 18:29:28 IST] [INFO] GetWindowDC succeeded: true
[Tue, 28 Jul 2026 18:29:28 IST] [INFO] CreateCompatibleDC succeeded: true
[Tue, 28 Jul 2026 18:29:28 IST] [INFO] CreateCompatibleBitmap succeeded: true
[Tue, 28 Jul 2026 18:29:28 IST] [INFO] SelectObject succeeded: true
[Tue, 28 Jul 2026 18:29:28 IST] [INFO] PrintWindow return value: 1
[Tue, 28 Jul 2026 18:29:28 IST] [INFO] Fallback PrintWindow() is executed: false
[Tue, 28 Jul 2026 18:29:28 IST] [INFO] GetDIBits return value: 768
[Tue, 28 Jul 2026 18:29:28 IST] [INFO] Number of scanlines copied: 768
[Tue, 28 Jul 2026 18:29:28 IST] [INFO] GetDIBits Width: 1024
[Tue, 28 Jul 2026 18:29:28 IST] [INFO] GetDIBits Height: 768
[Tue, 28 Jul 2026 18:29:28 IST] [INFO] Bitmap format: BI_RGB (32-bit)
[Tue, 28 Jul 2026 18:29:28 IST] [INFO] Non-black pixels: 494533
[Tue, 28 Jul 2026 18:29:28 IST] [INFO] Transparent pixels: 0
[Tue, 28 Jul 2026 18:29:28 IST] [INFO] Opaque pixels: 786432
[Tue, 28 Jul 2026 18:29:28 IST] [INFO] Dirty rectangle empty
[Tue, 28 Jul 2026 18:29:28 IST] [INFO] ========== Capture Tick ==========
[Tue, 28 Jul 2026 18:29:28 IST] [INFO] Current timestamp: 2026-07-28 18:29:28.8600236 +0530 IST m=+56.708738601
[Tue, 28 Jul 2026 18:29:28 IST] [INFO] HWND: 3935346
[Tue, 28 Jul 2026 18:29:28 IST] [INFO] FindWindowByPID() succeeded: true
[Tue, 28 Jul 2026 18:29:28 IST] [INFO] Process is still alive: true
[Tue, 28 Jul 2026 18:29:28 IST] [INFO] CaptureWindow entered
[Tue, 28 Jul 2026 18:29:28 IST] [INFO] HWND: 3935346
[Tue, 28 Jul 2026 18:29:28 IST] [INFO] Width: 1024, Height: 768
[Tue, 28 Jul 2026 18:29:28 IST] [INFO] GetWindowDC succeeded: true
[Tue, 28 Jul 2026 18:29:28 IST] [INFO] CreateCompatibleDC succeeded: true
[Tue, 28 Jul 2026 18:29:28 IST] [INFO] CreateCompatibleBitmap succeeded: true
[Tue, 28 Jul 2026 18:29:28 IST] [INFO] SelectObject succeeded: true
[Tue, 28 Jul 2026 18:29:28 IST] [INFO] PrintWindow return value: 1
[Tue, 28 Jul 2026 18:29:28 IST] [INFO] Fallback PrintWindow() is executed: false
[Tue, 28 Jul 2026 18:29:28 IST] [INFO] GetDIBits return value: 768
[Tue, 28 Jul 2026 18:29:28 IST] [INFO] Number of scanlines copied: 768
[Tue, 28 Jul 2026 18:29:28 IST] [INFO] GetDIBits Width: 1024
[Tue, 28 Jul 2026 18:29:28 IST] [INFO] GetDIBits Height: 768
[Tue, 28 Jul 2026 18:29:28 IST] [INFO] Bitmap format: BI_RGB (32-bit)
[Tue, 28 Jul 2026 18:29:28 IST] [INFO] Non-black pixels: 494533
[Tue, 28 Jul 2026 18:29:28 IST] [INFO] Transparent pixels: 0
[Tue, 28 Jul 2026 18:29:28 IST] [INFO] Opaque pixels: 786432
[Tue, 28 Jul 2026 18:29:28 IST] [INFO] Dirty rectangle empty
[Tue, 28 Jul 2026 18:29:28 IST] [INFO] ========== Capture Tick ==========
[Tue, 28 Jul 2026 18:29:28 IST] [INFO] Current timestamp: 2026-07-28 18:29:28.9607086 +0530 IST m=+56.809423601
[Tue, 28 Jul 2026 18:29:28 IST] [INFO] HWND: 3935346
[Tue, 28 Jul 2026 18:29:28 IST] [INFO] FindWindowByPID() succeeded: true
[Tue, 28 Jul 2026 18:29:28 IST] [INFO] Process is still alive: true
[Tue, 28 Jul 2026 18:29:28 IST] [INFO] CaptureWindow entered
[Tue, 28 Jul 2026 18:29:28 IST] [INFO] HWND: 3935346
[Tue, 28 Jul 2026 18:29:28 IST] [INFO] Width: 1024, Height: 768
[Tue, 28 Jul 2026 18:29:28 IST] [INFO] GetWindowDC succeeded: true
[Tue, 28 Jul 2026 18:29:28 IST] [INFO] CreateCompatibleDC succeeded: true
[Tue, 28 Jul 2026 18:29:28 IST] [INFO] CreateCompatibleBitmap succeeded: true
[Tue, 28 Jul 2026 18:29:28 IST] [INFO] SelectObject succeeded: true
[Tue, 28 Jul 2026 18:29:28 IST] [INFO] PrintWindow return value: 1
[Tue, 28 Jul 2026 18:29:28 IST] [INFO] Fallback PrintWindow() is executed: false
[Tue, 28 Jul 2026 18:29:28 IST] [INFO] GetDIBits return value: 768
[Tue, 28 Jul 2026 18:29:28 IST] [INFO] Number of scanlines copied: 768
[Tue, 28 Jul 2026 18:29:28 IST] [INFO] GetDIBits Width: 1024
[Tue, 28 Jul 2026 18:29:28 IST] [INFO] GetDIBits Height: 768
[Tue, 28 Jul 2026 18:29:28 IST] [INFO] Bitmap format: BI_RGB (32-bit)
[Tue, 28 Jul 2026 18:29:28 IST] [INFO] Non-black pixels: 494533
[Tue, 28 Jul 2026 18:29:28 IST] [INFO] Transparent pixels: 0
[Tue, 28 Jul 2026 18:29:28 IST] [INFO] Opaque pixels: 786432
[Tue, 28 Jul 2026 18:29:28 IST] [INFO] Dirty rectangle empty
[Tue, 28 Jul 2026 18:29:29 IST] [INFO] ========== Capture Tick ==========
[Tue, 28 Jul 2026 18:29:29 IST] [INFO] Current timestamp: 2026-07-28 18:29:29.0602479 +0530 IST m=+56.908962901
[Tue, 28 Jul 2026 18:29:29 IST] [INFO] HWND: 3935346
[Tue, 28 Jul 2026 18:29:29 IST] [INFO] FindWindowByPID() succeeded: true
[Tue, 28 Jul 2026 18:29:29 IST] [INFO] Process is still alive: true
[Tue, 28 Jul 2026 18:29:29 IST] [INFO] CaptureWindow entered
[Tue, 28 Jul 2026 18:29:29 IST] [INFO] HWND: 3935346
[Tue, 28 Jul 2026 18:29:29 IST] [INFO] Width: 1024, Height: 768
[Tue, 28 Jul 2026 18:29:29 IST] [INFO] GetWindowDC succeeded: true
[Tue, 28 Jul 2026 18:29:29 IST] [INFO] CreateCompatibleDC succeeded: true
[Tue, 28 Jul 2026 18:29:29 IST] [INFO] CreateCompatibleBitmap succeeded: true
[Tue, 28 Jul 2026 18:29:29 IST] [INFO] SelectObject succeeded: true
[Tue, 28 Jul 2026 18:29:29 IST] [INFO] PrintWindow return value: 1
[Tue, 28 Jul 2026 18:29:29 IST] [INFO] Fallback PrintWindow() is executed: false
[Tue, 28 Jul 2026 18:29:29 IST] [INFO] GetDIBits return value: 768
[Tue, 28 Jul 2026 18:29:29 IST] [INFO] Number of scanlines copied: 768
[Tue, 28 Jul 2026 18:29:29 IST] [INFO] GetDIBits Width: 1024
[Tue, 28 Jul 2026 18:29:29 IST] [INFO] GetDIBits Height: 768
[Tue, 28 Jul 2026 18:29:29 IST] [INFO] Bitmap format: BI_RGB (32-bit)
[Tue, 28 Jul 2026 18:29:29 IST] [INFO] Non-black pixels: 494533
[Tue, 28 Jul 2026 18:29:29 IST] [INFO] Transparent pixels: 0
[Tue, 28 Jul 2026 18:29:29 IST] [INFO] Opaque pixels: 786432
[Tue, 28 Jul 2026 18:29:29 IST] [INFO] Dirty rectangle empty
[Tue, 28 Jul 2026 18:29:29 IST] [INFO] ========== Capture Tick ==========
[Tue, 28 Jul 2026 18:29:29 IST] [INFO] Current timestamp: 2026-07-28 18:29:29.1601297 +0530 IST m=+57.008844701
[Tue, 28 Jul 2026 18:29:29 IST] [INFO] HWND: 3935346
[Tue, 28 Jul 2026 18:29:29 IST] [INFO] FindWindowByPID() succeeded: true
[Tue, 28 Jul 2026 18:29:29 IST] [INFO] Process is still alive: true
[Tue, 28 Jul 2026 18:29:29 IST] [INFO] CaptureWindow entered
[Tue, 28 Jul 2026 18:29:29 IST] [INFO] HWND: 3935346
[Tue, 28 Jul 2026 18:29:29 IST] [INFO] Width: 1024, Height: 768
[Tue, 28 Jul 2026 18:29:29 IST] [INFO] GetWindowDC succeeded: true
[Tue, 28 Jul 2026 18:29:29 IST] [INFO] CreateCompatibleDC succeeded: true
[Tue, 28 Jul 2026 18:29:29 IST] [INFO] CreateCompatibleBitmap succeeded: true
[Tue, 28 Jul 2026 18:29:29 IST] [INFO] SelectObject succeeded: true
[Tue, 28 Jul 2026 18:29:29 IST] [INFO] PrintWindow return value: 1
[Tue, 28 Jul 2026 18:29:29 IST] [INFO] Fallback PrintWindow() is executed: false
[Tue, 28 Jul 2026 18:29:29 IST] [INFO] GetDIBits return value: 768
[Tue, 28 Jul 2026 18:29:29 IST] [INFO] Number of scanlines copied: 768
[Tue, 28 Jul 2026 18:29:29 IST] [INFO] GetDIBits Width: 1024
[Tue, 28 Jul 2026 18:29:29 IST] [INFO] GetDIBits Height: 768
[Tue, 28 Jul 2026 18:29:29 IST] [INFO] Bitmap format: BI_RGB (32-bit)
[Tue, 28 Jul 2026 18:29:29 IST] [INFO] Non-black pixels: 494533
[Tue, 28 Jul 2026 18:29:29 IST] [INFO] Transparent pixels: 0
[Tue, 28 Jul 2026 18:29:29 IST] [INFO] Opaque pixels: 786432
[Tue, 28 Jul 2026 18:29:29 IST] [INFO] Dirty rectangle empty
[Tue, 28 Jul 2026 18:29:29 IST] [INFO] ========== Capture Tick ==========
[Tue, 28 Jul 2026 18:29:29 IST] [INFO] Current timestamp: 2026-07-28 18:29:29.2599104 +0530 IST m=+57.108625401
[Tue, 28 Jul 2026 18:29:29 IST] [INFO] HWND: 3935346
[Tue, 28 Jul 2026 18:29:29 IST] [INFO] FindWindowByPID() succeeded: true
[Tue, 28 Jul 2026 18:29:29 IST] [INFO] Process is still alive: true
[Tue, 28 Jul 2026 18:29:29 IST] [INFO] CaptureWindow entered
[Tue, 28 Jul 2026 18:29:29 IST] [INFO] HWND: 3935346
[Tue, 28 Jul 2026 18:29:29 IST] [INFO] Width: 1024, Height: 768
[Tue, 28 Jul 2026 18:29:29 IST] [INFO] GetWindowDC succeeded: true
[Tue, 28 Jul 2026 18:29:29 IST] [INFO] CreateCompatibleDC succeeded: true
[Tue, 28 Jul 2026 18:29:29 IST] [INFO] CreateCompatibleBitmap succeeded: true
[Tue, 28 Jul 2026 18:29:29 IST] [INFO] SelectObject succeeded: true
[Tue, 28 Jul 2026 18:29:29 IST] [INFO] PrintWindow return value: 1
[Tue, 28 Jul 2026 18:29:29 IST] [INFO] Fallback PrintWindow() is executed: false
[Tue, 28 Jul 2026 18:29:29 IST] [INFO] GetDIBits return value: 768
[Tue, 28 Jul 2026 18:29:29 IST] [INFO] Number of scanlines copied: 768
[Tue, 28 Jul 2026 18:29:29 IST] [INFO] GetDIBits Width: 1024
[Tue, 28 Jul 2026 18:29:29 IST] [INFO] GetDIBits Height: 768
[Tue, 28 Jul 2026 18:29:29 IST] [INFO] Bitmap format: BI_RGB (32-bit)
[Tue, 28 Jul 2026 18:29:29 IST] [INFO] Non-black pixels: 494533
[Tue, 28 Jul 2026 18:29:29 IST] [INFO] Transparent pixels: 0
[Tue, 28 Jul 2026 18:29:29 IST] [INFO] Opaque pixels: 786432
[Tue, 28 Jul 2026 18:29:29 IST] [INFO] Dirty rectangle empty
[Tue, 28 Jul 2026 18:29:29 IST] [INFO] ========== Capture Tick ==========
[Tue, 28 Jul 2026 18:29:29 IST] [INFO] Current timestamp: 2026-07-28 18:29:29.3601367 +0530 IST m=+57.208851701
[Tue, 28 Jul 2026 18:29:29 IST] [INFO] HWND: 3935346
[Tue, 28 Jul 2026 18:29:29 IST] [INFO] FindWindowByPID() succeeded: true
[Tue, 28 Jul 2026 18:29:29 IST] [INFO] Process is still alive: true
[Tue, 28 Jul 2026 18:29:29 IST] [INFO] CaptureWindow entered
[Tue, 28 Jul 2026 18:29:29 IST] [INFO] HWND: 3935346
[Tue, 28 Jul 2026 18:29:29 IST] [INFO] Width: 1024, Height: 768
[Tue, 28 Jul 2026 18:29:29 IST] [INFO] GetWindowDC succeeded: true
[Tue, 28 Jul 2026 18:29:29 IST] [INFO] CreateCompatibleDC succeeded: true
[Tue, 28 Jul 2026 18:29:29 IST] [INFO] CreateCompatibleBitmap succeeded: true
[Tue, 28 Jul 2026 18:29:29 IST] [INFO] SelectObject succeeded: true
[Tue, 28 Jul 2026 18:29:29 IST] [INFO] PrintWindow return value: 1
[Tue, 28 Jul 2026 18:29:29 IST] [INFO] Fallback PrintWindow() is executed: false
[Tue, 28 Jul 2026 18:29:29 IST] [INFO] GetDIBits return value: 768
[Tue, 28 Jul 2026 18:29:29 IST] [INFO] Number of scanlines copied: 768
[Tue, 28 Jul 2026 18:29:29 IST] [INFO] GetDIBits Width: 1024
[Tue, 28 Jul 2026 18:29:29 IST] [INFO] GetDIBits Height: 768
[Tue, 28 Jul 2026 18:29:29 IST] [INFO] Bitmap format: BI_RGB (32-bit)
[Tue, 28 Jul 2026 18:29:29 IST] [INFO] Non-black pixels: 494533
[Tue, 28 Jul 2026 18:29:29 IST] [INFO] Transparent pixels: 0
[Tue, 28 Jul 2026 18:29:29 IST] [INFO] Opaque pixels: 786432
[Tue, 28 Jul 2026 18:29:29 IST] [INFO] Dirty rectangle empty
[Tue, 28 Jul 2026 18:29:29 IST] [INFO] ========== Capture Tick ==========
[Tue, 28 Jul 2026 18:29:29 IST] [INFO] Current timestamp: 2026-07-28 18:29:29.4600969 +0530 IST m=+57.308811901
[Tue, 28 Jul 2026 18:29:29 IST] [INFO] HWND: 3935346
[Tue, 28 Jul 2026 18:29:29 IST] [INFO] FindWindowByPID() succeeded: true
[Tue, 28 Jul 2026 18:29:29 IST] [INFO] Process is still alive: true
[Tue, 28 Jul 2026 18:29:29 IST] [INFO] CaptureWindow entered
[Tue, 28 Jul 2026 18:29:29 IST] [INFO] HWND: 3935346
[Tue, 28 Jul 2026 18:29:29 IST] [INFO] Width: 1024, Height: 768
[Tue, 28 Jul 2026 18:29:29 IST] [INFO] GetWindowDC succeeded: true
[Tue, 28 Jul 2026 18:29:29 IST] [INFO] CreateCompatibleDC succeeded: true
[Tue, 28 Jul 2026 18:29:29 IST] [INFO] CreateCompatibleBitmap succeeded: true
[Tue, 28 Jul 2026 18:29:29 IST] [INFO] SelectObject succeeded: true
[Tue, 28 Jul 2026 18:29:29 IST] [INFO] PrintWindow return value: 1
[Tue, 28 Jul 2026 18:29:29 IST] [INFO] Fallback PrintWindow() is executed: false
[Tue, 28 Jul 2026 18:29:29 IST] [INFO] GetDIBits return value: 768
[Tue, 28 Jul 2026 18:29:29 IST] [INFO] Number of scanlines copied: 768
[Tue, 28 Jul 2026 18:29:29 IST] [INFO] GetDIBits Width: 1024
[Tue, 28 Jul 2026 18:29:29 IST] [INFO] GetDIBits Height: 768
[Tue, 28 Jul 2026 18:29:29 IST] [INFO] Bitmap format: BI_RGB (32-bit)
[Tue, 28 Jul 2026 18:29:29 IST] [INFO] Non-black pixels: 494533
[Tue, 28 Jul 2026 18:29:29 IST] [INFO] Transparent pixels: 0
[Tue, 28 Jul 2026 18:29:29 IST] [INFO] Opaque pixels: 786432
[Tue, 28 Jul 2026 18:29:29 IST] [INFO] Dirty rectangle empty
[Tue, 28 Jul 2026 18:29:29 IST] [INFO] ========== Capture Tick ==========
[Tue, 28 Jul 2026 18:29:29 IST] [INFO] Current timestamp: 2026-07-28 18:29:29.5606925 +0530 IST m=+57.409407501
[Tue, 28 Jul 2026 18:29:29 IST] [INFO] HWND: 3935346
[Tue, 28 Jul 2026 18:29:29 IST] [INFO] FindWindowByPID() succeeded: true
[Tue, 28 Jul 2026 18:29:29 IST] [INFO] Process is still alive: true
[Tue, 28 Jul 2026 18:29:29 IST] [INFO] CaptureWindow entered
[Tue, 28 Jul 2026 18:29:29 IST] [INFO] HWND: 3935346
[Tue, 28 Jul 2026 18:29:29 IST] [INFO] Width: 1024, Height: 768
[Tue, 28 Jul 2026 18:29:29 IST] [INFO] GetWindowDC succeeded: true
[Tue, 28 Jul 2026 18:29:29 IST] [INFO] CreateCompatibleDC succeeded: true
[Tue, 28 Jul 2026 18:29:29 IST] [INFO] CreateCompatibleBitmap succeeded: true
[Tue, 28 Jul 2026 18:29:29 IST] [INFO] SelectObject succeeded: true
[Tue, 28 Jul 2026 18:29:29 IST] [INFO] PrintWindow return value: 1
[Tue, 28 Jul 2026 18:29:29 IST] [INFO] Fallback PrintWindow() is executed: false
[Tue, 28 Jul 2026 18:29:29 IST] [INFO] GetDIBits return value: 768
[Tue, 28 Jul 2026 18:29:29 IST] [INFO] Number of scanlines copied: 768
[Tue, 28 Jul 2026 18:29:29 IST] [INFO] GetDIBits Width: 1024
[Tue, 28 Jul 2026 18:29:29 IST] [INFO] GetDIBits Height: 768
[Tue, 28 Jul 2026 18:29:29 IST] [INFO] Bitmap format: BI_RGB (32-bit)
[Tue, 28 Jul 2026 18:29:29 IST] [INFO] Non-black pixels: 494533
[Tue, 28 Jul 2026 18:29:29 IST] [INFO] Transparent pixels: 0
[Tue, 28 Jul 2026 18:29:29 IST] [INFO] Opaque pixels: 786432
[Tue, 28 Jul 2026 18:29:29 IST] [INFO] Dirty rectangle empty
[Tue, 28 Jul 2026 18:29:29 IST] [INFO] ========== Capture Tick ==========
[Tue, 28 Jul 2026 18:29:29 IST] [INFO] Current timestamp: 2026-07-28 18:29:29.6602786 +0530 IST m=+57.508993601
[Tue, 28 Jul 2026 18:29:29 IST] [INFO] HWND: 3935346
[Tue, 28 Jul 2026 18:29:29 IST] [INFO] FindWindowByPID() succeeded: true
[Tue, 28 Jul 2026 18:29:29 IST] [INFO] Process is still alive: true
[Tue, 28 Jul 2026 18:29:29 IST] [INFO] CaptureWindow entered
[Tue, 28 Jul 2026 18:29:29 IST] [INFO] HWND: 3935346
[Tue, 28 Jul 2026 18:29:29 IST] [INFO] Width: 1024, Height: 768
[Tue, 28 Jul 2026 18:29:29 IST] [INFO] GetWindowDC succeeded: true
[Tue, 28 Jul 2026 18:29:29 IST] [INFO] CreateCompatibleDC succeeded: true
[Tue, 28 Jul 2026 18:29:29 IST] [INFO] CreateCompatibleBitmap succeeded: true
[Tue, 28 Jul 2026 18:29:29 IST] [INFO] SelectObject succeeded: true
[Tue, 28 Jul 2026 18:29:29 IST] [INFO] PrintWindow return value: 1
[Tue, 28 Jul 2026 18:29:29 IST] [INFO] Fallback PrintWindow() is executed: false
[Tue, 28 Jul 2026 18:29:29 IST] [INFO] GetDIBits return value: 768
[Tue, 28 Jul 2026 18:29:29 IST] [INFO] Number of scanlines copied: 768
[Tue, 28 Jul 2026 18:29:29 IST] [INFO] GetDIBits Width: 1024
[Tue, 28 Jul 2026 18:29:29 IST] [INFO] GetDIBits Height: 768
[Tue, 28 Jul 2026 18:29:29 IST] [INFO] Bitmap format: BI_RGB (32-bit)
[Tue, 28 Jul 2026 18:29:29 IST] [INFO] Non-black pixels: 494533
[Tue, 28 Jul 2026 18:29:29 IST] [INFO] Transparent pixels: 0
[Tue, 28 Jul 2026 18:29:29 IST] [INFO] Opaque pixels: 786432
[Tue, 28 Jul 2026 18:29:29 IST] [INFO] Dirty rectangle empty
[Tue, 28 Jul 2026 18:29:29 IST] [INFO] ========== Capture Tick ==========
[Tue, 28 Jul 2026 18:29:29 IST] [INFO] Current timestamp: 2026-07-28 18:29:29.7602245 +0530 IST m=+57.608939501
[Tue, 28 Jul 2026 18:29:29 IST] [INFO] HWND: 3935346
[Tue, 28 Jul 2026 18:29:29 IST] [INFO] FindWindowByPID() succeeded: true
[Tue, 28 Jul 2026 18:29:29 IST] [INFO] Process is still alive: true
[Tue, 28 Jul 2026 18:29:29 IST] [INFO] CaptureWindow entered
[Tue, 28 Jul 2026 18:29:29 IST] [INFO] HWND: 3935346
[Tue, 28 Jul 2026 18:29:29 IST] [INFO] Width: 1024, Height: 768
[Tue, 28 Jul 2026 18:29:29 IST] [INFO] GetWindowDC succeeded: true
[Tue, 28 Jul 2026 18:29:29 IST] [INFO] CreateCompatibleDC succeeded: true
[Tue, 28 Jul 2026 18:29:29 IST] [INFO] CreateCompatibleBitmap succeeded: true
[Tue, 28 Jul 2026 18:29:29 IST] [INFO] SelectObject succeeded: true
[Tue, 28 Jul 2026 18:29:29 IST] [INFO] PrintWindow return value: 1
[Tue, 28 Jul 2026 18:29:29 IST] [INFO] Fallback PrintWindow() is executed: false
[Tue, 28 Jul 2026 18:29:29 IST] [INFO] GetDIBits return value: 768
[Tue, 28 Jul 2026 18:29:29 IST] [INFO] Number of scanlines copied: 768
[Tue, 28 Jul 2026 18:29:29 IST] [INFO] GetDIBits Width: 1024
[Tue, 28 Jul 2026 18:29:29 IST] [INFO] GetDIBits Height: 768
[Tue, 28 Jul 2026 18:29:29 IST] [INFO] Bitmap format: BI_RGB (32-bit)
[Tue, 28 Jul 2026 18:29:29 IST] [INFO] Non-black pixels: 494533
[Tue, 28 Jul 2026 18:29:29 IST] [INFO] Transparent pixels: 0
[Tue, 28 Jul 2026 18:29:29 IST] [INFO] Opaque pixels: 786432
[Tue, 28 Jul 2026 18:29:29 IST] [INFO] Dirty rectangle empty
[Tue, 28 Jul 2026 18:29:29 IST] [INFO] ========== Capture Tick ==========
[Tue, 28 Jul 2026 18:29:29 IST] [INFO] Current timestamp: 2026-07-28 18:29:29.8603355 +0530 IST m=+57.709050501
[Tue, 28 Jul 2026 18:29:29 IST] [INFO] HWND: 3935346
[Tue, 28 Jul 2026 18:29:29 IST] [INFO] FindWindowByPID() succeeded: true
[Tue, 28 Jul 2026 18:29:29 IST] [INFO] Process is still alive: true
[Tue, 28 Jul 2026 18:29:29 IST] [INFO] CaptureWindow entered
[Tue, 28 Jul 2026 18:29:29 IST] [INFO] HWND: 3935346
[Tue, 28 Jul 2026 18:29:29 IST] [INFO] Width: 1024, Height: 768
[Tue, 28 Jul 2026 18:29:29 IST] [INFO] GetWindowDC succeeded: true
[Tue, 28 Jul 2026 18:29:29 IST] [INFO] CreateCompatibleDC succeeded: true
[Tue, 28 Jul 2026 18:29:29 IST] [INFO] CreateCompatibleBitmap succeeded: true
[Tue, 28 Jul 2026 18:29:29 IST] [INFO] SelectObject succeeded: true
[Tue, 28 Jul 2026 18:29:29 IST] [INFO] PrintWindow return value: 1
[Tue, 28 Jul 2026 18:29:29 IST] [INFO] Fallback PrintWindow() is executed: false
[Tue, 28 Jul 2026 18:29:29 IST] [INFO] GetDIBits return value: 768
[Tue, 28 Jul 2026 18:29:29 IST] [INFO] Number of scanlines copied: 768
[Tue, 28 Jul 2026 18:29:29 IST] [INFO] GetDIBits Width: 1024
[Tue, 28 Jul 2026 18:29:29 IST] [INFO] GetDIBits Height: 768
[Tue, 28 Jul 2026 18:29:29 IST] [INFO] Bitmap format: BI_RGB (32-bit)
[Tue, 28 Jul 2026 18:29:29 IST] [INFO] Non-black pixels: 494533
[Tue, 28 Jul 2026 18:29:29 IST] [INFO] Transparent pixels: 0
[Tue, 28 Jul 2026 18:29:29 IST] [INFO] Opaque pixels: 786432
[Tue, 28 Jul 2026 18:29:29 IST] [INFO] Dirty rectangle empty
[Tue, 28 Jul 2026 18:29:29 IST] [INFO] ========== Capture Tick ==========
[Tue, 28 Jul 2026 18:29:29 IST] [INFO] Current timestamp: 2026-07-28 18:29:29.9600259 +0530 IST m=+57.808740901
[Tue, 28 Jul 2026 18:29:29 IST] [INFO] HWND: 3935346
[Tue, 28 Jul 2026 18:29:29 IST] [INFO] FindWindowByPID() succeeded: true
[Tue, 28 Jul 2026 18:29:29 IST] [INFO] Process is still alive: true
[Tue, 28 Jul 2026 18:29:29 IST] [INFO] CaptureWindow entered
[Tue, 28 Jul 2026 18:29:29 IST] [INFO] HWND: 3935346
[Tue, 28 Jul 2026 18:29:29 IST] [INFO] Width: 1024, Height: 768
[Tue, 28 Jul 2026 18:29:29 IST] [INFO] GetWindowDC succeeded: true
[Tue, 28 Jul 2026 18:29:29 IST] [INFO] CreateCompatibleDC succeeded: true
[Tue, 28 Jul 2026 18:29:29 IST] [INFO] CreateCompatibleBitmap succeeded: true
[Tue, 28 Jul 2026 18:29:29 IST] [INFO] SelectObject succeeded: true
[Tue, 28 Jul 2026 18:29:29 IST] [INFO] PrintWindow return value: 1
[Tue, 28 Jul 2026 18:29:29 IST] [INFO] Fallback PrintWindow() is executed: false
[Tue, 28 Jul 2026 18:29:29 IST] [INFO] GetDIBits return value: 768
[Tue, 28 Jul 2026 18:29:29 IST] [INFO] Number of scanlines copied: 768
[Tue, 28 Jul 2026 18:29:29 IST] [INFO] GetDIBits Width: 1024
[Tue, 28 Jul 2026 18:29:29 IST] [INFO] GetDIBits Height: 768
[Tue, 28 Jul 2026 18:29:29 IST] [INFO] Bitmap format: BI_RGB (32-bit)
[Tue, 28 Jul 2026 18:29:29 IST] [INFO] Non-black pixels: 494533
[Tue, 28 Jul 2026 18:29:29 IST] [INFO] Transparent pixels: 0
[Tue, 28 Jul 2026 18:29:29 IST] [INFO] Opaque pixels: 786432
[Tue, 28 Jul 2026 18:29:30 IST] [INFO] Dirty rectangle empty
[Tue, 28 Jul 2026 18:29:30 IST] [INFO] ========== Capture Tick ==========
[Tue, 28 Jul 2026 18:29:30 IST] [INFO] Current timestamp: 2026-07-28 18:29:30.0599923 +0530 IST m=+57.908707301
[Tue, 28 Jul 2026 18:29:30 IST] [INFO] HWND: 3935346
[Tue, 28 Jul 2026 18:29:30 IST] [INFO] FindWindowByPID() succeeded: true
[Tue, 28 Jul 2026 18:29:30 IST] [INFO] Process is still alive: true
[Tue, 28 Jul 2026 18:29:30 IST] [INFO] CaptureWindow entered
[Tue, 28 Jul 2026 18:29:30 IST] [INFO] HWND: 3935346
[Tue, 28 Jul 2026 18:29:30 IST] [INFO] Width: 1024, Height: 768
[Tue, 28 Jul 2026 18:29:30 IST] [INFO] GetWindowDC succeeded: true
[Tue, 28 Jul 2026 18:29:30 IST] [INFO] CreateCompatibleDC succeeded: true
[Tue, 28 Jul 2026 18:29:30 IST] [INFO] CreateCompatibleBitmap succeeded: true
[Tue, 28 Jul 2026 18:29:30 IST] [INFO] SelectObject succeeded: true
[Tue, 28 Jul 2026 18:29:30 IST] [INFO] PrintWindow return value: 1
[Tue, 28 Jul 2026 18:29:30 IST] [INFO] Fallback PrintWindow() is executed: false
[Tue, 28 Jul 2026 18:29:30 IST] [INFO] GetDIBits return value: 768
[Tue, 28 Jul 2026 18:29:30 IST] [INFO] Number of scanlines copied: 768
[Tue, 28 Jul 2026 18:29:30 IST] [INFO] GetDIBits Width: 1024
[Tue, 28 Jul 2026 18:29:30 IST] [INFO] GetDIBits Height: 768
[Tue, 28 Jul 2026 18:29:30 IST] [INFO] Bitmap format: BI_RGB (32-bit)
[Tue, 28 Jul 2026 18:29:30 IST] [INFO] Non-black pixels: 494533
[Tue, 28 Jul 2026 18:29:30 IST] [INFO] Transparent pixels: 0
[Tue, 28 Jul 2026 18:29:30 IST] [INFO] Opaque pixels: 786432
[Tue, 28 Jul 2026 18:29:30 IST] [INFO] Dirty rectangle empty
[Tue, 28 Jul 2026 18:29:30 IST] [INFO] ========== Capture Tick ==========
[Tue, 28 Jul 2026 18:29:30 IST] [INFO] Current timestamp: 2026-07-28 18:29:30.1605653 +0530 IST m=+58.009280301
[Tue, 28 Jul 2026 18:29:30 IST] [INFO] HWND: 3935346
[Tue, 28 Jul 2026 18:29:30 IST] [INFO] FindWindowByPID() succeeded: true
[Tue, 28 Jul 2026 18:29:30 IST] [INFO] Process is still alive: true
[Tue, 28 Jul 2026 18:29:30 IST] [INFO] CaptureWindow entered
[Tue, 28 Jul 2026 18:29:30 IST] [INFO] HWND: 3935346
[Tue, 28 Jul 2026 18:29:30 IST] [INFO] Width: 1024, Height: 768
[Tue, 28 Jul 2026 18:29:30 IST] [INFO] GetWindowDC succeeded: true
[Tue, 28 Jul 2026 18:29:30 IST] [INFO] CreateCompatibleDC succeeded: true
[Tue, 28 Jul 2026 18:29:30 IST] [INFO] CreateCompatibleBitmap succeeded: true
[Tue, 28 Jul 2026 18:29:30 IST] [INFO] SelectObject succeeded: true
[Tue, 28 Jul 2026 18:29:30 IST] [INFO] PrintWindow return value: 1
[Tue, 28 Jul 2026 18:29:30 IST] [INFO] Fallback PrintWindow() is executed: false
[Tue, 28 Jul 2026 18:29:30 IST] [INFO] GetDIBits return value: 768
[Tue, 28 Jul 2026 18:29:30 IST] [INFO] Number of scanlines copied: 768
[Tue, 28 Jul 2026 18:29:30 IST] [INFO] GetDIBits Width: 1024
[Tue, 28 Jul 2026 18:29:30 IST] [INFO] GetDIBits Height: 768
[Tue, 28 Jul 2026 18:29:30 IST] [INFO] Bitmap format: BI_RGB (32-bit)
[Tue, 28 Jul 2026 18:29:30 IST] [INFO] Non-black pixels: 494533
[Tue, 28 Jul 2026 18:29:30 IST] [INFO] Transparent pixels: 0
[Tue, 28 Jul 2026 18:29:30 IST] [INFO] Opaque pixels: 786432
[Tue, 28 Jul 2026 18:29:30 IST] [INFO] Dirty rectangle empty
[Tue, 28 Jul 2026 18:29:30 IST] [INFO] ========== Capture Tick ==========
[Tue, 28 Jul 2026 18:29:30 IST] [INFO] Current timestamp: 2026-07-28 18:29:30.2599547 +0530 IST m=+58.108669701
[Tue, 28 Jul 2026 18:29:30 IST] [INFO] HWND: 3935346
[Tue, 28 Jul 2026 18:29:30 IST] [INFO] FindWindowByPID() succeeded: true
[Tue, 28 Jul 2026 18:29:30 IST] [INFO] Process is still alive: true
[Tue, 28 Jul 2026 18:29:30 IST] [INFO] CaptureWindow entered
[Tue, 28 Jul 2026 18:29:30 IST] [INFO] HWND: 3935346
[Tue, 28 Jul 2026 18:29:30 IST] [INFO] Width: 1024, Height: 768
[Tue, 28 Jul 2026 18:29:30 IST] [INFO] GetWindowDC succeeded: true
[Tue, 28 Jul 2026 18:29:30 IST] [INFO] CreateCompatibleDC succeeded: true
[Tue, 28 Jul 2026 18:29:30 IST] [INFO] CreateCompatibleBitmap succeeded: true
[Tue, 28 Jul 2026 18:29:30 IST] [INFO] SelectObject succeeded: true
[Tue, 28 Jul 2026 18:29:30 IST] [INFO] PrintWindow return value: 1
[Tue, 28 Jul 2026 18:29:30 IST] [INFO] Fallback PrintWindow() is executed: false
[Tue, 28 Jul 2026 18:29:30 IST] [INFO] GetDIBits return value: 768
[Tue, 28 Jul 2026 18:29:30 IST] [INFO] Number of scanlines copied: 768
[Tue, 28 Jul 2026 18:29:30 IST] [INFO] GetDIBits Width: 1024
[Tue, 28 Jul 2026 18:29:30 IST] [INFO] GetDIBits Height: 768
[Tue, 28 Jul 2026 18:29:30 IST] [INFO] Bitmap format: BI_RGB (32-bit)
[Tue, 28 Jul 2026 18:29:30 IST] [INFO] Non-black pixels: 494533
[Tue, 28 Jul 2026 18:29:30 IST] [INFO] Transparent pixels: 0
[Tue, 28 Jul 2026 18:29:30 IST] [INFO] Opaque pixels: 786432
[Tue, 28 Jul 2026 18:29:30 IST] [INFO] Dirty rectangle empty
[Tue, 28 Jul 2026 18:29:30 IST] [INFO] ========== Capture Tick ==========
[Tue, 28 Jul 2026 18:29:30 IST] [INFO] Current timestamp: 2026-07-28 18:29:30.3598549 +0530 IST m=+58.208569901
[Tue, 28 Jul 2026 18:29:30 IST] [INFO] HWND: 3935346
[Tue, 28 Jul 2026 18:29:30 IST] [INFO] FindWindowByPID() succeeded: true
[Tue, 28 Jul 2026 18:29:30 IST] [INFO] Process is still alive: true
[Tue, 28 Jul 2026 18:29:30 IST] [INFO] CaptureWindow entered
[Tue, 28 Jul 2026 18:29:30 IST] [INFO] HWND: 3935346
[Tue, 28 Jul 2026 18:29:30 IST] [INFO] Width: 1024, Height: 768
[Tue, 28 Jul 2026 18:29:30 IST] [INFO] GetWindowDC succeeded: true
[Tue, 28 Jul 2026 18:29:30 IST] [INFO] CreateCompatibleDC succeeded: true
[Tue, 28 Jul 2026 18:29:30 IST] [INFO] CreateCompatibleBitmap succeeded: true
[Tue, 28 Jul 2026 18:29:30 IST] [INFO] SelectObject succeeded: true
[Tue, 28 Jul 2026 18:29:30 IST] [INFO] PrintWindow return value: 1
[Tue, 28 Jul 2026 18:29:30 IST] [INFO] Fallback PrintWindow() is executed: false
[Tue, 28 Jul 2026 18:29:30 IST] [INFO] GetDIBits return value: 768
[Tue, 28 Jul 2026 18:29:30 IST] [INFO] Number of scanlines copied: 768
[Tue, 28 Jul 2026 18:29:30 IST] [INFO] GetDIBits Width: 1024
[Tue, 28 Jul 2026 18:29:30 IST] [INFO] GetDIBits Height: 768
[Tue, 28 Jul 2026 18:29:30 IST] [INFO] Bitmap format: BI_RGB (32-bit)
[Tue, 28 Jul 2026 18:29:30 IST] [INFO] Non-black pixels: 494533
[Tue, 28 Jul 2026 18:29:30 IST] [INFO] Transparent pixels: 0
[Tue, 28 Jul 2026 18:29:30 IST] [INFO] Opaque pixels: 786432
[Tue, 28 Jul 2026 18:29:30 IST] [INFO] Dirty rectangle empty
[Tue, 28 Jul 2026 18:29:30 IST] [INFO] ========== Capture Tick ==========
[Tue, 28 Jul 2026 18:29:30 IST] [INFO] Current timestamp: 2026-07-28 18:29:30.460086 +0530 IST m=+58.308801001
[Tue, 28 Jul 2026 18:29:30 IST] [INFO] HWND: 3935346
[Tue, 28 Jul 2026 18:29:30 IST] [INFO] FindWindowByPID() succeeded: true
[Tue, 28 Jul 2026 18:29:30 IST] [INFO] Process is still alive: true
[Tue, 28 Jul 2026 18:29:30 IST] [INFO] CaptureWindow entered
[Tue, 28 Jul 2026 18:29:30 IST] [INFO] HWND: 3935346
[Tue, 28 Jul 2026 18:29:30 IST] [INFO] Width: 1024, Height: 768
[Tue, 28 Jul 2026 18:29:30 IST] [INFO] GetWindowDC succeeded: true
[Tue, 28 Jul 2026 18:29:30 IST] [INFO] CreateCompatibleDC succeeded: true
[Tue, 28 Jul 2026 18:29:30 IST] [INFO] CreateCompatibleBitmap succeeded: true
[Tue, 28 Jul 2026 18:29:30 IST] [INFO] SelectObject succeeded: true
[Tue, 28 Jul 2026 18:29:30 IST] [INFO] PrintWindow return value: 1
[Tue, 28 Jul 2026 18:29:30 IST] [INFO] Fallback PrintWindow() is executed: false
[Tue, 28 Jul 2026 18:29:30 IST] [INFO] GetDIBits return value: 768
[Tue, 28 Jul 2026 18:29:30 IST] [INFO] Number of scanlines copied: 768
[Tue, 28 Jul 2026 18:29:30 IST] [INFO] GetDIBits Width: 1024
[Tue, 28 Jul 2026 18:29:30 IST] [INFO] GetDIBits Height: 768
[Tue, 28 Jul 2026 18:29:30 IST] [INFO] Bitmap format: BI_RGB (32-bit)
[Tue, 28 Jul 2026 18:29:30 IST] [INFO] Non-black pixels: 494533
[Tue, 28 Jul 2026 18:29:30 IST] [INFO] Transparent pixels: 0
[Tue, 28 Jul 2026 18:29:30 IST] [INFO] Opaque pixels: 786432
[Tue, 28 Jul 2026 18:29:30 IST] [INFO] Dirty rectangle empty
[Tue, 28 Jul 2026 18:29:30 IST] [INFO] ========== Capture Tick ==========
[Tue, 28 Jul 2026 18:29:30 IST] [INFO] Current timestamp: 2026-07-28 18:29:30.5599783 +0530 IST m=+58.408693301
[Tue, 28 Jul 2026 18:29:30 IST] [INFO] HWND: 3935346
[Tue, 28 Jul 2026 18:29:30 IST] [INFO] FindWindowByPID() succeeded: true
[Tue, 28 Jul 2026 18:29:30 IST] [INFO] Process is still alive: true
[Tue, 28 Jul 2026 18:29:30 IST] [INFO] CaptureWindow entered
[Tue, 28 Jul 2026 18:29:30 IST] [INFO] HWND: 3935346
[Tue, 28 Jul 2026 18:29:30 IST] [INFO] Width: 1024, Height: 768
[Tue, 28 Jul 2026 18:29:30 IST] [INFO] GetWindowDC succeeded: true
[Tue, 28 Jul 2026 18:29:30 IST] [INFO] CreateCompatibleDC succeeded: true
[Tue, 28 Jul 2026 18:29:30 IST] [INFO] CreateCompatibleBitmap succeeded: true
[Tue, 28 Jul 2026 18:29:30 IST] [INFO] SelectObject succeeded: true
[Tue, 28 Jul 2026 18:29:30 IST] [INFO] PrintWindow return value: 1
[Tue, 28 Jul 2026 18:29:30 IST] [INFO] Fallback PrintWindow() is executed: false
[Tue, 28 Jul 2026 18:29:30 IST] [INFO] GetDIBits return value: 768
[Tue, 28 Jul 2026 18:29:30 IST] [INFO] Number of scanlines copied: 768
[Tue, 28 Jul 2026 18:29:30 IST] [INFO] GetDIBits Width: 1024
[Tue, 28 Jul 2026 18:29:30 IST] [INFO] GetDIBits Height: 768
[Tue, 28 Jul 2026 18:29:30 IST] [INFO] Bitmap format: BI_RGB (32-bit)
[Tue, 28 Jul 2026 18:29:30 IST] [INFO] Non-black pixels: 494533
[Tue, 28 Jul 2026 18:29:30 IST] [INFO] Transparent pixels: 0
[Tue, 28 Jul 2026 18:29:30 IST] [INFO] Opaque pixels: 786432
[Tue, 28 Jul 2026 18:29:30 IST] [INFO] Dirty rectangle empty
[Tue, 28 Jul 2026 18:29:30 IST] [INFO] ========== Capture Tick ==========
[Tue, 28 Jul 2026 18:29:30 IST] [INFO] Current timestamp: 2026-07-28 18:29:30.6602043 +0530 IST m=+58.508919301
[Tue, 28 Jul 2026 18:29:30 IST] [INFO] HWND: 3935346
[Tue, 28 Jul 2026 18:29:30 IST] [INFO] FindWindowByPID() succeeded: true
[Tue, 28 Jul 2026 18:29:30 IST] [INFO] Process is still alive: true
[Tue, 28 Jul 2026 18:29:30 IST] [INFO] CaptureWindow entered
[Tue, 28 Jul 2026 18:29:30 IST] [INFO] HWND: 3935346
[Tue, 28 Jul 2026 18:29:30 IST] [INFO] Width: 1024, Height: 768
[Tue, 28 Jul 2026 18:29:30 IST] [INFO] GetWindowDC succeeded: true
[Tue, 28 Jul 2026 18:29:30 IST] [INFO] CreateCompatibleDC succeeded: true
[Tue, 28 Jul 2026 18:29:30 IST] [INFO] CreateCompatibleBitmap succeeded: true
[Tue, 28 Jul 2026 18:29:30 IST] [INFO] SelectObject succeeded: true
[Tue, 28 Jul 2026 18:29:30 IST] [INFO] PrintWindow return value: 1
[Tue, 28 Jul 2026 18:29:30 IST] [INFO] Fallback PrintWindow() is executed: false
[Tue, 28 Jul 2026 18:29:30 IST] [INFO] GetDIBits return value: 768
[Tue, 28 Jul 2026 18:29:30 IST] [INFO] Number of scanlines copied: 768
[Tue, 28 Jul 2026 18:29:30 IST] [INFO] GetDIBits Width: 1024
[Tue, 28 Jul 2026 18:29:30 IST] [INFO] GetDIBits Height: 768
[Tue, 28 Jul 2026 18:29:30 IST] [INFO] Bitmap format: BI_RGB (32-bit)
[Tue, 28 Jul 2026 18:29:30 IST] [INFO] Non-black pixels: 494533
[Tue, 28 Jul 2026 18:29:30 IST] [INFO] Transparent pixels: 0
[Tue, 28 Jul 2026 18:29:30 IST] [INFO] Opaque pixels: 786432
[Tue, 28 Jul 2026 18:29:30 IST] [INFO] Dirty rectangle empty
[Tue, 28 Jul 2026 18:29:30 IST] [INFO] ========== Capture Tick ==========
[Tue, 28 Jul 2026 18:29:30 IST] [INFO] Current timestamp: 2026-07-28 18:29:30.7599882 +0530 IST m=+58.608703201
[Tue, 28 Jul 2026 18:29:30 IST] [INFO] HWND: 3935346
[Tue, 28 Jul 2026 18:29:30 IST] [INFO] FindWindowByPID() succeeded: true
[Tue, 28 Jul 2026 18:29:30 IST] [INFO] Process is still alive: true
[Tue, 28 Jul 2026 18:29:30 IST] [INFO] CaptureWindow entered
[Tue, 28 Jul 2026 18:29:30 IST] [INFO] HWND: 3935346
[Tue, 28 Jul 2026 18:29:30 IST] [INFO] Width: 1024, Height: 768
[Tue, 28 Jul 2026 18:29:30 IST] [INFO] GetWindowDC succeeded: true
[Tue, 28 Jul 2026 18:29:30 IST] [INFO] CreateCompatibleDC succeeded: true
[Tue, 28 Jul 2026 18:29:30 IST] [INFO] CreateCompatibleBitmap succeeded: true
[Tue, 28 Jul 2026 18:29:30 IST] [INFO] SelectObject succeeded: true
[Tue, 28 Jul 2026 18:29:30 IST] [INFO] PrintWindow return value: 1
[Tue, 28 Jul 2026 18:29:30 IST] [INFO] Fallback PrintWindow() is executed: false
[Tue, 28 Jul 2026 18:29:30 IST] [INFO] GetDIBits return value: 768
[Tue, 28 Jul 2026 18:29:30 IST] [INFO] Number of scanlines copied: 768
[Tue, 28 Jul 2026 18:29:30 IST] [INFO] GetDIBits Width: 1024
[Tue, 28 Jul 2026 18:29:30 IST] [INFO] GetDIBits Height: 768
[Tue, 28 Jul 2026 18:29:30 IST] [INFO] Bitmap format: BI_RGB (32-bit)
[Tue, 28 Jul 2026 18:29:30 IST] [INFO] Non-black pixels: 494533
[Tue, 28 Jul 2026 18:29:30 IST] [INFO] Transparent pixels: 0
[Tue, 28 Jul 2026 18:29:30 IST] [INFO] Opaque pixels: 786432
[Tue, 28 Jul 2026 18:29:30 IST] [INFO] Dirty rectangle empty
[Tue, 28 Jul 2026 18:29:30 IST] [INFO] ========== Capture Tick ==========
[Tue, 28 Jul 2026 18:29:30 IST] [INFO] Current timestamp: 2026-07-28 18:29:30.8600197 +0530 IST m=+58.708734701
[Tue, 28 Jul 2026 18:29:30 IST] [INFO] HWND: 3935346
[Tue, 28 Jul 2026 18:29:30 IST] [INFO] FindWindowByPID() succeeded: true
[Tue, 28 Jul 2026 18:29:30 IST] [INFO] Process is still alive: true
[Tue, 28 Jul 2026 18:29:30 IST] [INFO] CaptureWindow entered
[Tue, 28 Jul 2026 18:29:30 IST] [INFO] HWND: 3935346
[Tue, 28 Jul 2026 18:29:30 IST] [INFO] Width: 1024, Height: 768
[Tue, 28 Jul 2026 18:29:30 IST] [INFO] GetWindowDC succeeded: true
[Tue, 28 Jul 2026 18:29:30 IST] [INFO] CreateCompatibleDC succeeded: true
[Tue, 28 Jul 2026 18:29:30 IST] [INFO] CreateCompatibleBitmap succeeded: true
[Tue, 28 Jul 2026 18:29:30 IST] [INFO] SelectObject succeeded: true
[Tue, 28 Jul 2026 18:29:30 IST] [INFO] PrintWindow return value: 1
[Tue, 28 Jul 2026 18:29:30 IST] [INFO] Fallback PrintWindow() is executed: false
[Tue, 28 Jul 2026 18:29:30 IST] [INFO] GetDIBits return value: 768
[Tue, 28 Jul 2026 18:29:30 IST] [INFO] Number of scanlines copied: 768
[Tue, 28 Jul 2026 18:29:30 IST] [INFO] GetDIBits Width: 1024
[Tue, 28 Jul 2026 18:29:30 IST] [INFO] GetDIBits Height: 768
[Tue, 28 Jul 2026 18:29:30 IST] [INFO] Bitmap format: BI_RGB (32-bit)
[Tue, 28 Jul 2026 18:29:30 IST] [INFO] Non-black pixels: 494533
[Tue, 28 Jul 2026 18:29:30 IST] [INFO] Transparent pixels: 0
[Tue, 28 Jul 2026 18:29:30 IST] [INFO] Opaque pixels: 786432
[Tue, 28 Jul 2026 18:29:30 IST] [INFO] Dirty rectangle empty
[Tue, 28 Jul 2026 18:29:30 IST] [INFO] ========== Capture Tick ==========
[Tue, 28 Jul 2026 18:29:30 IST] [INFO] Current timestamp: 2026-07-28 18:29:30.9601806 +0530 IST m=+58.808895601
[Tue, 28 Jul 2026 18:29:30 IST] [INFO] HWND: 3935346
[Tue, 28 Jul 2026 18:29:30 IST] [INFO] FindWindowByPID() succeeded: true
[Tue, 28 Jul 2026 18:29:30 IST] [INFO] Process is still alive: true
[Tue, 28 Jul 2026 18:29:30 IST] [INFO] CaptureWindow entered
[Tue, 28 Jul 2026 18:29:30 IST] [INFO] HWND: 3935346
[Tue, 28 Jul 2026 18:29:30 IST] [INFO] Width: 1024, Height: 768
[Tue, 28 Jul 2026 18:29:30 IST] [INFO] GetWindowDC succeeded: true
[Tue, 28 Jul 2026 18:29:30 IST] [INFO] CreateCompatibleDC succeeded: true
[Tue, 28 Jul 2026 18:29:30 IST] [INFO] CreateCompatibleBitmap succeeded: true
[Tue, 28 Jul 2026 18:29:30 IST] [INFO] SelectObject succeeded: true
[Tue, 28 Jul 2026 18:29:30 IST] [INFO] PrintWindow return value: 1
[Tue, 28 Jul 2026 18:29:30 IST] [INFO] Fallback PrintWindow() is executed: false
[Tue, 28 Jul 2026 18:29:30 IST] [INFO] GetDIBits return value: 768
[Tue, 28 Jul 2026 18:29:30 IST] [INFO] Number of scanlines copied: 768
[Tue, 28 Jul 2026 18:29:30 IST] [INFO] GetDIBits Width: 1024
[Tue, 28 Jul 2026 18:29:30 IST] [INFO] GetDIBits Height: 768
[Tue, 28 Jul 2026 18:29:30 IST] [INFO] Bitmap format: BI_RGB (32-bit)
[Tue, 28 Jul 2026 18:29:30 IST] [INFO] Non-black pixels: 494533
[Tue, 28 Jul 2026 18:29:30 IST] [INFO] Transparent pixels: 0
[Tue, 28 Jul 2026 18:29:30 IST] [INFO] Opaque pixels: 786432
[Tue, 28 Jul 2026 18:29:30 IST] [INFO] Dirty rectangle empty
[Tue, 28 Jul 2026 18:29:31 IST] [INFO] ========== Capture Tick ==========
[Tue, 28 Jul 2026 18:29:31 IST] [INFO] Current timestamp: 2026-07-28 18:29:31.0606749 +0530 IST m=+58.909389901
[Tue, 28 Jul 2026 18:29:31 IST] [INFO] HWND: 3935346
[Tue, 28 Jul 2026 18:29:31 IST] [INFO] FindWindowByPID() succeeded: true
[Tue, 28 Jul 2026 18:29:31 IST] [INFO] Process is still alive: true
[Tue, 28 Jul 2026 18:29:31 IST] [INFO] CaptureWindow entered
[Tue, 28 Jul 2026 18:29:31 IST] [INFO] HWND: 3935346
[Tue, 28 Jul 2026 18:29:31 IST] [INFO] Width: 1024, Height: 768
[Tue, 28 Jul 2026 18:29:31 IST] [INFO] GetWindowDC succeeded: true
[Tue, 28 Jul 2026 18:29:31 IST] [INFO] CreateCompatibleDC succeeded: true
[Tue, 28 Jul 2026 18:29:31 IST] [INFO] CreateCompatibleBitmap succeeded: true
[Tue, 28 Jul 2026 18:29:31 IST] [INFO] SelectObject succeeded: true
[Tue, 28 Jul 2026 18:29:31 IST] [INFO] PrintWindow return value: 1
[Tue, 28 Jul 2026 18:29:31 IST] [INFO] Fallback PrintWindow() is executed: false
[Tue, 28 Jul 2026 18:29:31 IST] [INFO] GetDIBits return value: 768
[Tue, 28 Jul 2026 18:29:31 IST] [INFO] Number of scanlines copied: 768
[Tue, 28 Jul 2026 18:29:31 IST] [INFO] GetDIBits Width: 1024
[Tue, 28 Jul 2026 18:29:31 IST] [INFO] GetDIBits Height: 768
[Tue, 28 Jul 2026 18:29:31 IST] [INFO] Bitmap format: BI_RGB (32-bit)
[Tue, 28 Jul 2026 18:29:31 IST] [INFO] Non-black pixels: 494533
[Tue, 28 Jul 2026 18:29:31 IST] [INFO] Transparent pixels: 0
[Tue, 28 Jul 2026 18:29:31 IST] [INFO] Opaque pixels: 786432
[Tue, 28 Jul 2026 18:29:31 IST] [INFO] Dirty rectangle empty
[Tue, 28 Jul 2026 18:29:31 IST] [INFO] ========== Capture Tick ==========
[Tue, 28 Jul 2026 18:29:31 IST] [INFO] Current timestamp: 2026-07-28 18:29:31.1600016 +0530 IST m=+59.008716601
[Tue, 28 Jul 2026 18:29:31 IST] [INFO] HWND: 3935346
[Tue, 28 Jul 2026 18:29:31 IST] [INFO] FindWindowByPID() succeeded: true
[Tue, 28 Jul 2026 18:29:31 IST] [INFO] Process is still alive: true
[Tue, 28 Jul 2026 18:29:31 IST] [INFO] CaptureWindow entered
[Tue, 28 Jul 2026 18:29:31 IST] [INFO] HWND: 3935346
[Tue, 28 Jul 2026 18:29:31 IST] [INFO] Width: 1024, Height: 768
[Tue, 28 Jul 2026 18:29:31 IST] [INFO] GetWindowDC succeeded: true
[Tue, 28 Jul 2026 18:29:31 IST] [INFO] CreateCompatibleDC succeeded: true
[Tue, 28 Jul 2026 18:29:31 IST] [INFO] CreateCompatibleBitmap succeeded: true
[Tue, 28 Jul 2026 18:29:31 IST] [INFO] SelectObject succeeded: true
[Tue, 28 Jul 2026 18:29:31 IST] [INFO] PrintWindow return value: 1
[Tue, 28 Jul 2026 18:29:31 IST] [INFO] Fallback PrintWindow() is executed: false
[Tue, 28 Jul 2026 18:29:31 IST] [INFO] GetDIBits return value: 768
[Tue, 28 Jul 2026 18:29:31 IST] [INFO] Number of scanlines copied: 768
[Tue, 28 Jul 2026 18:29:31 IST] [INFO] GetDIBits Width: 1024
[Tue, 28 Jul 2026 18:29:31 IST] [INFO] GetDIBits Height: 768
[Tue, 28 Jul 2026 18:29:31 IST] [INFO] Bitmap format: BI_RGB (32-bit)
[Tue, 28 Jul 2026 18:29:31 IST] [INFO] Non-black pixels: 494533
[Tue, 28 Jul 2026 18:29:31 IST] [INFO] Transparent pixels: 0
[Tue, 28 Jul 2026 18:29:31 IST] [INFO] Opaque pixels: 786432
[Tue, 28 Jul 2026 18:29:31 IST] [INFO] Dirty rectangle empty
[Tue, 28 Jul 2026 18:29:31 IST] [INFO] ========== Capture Tick ==========
[Tue, 28 Jul 2026 18:29:31 IST] [INFO] Current timestamp: 2026-07-28 18:29:31.2601802 +0530 IST m=+59.108895201
[Tue, 28 Jul 2026 18:29:31 IST] [INFO] HWND: 3935346
[Tue, 28 Jul 2026 18:29:31 IST] [INFO] FindWindowByPID() succeeded: true
[Tue, 28 Jul 2026 18:29:31 IST] [INFO] Process is still alive: true
[Tue, 28 Jul 2026 18:29:31 IST] [INFO] CaptureWindow entered
[Tue, 28 Jul 2026 18:29:31 IST] [INFO] HWND: 3935346
[Tue, 28 Jul 2026 18:29:31 IST] [INFO] Width: 1024, Height: 768
[Tue, 28 Jul 2026 18:29:31 IST] [INFO] GetWindowDC succeeded: true
[Tue, 28 Jul 2026 18:29:31 IST] [INFO] CreateCompatibleDC succeeded: true
[Tue, 28 Jul 2026 18:29:31 IST] [INFO] CreateCompatibleBitmap succeeded: true
[Tue, 28 Jul 2026 18:29:31 IST] [INFO] SelectObject succeeded: true
[Tue, 28 Jul 2026 18:29:31 IST] [INFO] PrintWindow return value: 1
[Tue, 28 Jul 2026 18:29:31 IST] [INFO] Fallback PrintWindow() is executed: false
[Tue, 28 Jul 2026 18:29:31 IST] [INFO] GetDIBits return value: 768
[Tue, 28 Jul 2026 18:29:31 IST] [INFO] Number of scanlines copied: 768
[Tue, 28 Jul 2026 18:29:31 IST] [INFO] GetDIBits Width: 1024
[Tue, 28 Jul 2026 18:29:31 IST] [INFO] GetDIBits Height: 768
[Tue, 28 Jul 2026 18:29:31 IST] [INFO] Bitmap format: BI_RGB (32-bit)
[Tue, 28 Jul 2026 18:29:31 IST] [INFO] Non-black pixels: 494533
[Tue, 28 Jul 2026 18:29:31 IST] [INFO] Transparent pixels: 0
[Tue, 28 Jul 2026 18:29:31 IST] [INFO] Opaque pixels: 786432
[Tue, 28 Jul 2026 18:29:31 IST] [INFO] Dirty rectangle empty
[Tue, 28 Jul 2026 18:29:31 IST] [INFO] ========== Capture Tick ==========
[Tue, 28 Jul 2026 18:29:31 IST] [INFO] Current timestamp: 2026-07-28 18:29:31.3600395 +0530 IST m=+59.208754501
[Tue, 28 Jul 2026 18:29:31 IST] [INFO] HWND: 3935346
[Tue, 28 Jul 2026 18:29:31 IST] [INFO] FindWindowByPID() succeeded: true
[Tue, 28 Jul 2026 18:29:31 IST] [INFO] Process is still alive: true
[Tue, 28 Jul 2026 18:29:31 IST] [INFO] CaptureWindow entered
[Tue, 28 Jul 2026 18:29:31 IST] [INFO] HWND: 3935346
[Tue, 28 Jul 2026 18:29:31 IST] [INFO] Width: 1024, Height: 768
[Tue, 28 Jul 2026 18:29:31 IST] [INFO] GetWindowDC succeeded: true
[Tue, 28 Jul 2026 18:29:31 IST] [INFO] CreateCompatibleDC succeeded: true
[Tue, 28 Jul 2026 18:29:31 IST] [INFO] CreateCompatibleBitmap succeeded: true
[Tue, 28 Jul 2026 18:29:31 IST] [INFO] SelectObject succeeded: true
[Tue, 28 Jul 2026 18:29:31 IST] [INFO] PrintWindow return value: 1
[Tue, 28 Jul 2026 18:29:31 IST] [INFO] Fallback PrintWindow() is executed: false
[Tue, 28 Jul 2026 18:29:31 IST] [INFO] GetDIBits return value: 768
[Tue, 28 Jul 2026 18:29:31 IST] [INFO] Number of scanlines copied: 768
[Tue, 28 Jul 2026 18:29:31 IST] [INFO] GetDIBits Width: 1024
[Tue, 28 Jul 2026 18:29:31 IST] [INFO] GetDIBits Height: 768
[Tue, 28 Jul 2026 18:29:31 IST] [INFO] Bitmap format: BI_RGB (32-bit)
[Tue, 28 Jul 2026 18:29:31 IST] [INFO] Non-black pixels: 494533
[Tue, 28 Jul 2026 18:29:31 IST] [INFO] Transparent pixels: 0
[Tue, 28 Jul 2026 18:29:31 IST] [INFO] Opaque pixels: 786432
[Tue, 28 Jul 2026 18:29:31 IST] [INFO] Dirty rectangle empty
[Tue, 28 Jul 2026 18:29:31 IST] [INFO] ========== Capture Tick ==========
[Tue, 28 Jul 2026 18:29:31 IST] [INFO] Current timestamp: 2026-07-28 18:29:31.4602583 +0530 IST m=+59.308973301
[Tue, 28 Jul 2026 18:29:31 IST] [INFO] HWND: 3935346
[Tue, 28 Jul 2026 18:29:31 IST] [INFO] FindWindowByPID() succeeded: true
[Tue, 28 Jul 2026 18:29:31 IST] [INFO] Process is still alive: true
[Tue, 28 Jul 2026 18:29:31 IST] [INFO] CaptureWindow entered
[Tue, 28 Jul 2026 18:29:31 IST] [INFO] HWND: 3935346
[Tue, 28 Jul 2026 18:29:31 IST] [INFO] Width: 1024, Height: 768
[Tue, 28 Jul 2026 18:29:31 IST] [INFO] GetWindowDC succeeded: true
[Tue, 28 Jul 2026 18:29:31 IST] [INFO] CreateCompatibleDC succeeded: true
[Tue, 28 Jul 2026 18:29:31 IST] [INFO] CreateCompatibleBitmap succeeded: true
[Tue, 28 Jul 2026 18:29:31 IST] [INFO] SelectObject succeeded: true
[Tue, 28 Jul 2026 18:29:31 IST] [INFO] PrintWindow return value: 1
[Tue, 28 Jul 2026 18:29:31 IST] [INFO] Fallback PrintWindow() is executed: false
[Tue, 28 Jul 2026 18:29:31 IST] [INFO] GetDIBits return value: 768
[Tue, 28 Jul 2026 18:29:31 IST] [INFO] Number of scanlines copied: 768
[Tue, 28 Jul 2026 18:29:31 IST] [INFO] GetDIBits Width: 1024
[Tue, 28 Jul 2026 18:29:31 IST] [INFO] GetDIBits Height: 768
[Tue, 28 Jul 2026 18:29:31 IST] [INFO] Bitmap format: BI_RGB (32-bit)
[Tue, 28 Jul 2026 18:29:31 IST] [INFO] Non-black pixels: 494533
[Tue, 28 Jul 2026 18:29:31 IST] [INFO] Transparent pixels: 0
[Tue, 28 Jul 2026 18:29:31 IST] [INFO] Opaque pixels: 786432
[Tue, 28 Jul 2026 18:29:31 IST] [INFO] Dirty rectangle empty
[Tue, 28 Jul 2026 18:29:31 IST] [INFO] ========== Capture Tick ==========
[Tue, 28 Jul 2026 18:29:31 IST] [INFO] Current timestamp: 2026-07-28 18:29:31.5601308 +0530 IST m=+59.408845801
[Tue, 28 Jul 2026 18:29:31 IST] [INFO] HWND: 3935346
[Tue, 28 Jul 2026 18:29:31 IST] [INFO] FindWindowByPID() succeeded: true
[Tue, 28 Jul 2026 18:29:31 IST] [INFO] Process is still alive: true
[Tue, 28 Jul 2026 18:29:31 IST] [INFO] CaptureWindow entered
[Tue, 28 Jul 2026 18:29:31 IST] [INFO] HWND: 3935346
[Tue, 28 Jul 2026 18:29:31 IST] [INFO] Width: 1024, Height: 768
[Tue, 28 Jul 2026 18:29:31 IST] [INFO] GetWindowDC succeeded: true
[Tue, 28 Jul 2026 18:29:31 IST] [INFO] CreateCompatibleDC succeeded: true
[Tue, 28 Jul 2026 18:29:31 IST] [INFO] CreateCompatibleBitmap succeeded: true
[Tue, 28 Jul 2026 18:29:31 IST] [INFO] SelectObject succeeded: true
[Tue, 28 Jul 2026 18:29:31 IST] [INFO] PrintWindow return value: 1
[Tue, 28 Jul 2026 18:29:31 IST] [INFO] Fallback PrintWindow() is executed: false
[Tue, 28 Jul 2026 18:29:31 IST] [INFO] GetDIBits return value: 768
[Tue, 28 Jul 2026 18:29:31 IST] [INFO] Number of scanlines copied: 768
[Tue, 28 Jul 2026 18:29:31 IST] [INFO] GetDIBits Width: 1024
[Tue, 28 Jul 2026 18:29:31 IST] [INFO] GetDIBits Height: 768
[Tue, 28 Jul 2026 18:29:31 IST] [INFO] Bitmap format: BI_RGB (32-bit)
[Tue, 28 Jul 2026 18:29:31 IST] [INFO] Non-black pixels: 494533
[Tue, 28 Jul 2026 18:29:31 IST] [INFO] Transparent pixels: 0
[Tue, 28 Jul 2026 18:29:31 IST] [INFO] Opaque pixels: 786432
[Tue, 28 Jul 2026 18:29:31 IST] [INFO] Dirty rectangle empty
[Tue, 28 Jul 2026 18:29:31 IST] [INFO] ========== Capture Tick ==========
[Tue, 28 Jul 2026 18:29:31 IST] [INFO] Current timestamp: 2026-07-28 18:29:31.6603317 +0530 IST m=+59.509046701
[Tue, 28 Jul 2026 18:29:31 IST] [INFO] HWND: 3935346
[Tue, 28 Jul 2026 18:29:31 IST] [INFO] FindWindowByPID() succeeded: true
[Tue, 28 Jul 2026 18:29:31 IST] [INFO] Process is still alive: true
[Tue, 28 Jul 2026 18:29:31 IST] [INFO] CaptureWindow entered
[Tue, 28 Jul 2026 18:29:31 IST] [INFO] HWND: 3935346
[Tue, 28 Jul 2026 18:29:31 IST] [INFO] Width: 1024, Height: 768
[Tue, 28 Jul 2026 18:29:31 IST] [INFO] GetWindowDC succeeded: true
[Tue, 28 Jul 2026 18:29:31 IST] [INFO] CreateCompatibleDC succeeded: true
[Tue, 28 Jul 2026 18:29:31 IST] [INFO] CreateCompatibleBitmap succeeded: true
[Tue, 28 Jul 2026 18:29:31 IST] [INFO] SelectObject succeeded: true
[Tue, 28 Jul 2026 18:29:31 IST] [INFO] PrintWindow return value: 1
[Tue, 28 Jul 2026 18:29:31 IST] [INFO] Fallback PrintWindow() is executed: false
[Tue, 28 Jul 2026 18:29:31 IST] [INFO] GetDIBits return value: 768
[Tue, 28 Jul 2026 18:29:31 IST] [INFO] Number of scanlines copied: 768
[Tue, 28 Jul 2026 18:29:31 IST] [INFO] GetDIBits Width: 1024
[Tue, 28 Jul 2026 18:29:31 IST] [INFO] GetDIBits Height: 768
[Tue, 28 Jul 2026 18:29:31 IST] [INFO] Bitmap format: BI_RGB (32-bit)
[Tue, 28 Jul 2026 18:29:31 IST] [INFO] Non-black pixels: 494533
[Tue, 28 Jul 2026 18:29:31 IST] [INFO] Transparent pixels: 0
[Tue, 28 Jul 2026 18:29:31 IST] [INFO] Opaque pixels: 786432
[Tue, 28 Jul 2026 18:29:31 IST] [INFO] Dirty rectangle empty
[Tue, 28 Jul 2026 18:29:31 IST] [INFO] ========== Capture Tick ==========
[Tue, 28 Jul 2026 18:29:31 IST] [INFO] Current timestamp: 2026-07-28 18:29:31.7601342 +0530 IST m=+59.608849201
[Tue, 28 Jul 2026 18:29:31 IST] [INFO] HWND: 3935346
[Tue, 28 Jul 2026 18:29:31 IST] [INFO] FindWindowByPID() succeeded: true
[Tue, 28 Jul 2026 18:29:31 IST] [INFO] Process is still alive: true
[Tue, 28 Jul 2026 18:29:31 IST] [INFO] CaptureWindow entered
[Tue, 28 Jul 2026 18:29:31 IST] [INFO] HWND: 3935346
[Tue, 28 Jul 2026 18:29:31 IST] [INFO] Width: 1024, Height: 768
[Tue, 28 Jul 2026 18:29:31 IST] [INFO] GetWindowDC succeeded: true
[Tue, 28 Jul 2026 18:29:31 IST] [INFO] CreateCompatibleDC succeeded: true
[Tue, 28 Jul 2026 18:29:31 IST] [INFO] CreateCompatibleBitmap succeeded: true
[Tue, 28 Jul 2026 18:29:31 IST] [INFO] SelectObject succeeded: true
[Tue, 28 Jul 2026 18:29:31 IST] [INFO] PrintWindow return value: 1
[Tue, 28 Jul 2026 18:29:31 IST] [INFO] Fallback PrintWindow() is executed: false
[Tue, 28 Jul 2026 18:29:31 IST] [INFO] GetDIBits return value: 768
[Tue, 28 Jul 2026 18:29:31 IST] [INFO] Number of scanlines copied: 768
[Tue, 28 Jul 2026 18:29:31 IST] [INFO] GetDIBits Width: 1024
[Tue, 28 Jul 2026 18:29:31 IST] [INFO] GetDIBits Height: 768
[Tue, 28 Jul 2026 18:29:31 IST] [INFO] Bitmap format: BI_RGB (32-bit)
[Tue, 28 Jul 2026 18:29:31 IST] [INFO] Non-black pixels: 494533
[Tue, 28 Jul 2026 18:29:31 IST] [INFO] Transparent pixels: 0
[Tue, 28 Jul 2026 18:29:31 IST] [INFO] Opaque pixels: 786432
[Tue, 28 Jul 2026 18:29:31 IST] [INFO] Dirty rectangle empty
[Tue, 28 Jul 2026 18:29:31 IST] [INFO] ========== Capture Tick ==========
[Tue, 28 Jul 2026 18:29:31 IST] [INFO] Current timestamp: 2026-07-28 18:29:31.8598972 +0530 IST m=+59.708612201
[Tue, 28 Jul 2026 18:29:31 IST] [INFO] HWND: 3935346
[Tue, 28 Jul 2026 18:29:31 IST] [INFO] FindWindowByPID() succeeded: true
[Tue, 28 Jul 2026 18:29:31 IST] [INFO] Process is still alive: true
[Tue, 28 Jul 2026 18:29:31 IST] [INFO] CaptureWindow entered
[Tue, 28 Jul 2026 18:29:31 IST] [INFO] HWND: 3935346
[Tue, 28 Jul 2026 18:29:31 IST] [INFO] Width: 1024, Height: 768
[Tue, 28 Jul 2026 18:29:31 IST] [INFO] GetWindowDC succeeded: true
[Tue, 28 Jul 2026 18:29:31 IST] [INFO] CreateCompatibleDC succeeded: true
[Tue, 28 Jul 2026 18:29:31 IST] [INFO] CreateCompatibleBitmap succeeded: true
[Tue, 28 Jul 2026 18:29:31 IST] [INFO] SelectObject succeeded: true
[Tue, 28 Jul 2026 18:29:31 IST] [INFO] PrintWindow return value: 1
[Tue, 28 Jul 2026 18:29:31 IST] [INFO] Fallback PrintWindow() is executed: false
[Tue, 28 Jul 2026 18:29:31 IST] [INFO] GetDIBits return value: 768
[Tue, 28 Jul 2026 18:29:31 IST] [INFO] Number of scanlines copied: 768
[Tue, 28 Jul 2026 18:29:31 IST] [INFO] GetDIBits Width: 1024
[Tue, 28 Jul 2026 18:29:31 IST] [INFO] GetDIBits Height: 768
[Tue, 28 Jul 2026 18:29:31 IST] [INFO] Bitmap format: BI_RGB (32-bit)
[Tue, 28 Jul 2026 18:29:31 IST] [INFO] Non-black pixels: 494533
[Tue, 28 Jul 2026 18:29:31 IST] [INFO] Transparent pixels: 0
[Tue, 28 Jul 2026 18:29:31 IST] [INFO] Opaque pixels: 786432
[Tue, 28 Jul 2026 18:29:31 IST] [INFO] Dirty rectangle empty
[Tue, 28 Jul 2026 18:29:31 IST] [INFO] ========== Capture Tick ==========
[Tue, 28 Jul 2026 18:29:31 IST] [INFO] Current timestamp: 2026-07-28 18:29:31.9601194 +0530 IST m=+59.808834401
[Tue, 28 Jul 2026 18:29:31 IST] [INFO] HWND: 3935346
[Tue, 28 Jul 2026 18:29:31 IST] [INFO] FindWindowByPID() succeeded: true
[Tue, 28 Jul 2026 18:29:31 IST] [INFO] Process is still alive: true
[Tue, 28 Jul 2026 18:29:31 IST] [INFO] CaptureWindow entered
[Tue, 28 Jul 2026 18:29:31 IST] [INFO] HWND: 3935346
[Tue, 28 Jul 2026 18:29:31 IST] [INFO] Width: 1024, Height: 768
[Tue, 28 Jul 2026 18:29:31 IST] [INFO] GetWindowDC succeeded: true
[Tue, 28 Jul 2026 18:29:31 IST] [INFO] CreateCompatibleDC succeeded: true
[Tue, 28 Jul 2026 18:29:31 IST] [INFO] CreateCompatibleBitmap succeeded: true
[Tue, 28 Jul 2026 18:29:31 IST] [INFO] SelectObject succeeded: true
[Tue, 28 Jul 2026 18:29:31 IST] [INFO] PrintWindow return value: 1
[Tue, 28 Jul 2026 18:29:31 IST] [INFO] Fallback PrintWindow() is executed: false
[Tue, 28 Jul 2026 18:29:31 IST] [INFO] GetDIBits return value: 768
[Tue, 28 Jul 2026 18:29:31 IST] [INFO] Number of scanlines copied: 768
[Tue, 28 Jul 2026 18:29:31 IST] [INFO] GetDIBits Width: 1024
[Tue, 28 Jul 2026 18:29:31 IST] [INFO] GetDIBits Height: 768
[Tue, 28 Jul 2026 18:29:31 IST] [INFO] Bitmap format: BI_RGB (32-bit)
[Tue, 28 Jul 2026 18:29:31 IST] [INFO] Non-black pixels: 494533
[Tue, 28 Jul 2026 18:29:31 IST] [INFO] Transparent pixels: 0
[Tue, 28 Jul 2026 18:29:31 IST] [INFO] Opaque pixels: 786432
[Tue, 28 Jul 2026 18:29:32 IST] [INFO] Dirty rectangle empty
[Tue, 28 Jul 2026 18:29:32 IST] [INFO] ========== Capture Tick ==========
[Tue, 28 Jul 2026 18:29:32 IST] [INFO] Current timestamp: 2026-07-28 18:29:32.0600595 +0530 IST m=+59.908774501
[Tue, 28 Jul 2026 18:29:32 IST] [INFO] HWND: 3935346
[Tue, 28 Jul 2026 18:29:32 IST] [INFO] FindWindowByPID() succeeded: true
[Tue, 28 Jul 2026 18:29:32 IST] [INFO] Process is still alive: true
[Tue, 28 Jul 2026 18:29:32 IST] [INFO] CaptureWindow entered
[Tue, 28 Jul 2026 18:29:32 IST] [INFO] HWND: 3935346
[Tue, 28 Jul 2026 18:29:32 IST] [INFO] Width: 1024, Height: 768
[Tue, 28 Jul 2026 18:29:32 IST] [INFO] GetWindowDC succeeded: true
[Tue, 28 Jul 2026 18:29:32 IST] [INFO] CreateCompatibleDC succeeded: true
[Tue, 28 Jul 2026 18:29:32 IST] [INFO] CreateCompatibleBitmap succeeded: true
[Tue, 28 Jul 2026 18:29:32 IST] [INFO] SelectObject succeeded: true
[Tue, 28 Jul 2026 18:29:32 IST] [INFO] PrintWindow return value: 1
[Tue, 28 Jul 2026 18:29:32 IST] [INFO] Fallback PrintWindow() is executed: false
[Tue, 28 Jul 2026 18:29:32 IST] [INFO] GetDIBits return value: 768
[Tue, 28 Jul 2026 18:29:32 IST] [INFO] Number of scanlines copied: 768
[Tue, 28 Jul 2026 18:29:32 IST] [INFO] GetDIBits Width: 1024
[Tue, 28 Jul 2026 18:29:32 IST] [INFO] GetDIBits Height: 768
[Tue, 28 Jul 2026 18:29:32 IST] [INFO] Bitmap format: BI_RGB (32-bit)
[Tue, 28 Jul 2026 18:29:32 IST] [INFO] Non-black pixels: 494533
[Tue, 28 Jul 2026 18:29:32 IST] [INFO] Transparent pixels: 0
[Tue, 28 Jul 2026 18:29:32 IST] [INFO] Opaque pixels: 786432
[Tue, 28 Jul 2026 18:29:32 IST] [INFO] Dirty rectangle empty
[Tue, 28 Jul 2026 18:29:32 IST] [INFO] ========== Capture Tick ==========
[Tue, 28 Jul 2026 18:29:32 IST] [INFO] Current timestamp: 2026-07-28 18:29:32.1601164 +0530 IST m=+60.008831401
[Tue, 28 Jul 2026 18:29:32 IST] [INFO] HWND: 3935346
[Tue, 28 Jul 2026 18:29:32 IST] [INFO] FindWindowByPID() succeeded: true
[Tue, 28 Jul 2026 18:29:32 IST] [INFO] Process is still alive: true
[Tue, 28 Jul 2026 18:29:32 IST] [INFO] CaptureWindow entered
[Tue, 28 Jul 2026 18:29:32 IST] [INFO] HWND: 3935346
[Tue, 28 Jul 2026 18:29:32 IST] [INFO] Width: 1024, Height: 768
[Tue, 28 Jul 2026 18:29:32 IST] [INFO] GetWindowDC succeeded: true
[Tue, 28 Jul 2026 18:29:32 IST] [INFO] CreateCompatibleDC succeeded: true
[Tue, 28 Jul 2026 18:29:32 IST] [INFO] CreateCompatibleBitmap succeeded: true
[Tue, 28 Jul 2026 18:29:32 IST] [INFO] SelectObject succeeded: true
[Tue, 28 Jul 2026 18:29:32 IST] [INFO] PrintWindow return value: 1
[Tue, 28 Jul 2026 18:29:32 IST] [INFO] Fallback PrintWindow() is executed: false
[Tue, 28 Jul 2026 18:29:32 IST] [INFO] GetDIBits return value: 768
[Tue, 28 Jul 2026 18:29:32 IST] [INFO] Number of scanlines copied: 768
[Tue, 28 Jul 2026 18:29:32 IST] [INFO] GetDIBits Width: 1024
[Tue, 28 Jul 2026 18:29:32 IST] [INFO] GetDIBits Height: 768
[Tue, 28 Jul 2026 18:29:32 IST] [INFO] Bitmap format: BI_RGB (32-bit)
[Tue, 28 Jul 2026 18:29:32 IST] [INFO] Non-black pixels: 494533
[Tue, 28 Jul 2026 18:29:32 IST] [INFO] Transparent pixels: 0
[Tue, 28 Jul 2026 18:29:32 IST] [INFO] Opaque pixels: 786432
[Tue, 28 Jul 2026 18:29:32 IST] [INFO] Dirty rectangle empty
[Tue, 28 Jul 2026 18:29:32 IST] [INFO] ========== Capture Tick ==========
[Tue, 28 Jul 2026 18:29:32 IST] [INFO] Current timestamp: 2026-07-28 18:29:32.259901 +0530 IST m=+60.108616001
[Tue, 28 Jul 2026 18:29:32 IST] [INFO] HWND: 3935346
[Tue, 28 Jul 2026 18:29:32 IST] [INFO] FindWindowByPID() succeeded: true
[Tue, 28 Jul 2026 18:29:32 IST] [INFO] Process is still alive: true
[Tue, 28 Jul 2026 18:29:32 IST] [INFO] CaptureWindow entered
[Tue, 28 Jul 2026 18:29:32 IST] [INFO] HWND: 3935346
[Tue, 28 Jul 2026 18:29:32 IST] [INFO] Width: 1024, Height: 768
[Tue, 28 Jul 2026 18:29:32 IST] [INFO] GetWindowDC succeeded: true
[Tue, 28 Jul 2026 18:29:32 IST] [INFO] CreateCompatibleDC succeeded: true
[Tue, 28 Jul 2026 18:29:32 IST] [INFO] CreateCompatibleBitmap succeeded: true
[Tue, 28 Jul 2026 18:29:32 IST] [INFO] SelectObject succeeded: true
[Tue, 28 Jul 2026 18:29:32 IST] [INFO] PrintWindow return value: 1
[Tue, 28 Jul 2026 18:29:32 IST] [INFO] Fallback PrintWindow() is executed: false
[Tue, 28 Jul 2026 18:29:32 IST] [INFO] GetDIBits return value: 768
[Tue, 28 Jul 2026 18:29:32 IST] [INFO] Number of scanlines copied: 768
[Tue, 28 Jul 2026 18:29:32 IST] [INFO] GetDIBits Width: 1024
[Tue, 28 Jul 2026 18:29:32 IST] [INFO] GetDIBits Height: 768
[Tue, 28 Jul 2026 18:29:32 IST] [INFO] Bitmap format: BI_RGB (32-bit)
[Tue, 28 Jul 2026 18:29:32 IST] [INFO] Non-black pixels: 494533
[Tue, 28 Jul 2026 18:29:32 IST] [INFO] Transparent pixels: 0
[Tue, 28 Jul 2026 18:29:32 IST] [INFO] Opaque pixels: 786432
[Tue, 28 Jul 2026 18:29:32 IST] [INFO] Dirty rectangle empty
[Tue, 28 Jul 2026 18:29:32 IST] [INFO] ========== Capture Tick ==========
[Tue, 28 Jul 2026 18:29:32 IST] [INFO] Current timestamp: 2026-07-28 18:29:32.359928 +0530 IST m=+60.208643001
[Tue, 28 Jul 2026 18:29:32 IST] [INFO] HWND: 3935346
[Tue, 28 Jul 2026 18:29:32 IST] [INFO] FindWindowByPID() succeeded: true
[Tue, 28 Jul 2026 18:29:32 IST] [INFO] Process is still alive: true
[Tue, 28 Jul 2026 18:29:32 IST] [INFO] CaptureWindow entered
[Tue, 28 Jul 2026 18:29:32 IST] [INFO] HWND: 3935346
[Tue, 28 Jul 2026 18:29:32 IST] [INFO] Width: 1024, Height: 768
[Tue, 28 Jul 2026 18:29:32 IST] [INFO] GetWindowDC succeeded: true
[Tue, 28 Jul 2026 18:29:32 IST] [INFO] CreateCompatibleDC succeeded: true
[Tue, 28 Jul 2026 18:29:32 IST] [INFO] CreateCompatibleBitmap succeeded: true
[Tue, 28 Jul 2026 18:29:32 IST] [INFO] SelectObject succeeded: true
[Tue, 28 Jul 2026 18:29:32 IST] [INFO] PrintWindow return value: 1
[Tue, 28 Jul 2026 18:29:32 IST] [INFO] Fallback PrintWindow() is executed: false
[Tue, 28 Jul 2026 18:29:32 IST] [INFO] GetDIBits return value: 768
[Tue, 28 Jul 2026 18:29:32 IST] [INFO] Number of scanlines copied: 768
[Tue, 28 Jul 2026 18:29:32 IST] [INFO] GetDIBits Width: 1024
[Tue, 28 Jul 2026 18:29:32 IST] [INFO] GetDIBits Height: 768
[Tue, 28 Jul 2026 18:29:32 IST] [INFO] Bitmap format: BI_RGB (32-bit)
[Tue, 28 Jul 2026 18:29:32 IST] [INFO] Non-black pixels: 494533
[Tue, 28 Jul 2026 18:29:32 IST] [INFO] Transparent pixels: 0
[Tue, 28 Jul 2026 18:29:32 IST] [INFO] Opaque pixels: 786432
[Tue, 28 Jul 2026 18:29:32 IST] [INFO] Dirty rectangle empty
[Tue, 28 Jul 2026 18:29:32 IST] [INFO] ========== Capture Tick ==========
[Tue, 28 Jul 2026 18:29:32 IST] [INFO] Current timestamp: 2026-07-28 18:29:32.4600062 +0530 IST m=+60.308721201
[Tue, 28 Jul 2026 18:29:32 IST] [INFO] HWND: 3935346
[Tue, 28 Jul 2026 18:29:32 IST] [INFO] FindWindowByPID() succeeded: true
[Tue, 28 Jul 2026 18:29:32 IST] [INFO] Process is still alive: true
[Tue, 28 Jul 2026 18:29:32 IST] [INFO] CaptureWindow entered
[Tue, 28 Jul 2026 18:29:32 IST] [INFO] HWND: 3935346
[Tue, 28 Jul 2026 18:29:32 IST] [INFO] Width: 1024, Height: 768
[Tue, 28 Jul 2026 18:29:32 IST] [INFO] GetWindowDC succeeded: true
[Tue, 28 Jul 2026 18:29:32 IST] [INFO] CreateCompatibleDC succeeded: true
[Tue, 28 Jul 2026 18:29:32 IST] [INFO] CreateCompatibleBitmap succeeded: true
[Tue, 28 Jul 2026 18:29:32 IST] [INFO] SelectObject succeeded: true
[Tue, 28 Jul 2026 18:29:32 IST] [INFO] PrintWindow return value: 1
[Tue, 28 Jul 2026 18:29:32 IST] [INFO] Fallback PrintWindow() is executed: false
[Tue, 28 Jul 2026 18:29:32 IST] [INFO] GetDIBits return value: 768
[Tue, 28 Jul 2026 18:29:32 IST] [INFO] Number of scanlines copied: 768
[Tue, 28 Jul 2026 18:29:32 IST] [INFO] GetDIBits Width: 1024
[Tue, 28 Jul 2026 18:29:32 IST] [INFO] GetDIBits Height: 768
[Tue, 28 Jul 2026 18:29:32 IST] [INFO] Bitmap format: BI_RGB (32-bit)
[Tue, 28 Jul 2026 18:29:32 IST] [INFO] Non-black pixels: 494533
[Tue, 28 Jul 2026 18:29:32 IST] [INFO] Transparent pixels: 0
[Tue, 28 Jul 2026 18:29:32 IST] [INFO] Opaque pixels: 786432
[Tue, 28 Jul 2026 18:29:32 IST] [INFO] Dirty rectangle empty
[Tue, 28 Jul 2026 18:29:32 IST] [INFO] ========== Capture Tick ==========
[Tue, 28 Jul 2026 18:29:32 IST] [INFO] Current timestamp: 2026-07-28 18:29:32.560032 +0530 IST m=+60.408747001
[Tue, 28 Jul 2026 18:29:32 IST] [INFO] HWND: 3935346
[Tue, 28 Jul 2026 18:29:32 IST] [INFO] FindWindowByPID() succeeded: true
[Tue, 28 Jul 2026 18:29:32 IST] [INFO] Process is still alive: true
[Tue, 28 Jul 2026 18:29:32 IST] [INFO] CaptureWindow entered
[Tue, 28 Jul 2026 18:29:32 IST] [INFO] HWND: 3935346
[Tue, 28 Jul 2026 18:29:32 IST] [INFO] Width: 1024, Height: 768
[Tue, 28 Jul 2026 18:29:32 IST] [INFO] GetWindowDC succeeded: true
[Tue, 28 Jul 2026 18:29:32 IST] [INFO] CreateCompatibleDC succeeded: true
[Tue, 28 Jul 2026 18:29:32 IST] [INFO] CreateCompatibleBitmap succeeded: true
[Tue, 28 Jul 2026 18:29:32 IST] [INFO] SelectObject succeeded: true
[Tue, 28 Jul 2026 18:29:32 IST] [INFO] PrintWindow return value: 1
[Tue, 28 Jul 2026 18:29:32 IST] [INFO] Fallback PrintWindow() is executed: false
[Tue, 28 Jul 2026 18:29:32 IST] [INFO] GetDIBits return value: 768
[Tue, 28 Jul 2026 18:29:32 IST] [INFO] Number of scanlines copied: 768
[Tue, 28 Jul 2026 18:29:32 IST] [INFO] GetDIBits Width: 1024
[Tue, 28 Jul 2026 18:29:32 IST] [INFO] GetDIBits Height: 768
[Tue, 28 Jul 2026 18:29:32 IST] [INFO] Bitmap format: BI_RGB (32-bit)
[Tue, 28 Jul 2026 18:29:32 IST] [INFO] Non-black pixels: 494533
[Tue, 28 Jul 2026 18:29:32 IST] [INFO] Transparent pixels: 0
[Tue, 28 Jul 2026 18:29:32 IST] [INFO] Opaque pixels: 786432
[Tue, 28 Jul 2026 18:29:32 IST] [INFO] Dirty rectangle empty
[Tue, 28 Jul 2026 18:29:32 IST] [INFO] ========== Capture Tick ==========
[Tue, 28 Jul 2026 18:29:32 IST] [INFO] Current timestamp: 2026-07-28 18:29:32.6600281 +0530 IST m=+60.508743101
[Tue, 28 Jul 2026 18:29:32 IST] [INFO] HWND: 3935346
[Tue, 28 Jul 2026 18:29:32 IST] [INFO] FindWindowByPID() succeeded: true
[Tue, 28 Jul 2026 18:29:32 IST] [INFO] Process is still alive: true
[Tue, 28 Jul 2026 18:29:32 IST] [INFO] CaptureWindow entered
[Tue, 28 Jul 2026 18:29:32 IST] [INFO] HWND: 3935346
[Tue, 28 Jul 2026 18:29:32 IST] [INFO] Width: 1024, Height: 768
[Tue, 28 Jul 2026 18:29:32 IST] [INFO] GetWindowDC succeeded: true
[Tue, 28 Jul 2026 18:29:32 IST] [INFO] CreateCompatibleDC succeeded: true
[Tue, 28 Jul 2026 18:29:32 IST] [INFO] CreateCompatibleBitmap succeeded: true
[Tue, 28 Jul 2026 18:29:32 IST] [INFO] SelectObject succeeded: true
[Tue, 28 Jul 2026 18:29:32 IST] [INFO] PrintWindow return value: 1
[Tue, 28 Jul 2026 18:29:32 IST] [INFO] Fallback PrintWindow() is executed: false
[Tue, 28 Jul 2026 18:29:32 IST] [INFO] GetDIBits return value: 768
[Tue, 28 Jul 2026 18:29:32 IST] [INFO] Number of scanlines copied: 768
[Tue, 28 Jul 2026 18:29:32 IST] [INFO] GetDIBits Width: 1024
[Tue, 28 Jul 2026 18:29:32 IST] [INFO] GetDIBits Height: 768
[Tue, 28 Jul 2026 18:29:32 IST] [INFO] Bitmap format: BI_RGB (32-bit)
[Tue, 28 Jul 2026 18:29:32 IST] [INFO] Non-black pixels: 494533
[Tue, 28 Jul 2026 18:29:32 IST] [INFO] Transparent pixels: 0
[Tue, 28 Jul 2026 18:29:32 IST] [INFO] Opaque pixels: 786432
[Tue, 28 Jul 2026 18:29:32 IST] [INFO] Dirty rectangle empty
[Tue, 28 Jul 2026 18:29:32 IST] [INFO] ========== Capture Tick ==========
[Tue, 28 Jul 2026 18:29:32 IST] [INFO] Current timestamp: 2026-07-28 18:29:32.7599214 +0530 IST m=+60.608636401
[Tue, 28 Jul 2026 18:29:32 IST] [INFO] HWND: 3935346
[Tue, 28 Jul 2026 18:29:32 IST] [INFO] FindWindowByPID() succeeded: true
[Tue, 28 Jul 2026 18:29:32 IST] [INFO] Process is still alive: true
[Tue, 28 Jul 2026 18:29:32 IST] [INFO] CaptureWindow entered
[Tue, 28 Jul 2026 18:29:32 IST] [INFO] HWND: 3935346
[Tue, 28 Jul 2026 18:29:32 IST] [INFO] Width: 1024, Height: 768
[Tue, 28 Jul 2026 18:29:32 IST] [INFO] GetWindowDC succeeded: true
[Tue, 28 Jul 2026 18:29:32 IST] [INFO] CreateCompatibleDC succeeded: true
[Tue, 28 Jul 2026 18:29:32 IST] [INFO] CreateCompatibleBitmap succeeded: true
[Tue, 28 Jul 2026 18:29:32 IST] [INFO] SelectObject succeeded: true
[Tue, 28 Jul 2026 18:29:32 IST] [INFO] PrintWindow return value: 1
[Tue, 28 Jul 2026 18:29:32 IST] [INFO] Fallback PrintWindow() is executed: false
[Tue, 28 Jul 2026 18:29:32 IST] [INFO] GetDIBits return value: 768
[Tue, 28 Jul 2026 18:29:32 IST] [INFO] Number of scanlines copied: 768
[Tue, 28 Jul 2026 18:29:32 IST] [INFO] GetDIBits Width: 1024
[Tue, 28 Jul 2026 18:29:32 IST] [INFO] GetDIBits Height: 768
[Tue, 28 Jul 2026 18:29:32 IST] [INFO] Bitmap format: BI_RGB (32-bit)
[Tue, 28 Jul 2026 18:29:32 IST] [INFO] Non-black pixels: 494533
[Tue, 28 Jul 2026 18:29:32 IST] [INFO] Transparent pixels: 0
[Tue, 28 Jul 2026 18:29:32 IST] [INFO] Opaque pixels: 786432
[Tue, 28 Jul 2026 18:29:32 IST] [INFO] Dirty rectangle empty
[Tue, 28 Jul 2026 18:29:32 IST] [INFO] ========== Capture Tick ==========
[Tue, 28 Jul 2026 18:29:32 IST] [INFO] Current timestamp: 2026-07-28 18:29:32.8602228 +0530 IST m=+60.708937801
[Tue, 28 Jul 2026 18:29:32 IST] [INFO] HWND: 3935346
[Tue, 28 Jul 2026 18:29:32 IST] [INFO] FindWindowByPID() succeeded: true
[Tue, 28 Jul 2026 18:29:32 IST] [INFO] Process is still alive: true
[Tue, 28 Jul 2026 18:29:32 IST] [INFO] CaptureWindow entered
[Tue, 28 Jul 2026 18:29:32 IST] [INFO] HWND: 3935346
[Tue, 28 Jul 2026 18:29:32 IST] [INFO] Width: 1024, Height: 768
[Tue, 28 Jul 2026 18:29:32 IST] [INFO] GetWindowDC succeeded: true
[Tue, 28 Jul 2026 18:29:32 IST] [INFO] CreateCompatibleDC succeeded: true
[Tue, 28 Jul 2026 18:29:32 IST] [INFO] CreateCompatibleBitmap succeeded: true
[Tue, 28 Jul 2026 18:29:32 IST] [INFO] SelectObject succeeded: true
[Tue, 28 Jul 2026 18:29:32 IST] [INFO] PrintWindow return value: 1
[Tue, 28 Jul 2026 18:29:32 IST] [INFO] Fallback PrintWindow() is executed: false
[Tue, 28 Jul 2026 18:29:32 IST] [INFO] GetDIBits return value: 768
[Tue, 28 Jul 2026 18:29:32 IST] [INFO] Number of scanlines copied: 768
[Tue, 28 Jul 2026 18:29:32 IST] [INFO] GetDIBits Width: 1024
[Tue, 28 Jul 2026 18:29:32 IST] [INFO] GetDIBits Height: 768
[Tue, 28 Jul 2026 18:29:32 IST] [INFO] Bitmap format: BI_RGB (32-bit)
[Tue, 28 Jul 2026 18:29:32 IST] [INFO] Non-black pixels: 494533
[Tue, 28 Jul 2026 18:29:32 IST] [INFO] Transparent pixels: 0
[Tue, 28 Jul 2026 18:29:32 IST] [INFO] Opaque pixels: 786432
[Tue, 28 Jul 2026 18:29:32 IST] [INFO] Dirty rectangle empty
[Tue, 28 Jul 2026 18:29:32 IST] [INFO] ========== Capture Tick ==========
[Tue, 28 Jul 2026 18:29:32 IST] [INFO] Current timestamp: 2026-07-28 18:29:32.960217 +0530 IST m=+60.808932001
[Tue, 28 Jul 2026 18:29:32 IST] [INFO] HWND: 3935346
[Tue, 28 Jul 2026 18:29:32 IST] [INFO] FindWindowByPID() succeeded: true
[Tue, 28 Jul 2026 18:29:32 IST] [INFO] Process is still alive: true
[Tue, 28 Jul 2026 18:29:32 IST] [INFO] CaptureWindow entered
[Tue, 28 Jul 2026 18:29:32 IST] [INFO] HWND: 3935346
[Tue, 28 Jul 2026 18:29:32 IST] [INFO] Width: 1024, Height: 768
[Tue, 28 Jul 2026 18:29:32 IST] [INFO] GetWindowDC succeeded: true
[Tue, 28 Jul 2026 18:29:32 IST] [INFO] CreateCompatibleDC succeeded: true
[Tue, 28 Jul 2026 18:29:32 IST] [INFO] CreateCompatibleBitmap succeeded: true
[Tue, 28 Jul 2026 18:29:32 IST] [INFO] SelectObject succeeded: true
[Tue, 28 Jul 2026 18:29:32 IST] [INFO] PrintWindow return value: 1
[Tue, 28 Jul 2026 18:29:32 IST] [INFO] Fallback PrintWindow() is executed: false
[Tue, 28 Jul 2026 18:29:32 IST] [INFO] GetDIBits return value: 768
[Tue, 28 Jul 2026 18:29:32 IST] [INFO] Number of scanlines copied: 768
[Tue, 28 Jul 2026 18:29:32 IST] [INFO] GetDIBits Width: 1024
[Tue, 28 Jul 2026 18:29:32 IST] [INFO] GetDIBits Height: 768
[Tue, 28 Jul 2026 18:29:32 IST] [INFO] Bitmap format: BI_RGB (32-bit)
[Tue, 28 Jul 2026 18:29:32 IST] [INFO] Non-black pixels: 494533
[Tue, 28 Jul 2026 18:29:32 IST] [INFO] Transparent pixels: 0
[Tue, 28 Jul 2026 18:29:32 IST] [INFO] Opaque pixels: 786432
[Tue, 28 Jul 2026 18:29:33 IST] [INFO] Dirty rectangle empty
[Tue, 28 Jul 2026 18:29:33 IST] [INFO] ========== Capture Tick ==========
[Tue, 28 Jul 2026 18:29:33 IST] [INFO] Current timestamp: 2026-07-28 18:29:33.0601924 +0530 IST m=+60.908907401
[Tue, 28 Jul 2026 18:29:33 IST] [INFO] HWND: 3935346
[Tue, 28 Jul 2026 18:29:33 IST] [INFO] FindWindowByPID() succeeded: true
[Tue, 28 Jul 2026 18:29:33 IST] [INFO] Process is still alive: true
[Tue, 28 Jul 2026 18:29:33 IST] [INFO] CaptureWindow entered
[Tue, 28 Jul 2026 18:29:33 IST] [INFO] HWND: 3935346
[Tue, 28 Jul 2026 18:29:33 IST] [INFO] Width: 1024, Height: 768
[Tue, 28 Jul 2026 18:29:33 IST] [INFO] GetWindowDC succeeded: true
[Tue, 28 Jul 2026 18:29:33 IST] [INFO] CreateCompatibleDC succeeded: true
[Tue, 28 Jul 2026 18:29:33 IST] [INFO] CreateCompatibleBitmap succeeded: true
[Tue, 28 Jul 2026 18:29:33 IST] [INFO] SelectObject succeeded: true
[Tue, 28 Jul 2026 18:29:33 IST] [INFO] PrintWindow return value: 1
[Tue, 28 Jul 2026 18:29:33 IST] [INFO] Fallback PrintWindow() is executed: false
[Tue, 28 Jul 2026 18:29:33 IST] [INFO] GetDIBits return value: 768
[Tue, 28 Jul 2026 18:29:33 IST] [INFO] Number of scanlines copied: 768
[Tue, 28 Jul 2026 18:29:33 IST] [INFO] GetDIBits Width: 1024
[Tue, 28 Jul 2026 18:29:33 IST] [INFO] GetDIBits Height: 768
[Tue, 28 Jul 2026 18:29:33 IST] [INFO] Bitmap format: BI_RGB (32-bit)
[Tue, 28 Jul 2026 18:29:33 IST] [INFO] Non-black pixels: 494533
[Tue, 28 Jul 2026 18:29:33 IST] [INFO] Transparent pixels: 0
[Tue, 28 Jul 2026 18:29:33 IST] [INFO] Opaque pixels: 786432
[Tue, 28 Jul 2026 18:29:33 IST] [INFO] Dirty rectangle empty
[Tue, 28 Jul 2026 18:29:33 IST] [INFO] ========== Capture Tick ==========
[Tue, 28 Jul 2026 18:29:33 IST] [INFO] Current timestamp: 2026-07-28 18:29:33.1602826 +0530 IST m=+61.008997601
[Tue, 28 Jul 2026 18:29:33 IST] [INFO] HWND: 3935346
[Tue, 28 Jul 2026 18:29:33 IST] [INFO] FindWindowByPID() succeeded: true
[Tue, 28 Jul 2026 18:29:33 IST] [INFO] Process is still alive: true
[Tue, 28 Jul 2026 18:29:33 IST] [INFO] CaptureWindow entered
[Tue, 28 Jul 2026 18:29:33 IST] [INFO] HWND: 3935346
[Tue, 28 Jul 2026 18:29:33 IST] [INFO] Width: 1024, Height: 768
[Tue, 28 Jul 2026 18:29:33 IST] [INFO] GetWindowDC succeeded: true
[Tue, 28 Jul 2026 18:29:33 IST] [INFO] CreateCompatibleDC succeeded: true
[Tue, 28 Jul 2026 18:29:33 IST] [INFO] CreateCompatibleBitmap succeeded: true
[Tue, 28 Jul 2026 18:29:33 IST] [INFO] SelectObject succeeded: true
[Tue, 28 Jul 2026 18:29:33 IST] [INFO] PrintWindow return value: 1
[Tue, 28 Jul 2026 18:29:33 IST] [INFO] Fallback PrintWindow() is executed: false
[Tue, 28 Jul 2026 18:29:33 IST] [INFO] GetDIBits return value: 768
[Tue, 28 Jul 2026 18:29:33 IST] [INFO] Number of scanlines copied: 768
[Tue, 28 Jul 2026 18:29:33 IST] [INFO] GetDIBits Width: 1024
[Tue, 28 Jul 2026 18:29:33 IST] [INFO] GetDIBits Height: 768
[Tue, 28 Jul 2026 18:29:33 IST] [INFO] Bitmap format: BI_RGB (32-bit)
[Tue, 28 Jul 2026 18:29:33 IST] [INFO] Non-black pixels: 494533
[Tue, 28 Jul 2026 18:29:33 IST] [INFO] Transparent pixels: 0
[Tue, 28 Jul 2026 18:29:33 IST] [INFO] Opaque pixels: 786432
[Tue, 28 Jul 2026 18:29:33 IST] [INFO] Dirty rectangle empty
[Tue, 28 Jul 2026 18:29:33 IST] [INFO] ========== Capture Tick ==========
[Tue, 28 Jul 2026 18:29:33 IST] [INFO] Current timestamp: 2026-07-28 18:29:33.2604882 +0530 IST m=+61.109203201
[Tue, 28 Jul 2026 18:29:33 IST] [INFO] HWND: 3935346
[Tue, 28 Jul 2026 18:29:33 IST] [INFO] FindWindowByPID() succeeded: true
[Tue, 28 Jul 2026 18:29:33 IST] [INFO] Process is still alive: true
[Tue, 28 Jul 2026 18:29:33 IST] [INFO] CaptureWindow entered
[Tue, 28 Jul 2026 18:29:33 IST] [INFO] HWND: 3935346
[Tue, 28 Jul 2026 18:29:33 IST] [INFO] Width: 1024, Height: 768
[Tue, 28 Jul 2026 18:29:33 IST] [INFO] GetWindowDC succeeded: true
[Tue, 28 Jul 2026 18:29:33 IST] [INFO] CreateCompatibleDC succeeded: true
[Tue, 28 Jul 2026 18:29:33 IST] [INFO] CreateCompatibleBitmap succeeded: true
[Tue, 28 Jul 2026 18:29:33 IST] [INFO] SelectObject succeeded: true
[Tue, 28 Jul 2026 18:29:33 IST] [INFO] PrintWindow return value: 1
[Tue, 28 Jul 2026 18:29:33 IST] [INFO] Fallback PrintWindow() is executed: false
[Tue, 28 Jul 2026 18:29:33 IST] [INFO] GetDIBits return value: 768
[Tue, 28 Jul 2026 18:29:33 IST] [INFO] Number of scanlines copied: 768
[Tue, 28 Jul 2026 18:29:33 IST] [INFO] GetDIBits Width: 1024
[Tue, 28 Jul 2026 18:29:33 IST] [INFO] GetDIBits Height: 768
[Tue, 28 Jul 2026 18:29:33 IST] [INFO] Bitmap format: BI_RGB (32-bit)
[Tue, 28 Jul 2026 18:29:33 IST] [INFO] Non-black pixels: 494533
[Tue, 28 Jul 2026 18:29:33 IST] [INFO] Transparent pixels: 0
[Tue, 28 Jul 2026 18:29:33 IST] [INFO] Opaque pixels: 786432
[Tue, 28 Jul 2026 18:29:33 IST] [INFO] Dirty rectangle empty
[Tue, 28 Jul 2026 18:29:33 IST] [INFO] ========== Capture Tick ==========
[Tue, 28 Jul 2026 18:29:33 IST] [INFO] Current timestamp: 2026-07-28 18:29:33.3607452 +0530 IST m=+61.209460201
[Tue, 28 Jul 2026 18:29:33 IST] [INFO] HWND: 3935346
[Tue, 28 Jul 2026 18:29:33 IST] [INFO] FindWindowByPID() succeeded: true
[Tue, 28 Jul 2026 18:29:33 IST] [INFO] Process is still alive: true
[Tue, 28 Jul 2026 18:29:33 IST] [INFO] CaptureWindow entered
[Tue, 28 Jul 2026 18:29:33 IST] [INFO] HWND: 3935346
[Tue, 28 Jul 2026 18:29:33 IST] [INFO] Width: 1024, Height: 768
[Tue, 28 Jul 2026 18:29:33 IST] [INFO] GetWindowDC succeeded: true
[Tue, 28 Jul 2026 18:29:33 IST] [INFO] CreateCompatibleDC succeeded: true
[Tue, 28 Jul 2026 18:29:33 IST] [INFO] CreateCompatibleBitmap succeeded: true
[Tue, 28 Jul 2026 18:29:33 IST] [INFO] SelectObject succeeded: true
[Tue, 28 Jul 2026 18:29:33 IST] [INFO] PrintWindow return value: 1
[Tue, 28 Jul 2026 18:29:33 IST] [INFO] Fallback PrintWindow() is executed: false
[Tue, 28 Jul 2026 18:29:33 IST] [INFO] GetDIBits return value: 768
[Tue, 28 Jul 2026 18:29:33 IST] [INFO] Number of scanlines copied: 768
[Tue, 28 Jul 2026 18:29:33 IST] [INFO] GetDIBits Width: 1024
[Tue, 28 Jul 2026 18:29:33 IST] [INFO] GetDIBits Height: 768
[Tue, 28 Jul 2026 18:29:33 IST] [INFO] Bitmap format: BI_RGB (32-bit)
[Tue, 28 Jul 2026 18:29:33 IST] [INFO] Non-black pixels: 494533
[Tue, 28 Jul 2026 18:29:33 IST] [INFO] Transparent pixels: 0
[Tue, 28 Jul 2026 18:29:33 IST] [INFO] Opaque pixels: 786432
[Tue, 28 Jul 2026 18:29:33 IST] [INFO] Dirty rectangle empty
[Tue, 28 Jul 2026 18:29:33 IST] [INFO] ========== Capture Tick ==========
[Tue, 28 Jul 2026 18:29:33 IST] [INFO] Current timestamp: 2026-07-28 18:29:33.4605887 +0530 IST m=+61.309303701
[Tue, 28 Jul 2026 18:29:33 IST] [INFO] HWND: 3935346
[Tue, 28 Jul 2026 18:29:33 IST] [INFO] FindWindowByPID() succeeded: true
[Tue, 28 Jul 2026 18:29:33 IST] [INFO] Process is still alive: true
[Tue, 28 Jul 2026 18:29:33 IST] [INFO] CaptureWindow entered
[Tue, 28 Jul 2026 18:29:33 IST] [INFO] HWND: 3935346
[Tue, 28 Jul 2026 18:29:33 IST] [INFO] Width: 1024, Height: 768
[Tue, 28 Jul 2026 18:29:33 IST] [INFO] GetWindowDC succeeded: true
[Tue, 28 Jul 2026 18:29:33 IST] [INFO] CreateCompatibleDC succeeded: true
[Tue, 28 Jul 2026 18:29:33 IST] [INFO] CreateCompatibleBitmap succeeded: true
[Tue, 28 Jul 2026 18:29:33 IST] [INFO] SelectObject succeeded: true
[Tue, 28 Jul 2026 18:29:33 IST] [INFO] PrintWindow return value: 1
[Tue, 28 Jul 2026 18:29:33 IST] [INFO] Fallback PrintWindow() is executed: false
[Tue, 28 Jul 2026 18:29:33 IST] [INFO] GetDIBits return value: 768
[Tue, 28 Jul 2026 18:29:33 IST] [INFO] Number of scanlines copied: 768
[Tue, 28 Jul 2026 18:29:33 IST] [INFO] GetDIBits Width: 1024
[Tue, 28 Jul 2026 18:29:33 IST] [INFO] GetDIBits Height: 768
[Tue, 28 Jul 2026 18:29:33 IST] [INFO] Bitmap format: BI_RGB (32-bit)
[Tue, 28 Jul 2026 18:29:33 IST] [INFO] Non-black pixels: 494533
[Tue, 28 Jul 2026 18:29:33 IST] [INFO] Transparent pixels: 0
[Tue, 28 Jul 2026 18:29:33 IST] [INFO] Opaque pixels: 786432
[Tue, 28 Jul 2026 18:29:33 IST] [INFO] Dirty rectangle empty
[Tue, 28 Jul 2026 18:29:33 IST] [INFO] ========== Capture Tick ==========
[Tue, 28 Jul 2026 18:29:33 IST] [INFO] Current timestamp: 2026-07-28 18:29:33.5599186 +0530 IST m=+61.408633601
[Tue, 28 Jul 2026 18:29:33 IST] [INFO] HWND: 3935346
[Tue, 28 Jul 2026 18:29:33 IST] [INFO] FindWindowByPID() succeeded: true
[Tue, 28 Jul 2026 18:29:33 IST] [INFO] Process is still alive: true
[Tue, 28 Jul 2026 18:29:33 IST] [INFO] CaptureWindow entered
[Tue, 28 Jul 2026 18:29:33 IST] [INFO] HWND: 3935346
[Tue, 28 Jul 2026 18:29:33 IST] [INFO] Width: 1024, Height: 768
[Tue, 28 Jul 2026 18:29:33 IST] [INFO] GetWindowDC succeeded: true
[Tue, 28 Jul 2026 18:29:33 IST] [INFO] CreateCompatibleDC succeeded: true
[Tue, 28 Jul 2026 18:29:33 IST] [INFO] CreateCompatibleBitmap succeeded: true
[Tue, 28 Jul 2026 18:29:33 IST] [INFO] SelectObject succeeded: true
[Tue, 28 Jul 2026 18:29:33 IST] [INFO] PrintWindow return value: 1
[Tue, 28 Jul 2026 18:29:33 IST] [INFO] Fallback PrintWindow() is executed: false
[Tue, 28 Jul 2026 18:29:33 IST] [INFO] GetDIBits return value: 768
[Tue, 28 Jul 2026 18:29:33 IST] [INFO] Number of scanlines copied: 768
[Tue, 28 Jul 2026 18:29:33 IST] [INFO] GetDIBits Width: 1024
[Tue, 28 Jul 2026 18:29:33 IST] [INFO] GetDIBits Height: 768
[Tue, 28 Jul 2026 18:29:33 IST] [INFO] Bitmap format: BI_RGB (32-bit)
[Tue, 28 Jul 2026 18:29:33 IST] [INFO] Non-black pixels: 494533
[Tue, 28 Jul 2026 18:29:33 IST] [INFO] Transparent pixels: 0
[Tue, 28 Jul 2026 18:29:33 IST] [INFO] Opaque pixels: 786432
[Tue, 28 Jul 2026 18:29:33 IST] [INFO] Dirty rectangle empty
[Tue, 28 Jul 2026 18:29:33 IST] [INFO] ========== Capture Tick ==========
[Tue, 28 Jul 2026 18:29:33 IST] [INFO] Current timestamp: 2026-07-28 18:29:33.6601802 +0530 IST m=+61.508895201
[Tue, 28 Jul 2026 18:29:33 IST] [INFO] HWND: 3935346
[Tue, 28 Jul 2026 18:29:33 IST] [INFO] FindWindowByPID() succeeded: true
[Tue, 28 Jul 2026 18:29:33 IST] [INFO] Process is still alive: true
[Tue, 28 Jul 2026 18:29:33 IST] [INFO] CaptureWindow entered
[Tue, 28 Jul 2026 18:29:33 IST] [INFO] HWND: 3935346
[Tue, 28 Jul 2026 18:29:33 IST] [INFO] Width: 1024, Height: 768
[Tue, 28 Jul 2026 18:29:33 IST] [INFO] GetWindowDC succeeded: true
[Tue, 28 Jul 2026 18:29:33 IST] [INFO] CreateCompatibleDC succeeded: true
[Tue, 28 Jul 2026 18:29:33 IST] [INFO] CreateCompatibleBitmap succeeded: true
[Tue, 28 Jul 2026 18:29:33 IST] [INFO] SelectObject succeeded: true
[Tue, 28 Jul 2026 18:29:33 IST] [INFO] PrintWindow return value: 1
[Tue, 28 Jul 2026 18:29:33 IST] [INFO] Fallback PrintWindow() is executed: false
[Tue, 28 Jul 2026 18:29:33 IST] [INFO] GetDIBits return value: 768
[Tue, 28 Jul 2026 18:29:33 IST] [INFO] Number of scanlines copied: 768
[Tue, 28 Jul 2026 18:29:33 IST] [INFO] GetDIBits Width: 1024
[Tue, 28 Jul 2026 18:29:33 IST] [INFO] GetDIBits Height: 768
[Tue, 28 Jul 2026 18:29:33 IST] [INFO] Bitmap format: BI_RGB (32-bit)
[Tue, 28 Jul 2026 18:29:33 IST] [INFO] Non-black pixels: 494533
[Tue, 28 Jul 2026 18:29:33 IST] [INFO] Transparent pixels: 0
[Tue, 28 Jul 2026 18:29:33 IST] [INFO] Opaque pixels: 786432
[Tue, 28 Jul 2026 18:29:33 IST] [INFO] Dirty rectangle empty
[Tue, 28 Jul 2026 18:29:33 IST] [INFO] ========== Capture Tick ==========
[Tue, 28 Jul 2026 18:29:33 IST] [INFO] Current timestamp: 2026-07-28 18:29:33.7601405 +0530 IST m=+61.608855501
[Tue, 28 Jul 2026 18:29:33 IST] [INFO] HWND: 3935346
[Tue, 28 Jul 2026 18:29:33 IST] [INFO] FindWindowByPID() succeeded: true
[Tue, 28 Jul 2026 18:29:33 IST] [INFO] Process is still alive: true
[Tue, 28 Jul 2026 18:29:33 IST] [INFO] CaptureWindow entered
[Tue, 28 Jul 2026 18:29:33 IST] [INFO] HWND: 3935346
[Tue, 28 Jul 2026 18:29:33 IST] [INFO] Width: 1024, Height: 768
[Tue, 28 Jul 2026 18:29:33 IST] [INFO] GetWindowDC succeeded: true
[Tue, 28 Jul 2026 18:29:33 IST] [INFO] CreateCompatibleDC succeeded: true
[Tue, 28 Jul 2026 18:29:33 IST] [INFO] CreateCompatibleBitmap succeeded: true
[Tue, 28 Jul 2026 18:29:33 IST] [INFO] SelectObject succeeded: true
[Tue, 28 Jul 2026 18:29:33 IST] [INFO] PrintWindow return value: 1
[Tue, 28 Jul 2026 18:29:33 IST] [INFO] Fallback PrintWindow() is executed: false
[Tue, 28 Jul 2026 18:29:33 IST] [INFO] GetDIBits return value: 768
[Tue, 28 Jul 2026 18:29:33 IST] [INFO] Number of scanlines copied: 768
[Tue, 28 Jul 2026 18:29:33 IST] [INFO] GetDIBits Width: 1024
[Tue, 28 Jul 2026 18:29:33 IST] [INFO] GetDIBits Height: 768
[Tue, 28 Jul 2026 18:29:33 IST] [INFO] Bitmap format: BI_RGB (32-bit)
[Tue, 28 Jul 2026 18:29:33 IST] [INFO] Non-black pixels: 494533
[Tue, 28 Jul 2026 18:29:33 IST] [INFO] Transparent pixels: 0
[Tue, 28 Jul 2026 18:29:33 IST] [INFO] Opaque pixels: 786432
[Tue, 28 Jul 2026 18:29:33 IST] [INFO] Dirty rectangle empty
[Tue, 28 Jul 2026 18:29:33 IST] [INFO] ========== Capture Tick ==========
[Tue, 28 Jul 2026 18:29:33 IST] [INFO] Current timestamp: 2026-07-28 18:29:33.860168 +0530 IST m=+61.708883001
[Tue, 28 Jul 2026 18:29:33 IST] [INFO] HWND: 3935346
[Tue, 28 Jul 2026 18:29:33 IST] [INFO] FindWindowByPID() succeeded: true
[Tue, 28 Jul 2026 18:29:33 IST] [INFO] Process is still alive: true
[Tue, 28 Jul 2026 18:29:33 IST] [INFO] CaptureWindow entered
[Tue, 28 Jul 2026 18:29:33 IST] [INFO] HWND: 3935346
[Tue, 28 Jul 2026 18:29:33 IST] [INFO] Width: 1024, Height: 768
[Tue, 28 Jul 2026 18:29:33 IST] [INFO] GetWindowDC succeeded: true
[Tue, 28 Jul 2026 18:29:33 IST] [INFO] CreateCompatibleDC succeeded: true
[Tue, 28 Jul 2026 18:29:33 IST] [INFO] CreateCompatibleBitmap succeeded: true
[Tue, 28 Jul 2026 18:29:33 IST] [INFO] SelectObject succeeded: true
[Tue, 28 Jul 2026 18:29:33 IST] [INFO] PrintWindow return value: 1
[Tue, 28 Jul 2026 18:29:33 IST] [INFO] Fallback PrintWindow() is executed: false
[Tue, 28 Jul 2026 18:29:33 IST] [INFO] GetDIBits return value: 768
[Tue, 28 Jul 2026 18:29:33 IST] [INFO] Number of scanlines copied: 768
[Tue, 28 Jul 2026 18:29:33 IST] [INFO] GetDIBits Width: 1024
[Tue, 28 Jul 2026 18:29:33 IST] [INFO] GetDIBits Height: 768
[Tue, 28 Jul 2026 18:29:33 IST] [INFO] Bitmap format: BI_RGB (32-bit)
[Tue, 28 Jul 2026 18:29:33 IST] [INFO] Non-black pixels: 494533
[Tue, 28 Jul 2026 18:29:33 IST] [INFO] Transparent pixels: 0
[Tue, 28 Jul 2026 18:29:33 IST] [INFO] Opaque pixels: 786432
[Tue, 28 Jul 2026 18:29:33 IST] [INFO] Dirty rectangle empty
[Tue, 28 Jul 2026 18:29:33 IST] [INFO] ========== Capture Tick ==========
[Tue, 28 Jul 2026 18:29:33 IST] [INFO] Current timestamp: 2026-07-28 18:29:33.9598054 +0530 IST m=+61.808520401
[Tue, 28 Jul 2026 18:29:33 IST] [INFO] HWND: 3935346
[Tue, 28 Jul 2026 18:29:33 IST] [INFO] FindWindowByPID() succeeded: true
[Tue, 28 Jul 2026 18:29:33 IST] [INFO] Process is still alive: true
[Tue, 28 Jul 2026 18:29:33 IST] [INFO] CaptureWindow entered
[Tue, 28 Jul 2026 18:29:33 IST] [INFO] HWND: 3935346
[Tue, 28 Jul 2026 18:29:33 IST] [INFO] Width: 1024, Height: 768
[Tue, 28 Jul 2026 18:29:33 IST] [INFO] GetWindowDC succeeded: true
[Tue, 28 Jul 2026 18:29:33 IST] [INFO] CreateCompatibleDC succeeded: true
[Tue, 28 Jul 2026 18:29:33 IST] [INFO] CreateCompatibleBitmap succeeded: true
[Tue, 28 Jul 2026 18:29:33 IST] [INFO] SelectObject succeeded: true
[Tue, 28 Jul 2026 18:29:33 IST] [INFO] PrintWindow return value: 1
[Tue, 28 Jul 2026 18:29:33 IST] [INFO] Fallback PrintWindow() is executed: false
[Tue, 28 Jul 2026 18:29:33 IST] [INFO] GetDIBits return value: 768
[Tue, 28 Jul 2026 18:29:33 IST] [INFO] Number of scanlines copied: 768
[Tue, 28 Jul 2026 18:29:33 IST] [INFO] GetDIBits Width: 1024
[Tue, 28 Jul 2026 18:29:33 IST] [INFO] GetDIBits Height: 768
[Tue, 28 Jul 2026 18:29:33 IST] [INFO] Bitmap format: BI_RGB (32-bit)
[Tue, 28 Jul 2026 18:29:33 IST] [INFO] Non-black pixels: 494533
[Tue, 28 Jul 2026 18:29:33 IST] [INFO] Transparent pixels: 0
[Tue, 28 Jul 2026 18:29:33 IST] [INFO] Opaque pixels: 786432
[Tue, 28 Jul 2026 18:29:33 IST] [INFO] Dirty rectangle empty
[Tue, 28 Jul 2026 18:29:34 IST] [INFO] ========== Capture Tick ==========
[Tue, 28 Jul 2026 18:29:34 IST] [INFO] Current timestamp: 2026-07-28 18:29:34.0603475 +0530 IST m=+61.909062501
[Tue, 28 Jul 2026 18:29:34 IST] [INFO] HWND: 3935346
[Tue, 28 Jul 2026 18:29:34 IST] [INFO] FindWindowByPID() succeeded: true
[Tue, 28 Jul 2026 18:29:34 IST] [INFO] Process is still alive: true
[Tue, 28 Jul 2026 18:29:34 IST] [INFO] CaptureWindow entered
[Tue, 28 Jul 2026 18:29:34 IST] [INFO] HWND: 3935346
[Tue, 28 Jul 2026 18:29:34 IST] [INFO] Width: 1024, Height: 768
[Tue, 28 Jul 2026 18:29:34 IST] [INFO] GetWindowDC succeeded: true
[Tue, 28 Jul 2026 18:29:34 IST] [INFO] CreateCompatibleDC succeeded: true
[Tue, 28 Jul 2026 18:29:34 IST] [INFO] CreateCompatibleBitmap succeeded: true
[Tue, 28 Jul 2026 18:29:34 IST] [INFO] SelectObject succeeded: true
[Tue, 28 Jul 2026 18:29:34 IST] [INFO] PrintWindow return value: 1
[Tue, 28 Jul 2026 18:29:34 IST] [INFO] Fallback PrintWindow() is executed: false
[Tue, 28 Jul 2026 18:29:34 IST] [INFO] GetDIBits return value: 768
[Tue, 28 Jul 2026 18:29:34 IST] [INFO] Number of scanlines copied: 768
[Tue, 28 Jul 2026 18:29:34 IST] [INFO] GetDIBits Width: 1024
[Tue, 28 Jul 2026 18:29:34 IST] [INFO] GetDIBits Height: 768
[Tue, 28 Jul 2026 18:29:34 IST] [INFO] Bitmap format: BI_RGB (32-bit)
[Tue, 28 Jul 2026 18:29:34 IST] [INFO] Non-black pixels: 494533
[Tue, 28 Jul 2026 18:29:34 IST] [INFO] Transparent pixels: 0
[Tue, 28 Jul 2026 18:29:34 IST] [INFO] Opaque pixels: 786432
[Tue, 28 Jul 2026 18:29:34 IST] [INFO] Dirty rectangle empty
[Tue, 28 Jul 2026 18:29:34 IST] [INFO] ========== Capture Tick ==========
[Tue, 28 Jul 2026 18:29:34 IST] [INFO] Current timestamp: 2026-07-28 18:29:34.1599905 +0530 IST m=+62.008705501
[Tue, 28 Jul 2026 18:29:34 IST] [INFO] HWND: 3935346
[Tue, 28 Jul 2026 18:29:34 IST] [INFO] FindWindowByPID() succeeded: true
[Tue, 28 Jul 2026 18:29:34 IST] [INFO] Process is still alive: true
[Tue, 28 Jul 2026 18:29:34 IST] [INFO] CaptureWindow entered
[Tue, 28 Jul 2026 18:29:34 IST] [INFO] HWND: 3935346
[Tue, 28 Jul 2026 18:29:34 IST] [INFO] Width: 1024, Height: 768
[Tue, 28 Jul 2026 18:29:34 IST] [INFO] GetWindowDC succeeded: true
[Tue, 28 Jul 2026 18:29:34 IST] [INFO] CreateCompatibleDC succeeded: true
[Tue, 28 Jul 2026 18:29:34 IST] [INFO] CreateCompatibleBitmap succeeded: true
[Tue, 28 Jul 2026 18:29:34 IST] [INFO] SelectObject succeeded: true
[Tue, 28 Jul 2026 18:29:34 IST] [INFO] PrintWindow return value: 1
[Tue, 28 Jul 2026 18:29:34 IST] [INFO] Fallback PrintWindow() is executed: false
[Tue, 28 Jul 2026 18:29:34 IST] [INFO] GetDIBits return value: 768
[Tue, 28 Jul 2026 18:29:34 IST] [INFO] Number of scanlines copied: 768
[Tue, 28 Jul 2026 18:29:34 IST] [INFO] GetDIBits Width: 1024
[Tue, 28 Jul 2026 18:29:34 IST] [INFO] GetDIBits Height: 768
[Tue, 28 Jul 2026 18:29:34 IST] [INFO] Bitmap format: BI_RGB (32-bit)
[Tue, 28 Jul 2026 18:29:34 IST] [INFO] Non-black pixels: 494533
[Tue, 28 Jul 2026 18:29:34 IST] [INFO] Transparent pixels: 0
[Tue, 28 Jul 2026 18:29:34 IST] [INFO] Opaque pixels: 786432
[Tue, 28 Jul 2026 18:29:34 IST] [INFO] Dirty rectangle empty
[Tue, 28 Jul 2026 18:29:34 IST] [INFO] ========== Capture Tick ==========
[Tue, 28 Jul 2026 18:29:34 IST] [INFO] Current timestamp: 2026-07-28 18:29:34.2601137 +0530 IST m=+62.108828701
[Tue, 28 Jul 2026 18:29:34 IST] [INFO] HWND: 3935346
[Tue, 28 Jul 2026 18:29:34 IST] [INFO] FindWindowByPID() succeeded: true
[Tue, 28 Jul 2026 18:29:34 IST] [INFO] Process is still alive: true
[Tue, 28 Jul 2026 18:29:34 IST] [INFO] CaptureWindow entered
[Tue, 28 Jul 2026 18:29:34 IST] [INFO] HWND: 3935346
[Tue, 28 Jul 2026 18:29:34 IST] [INFO] Width: 1024, Height: 768
[Tue, 28 Jul 2026 18:29:34 IST] [INFO] GetWindowDC succeeded: true
[Tue, 28 Jul 2026 18:29:34 IST] [INFO] CreateCompatibleDC succeeded: true
[Tue, 28 Jul 2026 18:29:34 IST] [INFO] CreateCompatibleBitmap succeeded: true
[Tue, 28 Jul 2026 18:29:34 IST] [INFO] SelectObject succeeded: true
[Tue, 28 Jul 2026 18:29:34 IST] [INFO] PrintWindow return value: 1
[Tue, 28 Jul 2026 18:29:34 IST] [INFO] Fallback PrintWindow() is executed: false
[Tue, 28 Jul 2026 18:29:34 IST] [INFO] GetDIBits return value: 768
[Tue, 28 Jul 2026 18:29:34 IST] [INFO] Number of scanlines copied: 768
[Tue, 28 Jul 2026 18:29:34 IST] [INFO] GetDIBits Width: 1024
[Tue, 28 Jul 2026 18:29:34 IST] [INFO] GetDIBits Height: 768
[Tue, 28 Jul 2026 18:29:34 IST] [INFO] Bitmap format: BI_RGB (32-bit)
[Tue, 28 Jul 2026 18:29:34 IST] [INFO] Non-black pixels: 494533
[Tue, 28 Jul 2026 18:29:34 IST] [INFO] Transparent pixels: 0
[Tue, 28 Jul 2026 18:29:34 IST] [INFO] Opaque pixels: 786432
[Tue, 28 Jul 2026 18:29:34 IST] [INFO] Dirty rectangle empty
[Tue, 28 Jul 2026 18:29:34 IST] [INFO] ========== Capture Tick ==========
[Tue, 28 Jul 2026 18:29:34 IST] [INFO] Current timestamp: 2026-07-28 18:29:34.3600949 +0530 IST m=+62.208809901
[Tue, 28 Jul 2026 18:29:34 IST] [INFO] HWND: 3935346
[Tue, 28 Jul 2026 18:29:34 IST] [INFO] FindWindowByPID() succeeded: true
[Tue, 28 Jul 2026 18:29:34 IST] [INFO] Process is still alive: true
[Tue, 28 Jul 2026 18:29:34 IST] [INFO] CaptureWindow entered
[Tue, 28 Jul 2026 18:29:34 IST] [INFO] HWND: 3935346
[Tue, 28 Jul 2026 18:29:34 IST] [INFO] Width: 1024, Height: 768
[Tue, 28 Jul 2026 18:29:34 IST] [INFO] GetWindowDC succeeded: true
[Tue, 28 Jul 2026 18:29:34 IST] [INFO] CreateCompatibleDC succeeded: true
[Tue, 28 Jul 2026 18:29:34 IST] [INFO] CreateCompatibleBitmap succeeded: true
[Tue, 28 Jul 2026 18:29:34 IST] [INFO] SelectObject succeeded: true
[Tue, 28 Jul 2026 18:29:34 IST] [INFO] PrintWindow return value: 1
[Tue, 28 Jul 2026 18:29:34 IST] [INFO] Fallback PrintWindow() is executed: false
[Tue, 28 Jul 2026 18:29:34 IST] [INFO] GetDIBits return value: 768
[Tue, 28 Jul 2026 18:29:34 IST] [INFO] Number of scanlines copied: 768
[Tue, 28 Jul 2026 18:29:34 IST] [INFO] GetDIBits Width: 1024
[Tue, 28 Jul 2026 18:29:34 IST] [INFO] GetDIBits Height: 768
[Tue, 28 Jul 2026 18:29:34 IST] [INFO] Bitmap format: BI_RGB (32-bit)
[Tue, 28 Jul 2026 18:29:34 IST] [INFO] Non-black pixels: 494533
[Tue, 28 Jul 2026 18:29:34 IST] [INFO] Transparent pixels: 0
[Tue, 28 Jul 2026 18:29:34 IST] [INFO] Opaque pixels: 786432
[Tue, 28 Jul 2026 18:29:34 IST] [INFO] Dirty rectangle empty
[Tue, 28 Jul 2026 18:29:34 IST] [INFO] ========== Capture Tick ==========
[Tue, 28 Jul 2026 18:29:34 IST] [INFO] Current timestamp: 2026-07-28 18:29:34.4601895 +0530 IST m=+62.308904501
[Tue, 28 Jul 2026 18:29:34 IST] [INFO] HWND: 3935346
[Tue, 28 Jul 2026 18:29:34 IST] [INFO] FindWindowByPID() succeeded: true
[Tue, 28 Jul 2026 18:29:34 IST] [INFO] Process is still alive: true
[Tue, 28 Jul 2026 18:29:34 IST] [INFO] CaptureWindow entered
[Tue, 28 Jul 2026 18:29:34 IST] [INFO] HWND: 3935346
[Tue, 28 Jul 2026 18:29:34 IST] [INFO] Width: 1024, Height: 768
[Tue, 28 Jul 2026 18:29:34 IST] [INFO] GetWindowDC succeeded: true
[Tue, 28 Jul 2026 18:29:34 IST] [INFO] CreateCompatibleDC succeeded: true
[Tue, 28 Jul 2026 18:29:34 IST] [INFO] CreateCompatibleBitmap succeeded: true
[Tue, 28 Jul 2026 18:29:34 IST] [INFO] SelectObject succeeded: true
[Tue, 28 Jul 2026 18:29:34 IST] [INFO] PrintWindow return value: 1
[Tue, 28 Jul 2026 18:29:34 IST] [INFO] Fallback PrintWindow() is executed: false
[Tue, 28 Jul 2026 18:29:34 IST] [INFO] GetDIBits return value: 768
[Tue, 28 Jul 2026 18:29:34 IST] [INFO] Number of scanlines copied: 768
[Tue, 28 Jul 2026 18:29:34 IST] [INFO] GetDIBits Width: 1024
[Tue, 28 Jul 2026 18:29:34 IST] [INFO] GetDIBits Height: 768
[Tue, 28 Jul 2026 18:29:34 IST] [INFO] Bitmap format: BI_RGB (32-bit)
[Tue, 28 Jul 2026 18:29:34 IST] [INFO] Non-black pixels: 494533
[Tue, 28 Jul 2026 18:29:34 IST] [INFO] Transparent pixels: 0
[Tue, 28 Jul 2026 18:29:34 IST] [INFO] Opaque pixels: 786432
[Tue, 28 Jul 2026 18:29:34 IST] [INFO] Dirty rectangle empty
[Tue, 28 Jul 2026 18:29:34 IST] [INFO] ========== Capture Tick ==========
[Tue, 28 Jul 2026 18:29:34 IST] [INFO] Current timestamp: 2026-07-28 18:29:34.5600764 +0530 IST m=+62.408791401
[Tue, 28 Jul 2026 18:29:34 IST] [INFO] HWND: 3935346
[Tue, 28 Jul 2026 18:29:34 IST] [INFO] FindWindowByPID() succeeded: true
[Tue, 28 Jul 2026 18:29:34 IST] [INFO] Process is still alive: true
[Tue, 28 Jul 2026 18:29:34 IST] [INFO] CaptureWindow entered
[Tue, 28 Jul 2026 18:29:34 IST] [INFO] HWND: 3935346
[Tue, 28 Jul 2026 18:29:34 IST] [INFO] Width: 1024, Height: 768
[Tue, 28 Jul 2026 18:29:34 IST] [INFO] GetWindowDC succeeded: true
[Tue, 28 Jul 2026 18:29:34 IST] [INFO] CreateCompatibleDC succeeded: true
[Tue, 28 Jul 2026 18:29:34 IST] [INFO] CreateCompatibleBitmap succeeded: true
[Tue, 28 Jul 2026 18:29:34 IST] [INFO] SelectObject succeeded: true
[Tue, 28 Jul 2026 18:29:34 IST] [INFO] PrintWindow return value: 1
[Tue, 28 Jul 2026 18:29:34 IST] [INFO] Fallback PrintWindow() is executed: false
[Tue, 28 Jul 2026 18:29:34 IST] [INFO] GetDIBits return value: 768
[Tue, 28 Jul 2026 18:29:34 IST] [INFO] Number of scanlines copied: 768
[Tue, 28 Jul 2026 18:29:34 IST] [INFO] GetDIBits Width: 1024
[Tue, 28 Jul 2026 18:29:34 IST] [INFO] GetDIBits Height: 768
[Tue, 28 Jul 2026 18:29:34 IST] [INFO] Bitmap format: BI_RGB (32-bit)
[Tue, 28 Jul 2026 18:29:34 IST] [INFO] Non-black pixels: 494533
[Tue, 28 Jul 2026 18:29:34 IST] [INFO] Transparent pixels: 0
[Tue, 28 Jul 2026 18:29:34 IST] [INFO] Opaque pixels: 786432
[Tue, 28 Jul 2026 18:29:34 IST] [INFO] Dirty rectangle empty
[Tue, 28 Jul 2026 18:29:34 IST] [INFO] ========== Capture Tick ==========
[Tue, 28 Jul 2026 18:29:34 IST] [INFO] Current timestamp: 2026-07-28 18:29:34.660953 +0530 IST m=+62.509668001
[Tue, 28 Jul 2026 18:29:34 IST] [INFO] HWND: 3935346
[Tue, 28 Jul 2026 18:29:34 IST] [INFO] FindWindowByPID() succeeded: true
[Tue, 28 Jul 2026 18:29:34 IST] [INFO] Process is still alive: true
[Tue, 28 Jul 2026 18:29:34 IST] [INFO] CaptureWindow entered
[Tue, 28 Jul 2026 18:29:34 IST] [INFO] HWND: 3935346
[Tue, 28 Jul 2026 18:29:34 IST] [INFO] Width: 1024, Height: 768
[Tue, 28 Jul 2026 18:29:34 IST] [INFO] GetWindowDC succeeded: true
[Tue, 28 Jul 2026 18:29:34 IST] [INFO] CreateCompatibleDC succeeded: true
[Tue, 28 Jul 2026 18:29:34 IST] [INFO] CreateCompatibleBitmap succeeded: true
[Tue, 28 Jul 2026 18:29:34 IST] [INFO] SelectObject succeeded: true
[Tue, 28 Jul 2026 18:29:34 IST] [INFO] PrintWindow return value: 1
[Tue, 28 Jul 2026 18:29:34 IST] [INFO] Fallback PrintWindow() is executed: false
[Tue, 28 Jul 2026 18:29:34 IST] [INFO] GetDIBits return value: 768
[Tue, 28 Jul 2026 18:29:34 IST] [INFO] Number of scanlines copied: 768
[Tue, 28 Jul 2026 18:29:34 IST] [INFO] GetDIBits Width: 1024
[Tue, 28 Jul 2026 18:29:34 IST] [INFO] GetDIBits Height: 768
[Tue, 28 Jul 2026 18:29:34 IST] [INFO] Bitmap format: BI_RGB (32-bit)
[Tue, 28 Jul 2026 18:29:34 IST] [INFO] Non-black pixels: 494533
[Tue, 28 Jul 2026 18:29:34 IST] [INFO] Transparent pixels: 0
[Tue, 28 Jul 2026 18:29:34 IST] [INFO] Opaque pixels: 786432
[Tue, 28 Jul 2026 18:29:34 IST] [INFO] Dirty rectangle empty
[Tue, 28 Jul 2026 18:29:34 IST] [INFO] ========== Capture Tick ==========
[Tue, 28 Jul 2026 18:29:34 IST] [INFO] Current timestamp: 2026-07-28 18:29:34.760174 +0530 IST m=+62.608889001
[Tue, 28 Jul 2026 18:29:34 IST] [INFO] HWND: 3935346
[Tue, 28 Jul 2026 18:29:34 IST] [INFO] FindWindowByPID() succeeded: true
[Tue, 28 Jul 2026 18:29:34 IST] [INFO] Process is still alive: true
[Tue, 28 Jul 2026 18:29:34 IST] [INFO] CaptureWindow entered
[Tue, 28 Jul 2026 18:29:34 IST] [INFO] HWND: 3935346
[Tue, 28 Jul 2026 18:29:34 IST] [INFO] Width: 1024, Height: 768
[Tue, 28 Jul 2026 18:29:34 IST] [INFO] GetWindowDC succeeded: true
[Tue, 28 Jul 2026 18:29:34 IST] [INFO] CreateCompatibleDC succeeded: true
[Tue, 28 Jul 2026 18:29:34 IST] [INFO] CreateCompatibleBitmap succeeded: true
[Tue, 28 Jul 2026 18:29:34 IST] [INFO] SelectObject succeeded: true
[Tue, 28 Jul 2026 18:29:34 IST] [INFO] PrintWindow return value: 1
[Tue, 28 Jul 2026 18:29:34 IST] [INFO] Fallback PrintWindow() is executed: false
[Tue, 28 Jul 2026 18:29:34 IST] [INFO] GetDIBits return value: 768
[Tue, 28 Jul 2026 18:29:34 IST] [INFO] Number of scanlines copied: 768
[Tue, 28 Jul 2026 18:29:34 IST] [INFO] GetDIBits Width: 1024
[Tue, 28 Jul 2026 18:29:34 IST] [INFO] GetDIBits Height: 768
[Tue, 28 Jul 2026 18:29:34 IST] [INFO] Bitmap format: BI_RGB (32-bit)
[Tue, 28 Jul 2026 18:29:34 IST] [INFO] Non-black pixels: 494533
[Tue, 28 Jul 2026 18:29:34 IST] [INFO] Transparent pixels: 0
[Tue, 28 Jul 2026 18:29:34 IST] [INFO] Opaque pixels: 786432
[Tue, 28 Jul 2026 18:29:34 IST] [INFO] Dirty rectangle empty
[Tue, 28 Jul 2026 18:29:34 IST] [INFO] ========== Capture Tick ==========
[Tue, 28 Jul 2026 18:29:34 IST] [INFO] Current timestamp: 2026-07-28 18:29:34.8602066 +0530 IST m=+62.708921601
[Tue, 28 Jul 2026 18:29:34 IST] [INFO] HWND: 3935346
[Tue, 28 Jul 2026 18:29:34 IST] [INFO] FindWindowByPID() succeeded: true
[Tue, 28 Jul 2026 18:29:34 IST] [INFO] Process is still alive: true
[Tue, 28 Jul 2026 18:29:34 IST] [INFO] CaptureWindow entered
[Tue, 28 Jul 2026 18:29:34 IST] [INFO] HWND: 3935346
[Tue, 28 Jul 2026 18:29:34 IST] [INFO] Width: 1024, Height: 768
[Tue, 28 Jul 2026 18:29:34 IST] [INFO] GetWindowDC succeeded: true
[Tue, 28 Jul 2026 18:29:34 IST] [INFO] CreateCompatibleDC succeeded: true
[Tue, 28 Jul 2026 18:29:34 IST] [INFO] CreateCompatibleBitmap succeeded: true
[Tue, 28 Jul 2026 18:29:34 IST] [INFO] SelectObject succeeded: true
[Tue, 28 Jul 2026 18:29:34 IST] [INFO] PrintWindow return value: 1
[Tue, 28 Jul 2026 18:29:34 IST] [INFO] Fallback PrintWindow() is executed: false
[Tue, 28 Jul 2026 18:29:34 IST] [INFO] GetDIBits return value: 768
[Tue, 28 Jul 2026 18:29:34 IST] [INFO] Number of scanlines copied: 768
[Tue, 28 Jul 2026 18:29:34 IST] [INFO] GetDIBits Width: 1024
[Tue, 28 Jul 2026 18:29:34 IST] [INFO] GetDIBits Height: 768
[Tue, 28 Jul 2026 18:29:34 IST] [INFO] Bitmap format: BI_RGB (32-bit)
[Tue, 28 Jul 2026 18:29:34 IST] [INFO] Non-black pixels: 494533
[Tue, 28 Jul 2026 18:29:34 IST] [INFO] Transparent pixels: 0
[Tue, 28 Jul 2026 18:29:34 IST] [INFO] Opaque pixels: 786432
[Tue, 28 Jul 2026 18:29:34 IST] [INFO] Dirty rectangle empty
[Tue, 28 Jul 2026 18:29:34 IST] [INFO] ========== Capture Tick ==========
[Tue, 28 Jul 2026 18:29:34 IST] [INFO] Current timestamp: 2026-07-28 18:29:34.960414 +0530 IST m=+62.809129001
[Tue, 28 Jul 2026 18:29:34 IST] [INFO] HWND: 3935346
[Tue, 28 Jul 2026 18:29:34 IST] [INFO] FindWindowByPID() succeeded: true
[Tue, 28 Jul 2026 18:29:34 IST] [INFO] Process is still alive: true
[Tue, 28 Jul 2026 18:29:34 IST] [INFO] CaptureWindow entered
[Tue, 28 Jul 2026 18:29:34 IST] [INFO] HWND: 3935346
[Tue, 28 Jul 2026 18:29:34 IST] [INFO] Width: 1024, Height: 768
[Tue, 28 Jul 2026 18:29:34 IST] [INFO] GetWindowDC succeeded: true
[Tue, 28 Jul 2026 18:29:34 IST] [INFO] CreateCompatibleDC succeeded: true
[Tue, 28 Jul 2026 18:29:34 IST] [INFO] CreateCompatibleBitmap succeeded: true
[Tue, 28 Jul 2026 18:29:34 IST] [INFO] SelectObject succeeded: true
[Tue, 28 Jul 2026 18:29:34 IST] [INFO] PrintWindow return value: 1
[Tue, 28 Jul 2026 18:29:34 IST] [INFO] Fallback PrintWindow() is executed: false
[Tue, 28 Jul 2026 18:29:34 IST] [INFO] GetDIBits return value: 768
[Tue, 28 Jul 2026 18:29:34 IST] [INFO] Number of scanlines copied: 768
[Tue, 28 Jul 2026 18:29:34 IST] [INFO] GetDIBits Width: 1024
[Tue, 28 Jul 2026 18:29:34 IST] [INFO] GetDIBits Height: 768
[Tue, 28 Jul 2026 18:29:34 IST] [INFO] Bitmap format: BI_RGB (32-bit)
[Tue, 28 Jul 2026 18:29:34 IST] [INFO] Non-black pixels: 494533
[Tue, 28 Jul 2026 18:29:34 IST] [INFO] Transparent pixels: 0
[Tue, 28 Jul 2026 18:29:34 IST] [INFO] Opaque pixels: 786432
[Tue, 28 Jul 2026 18:29:34 IST] [INFO] Dirty rectangle empty
[Tue, 28 Jul 2026 18:29:35 IST] [INFO] ========== Capture Tick ==========
[Tue, 28 Jul 2026 18:29:35 IST] [INFO] Current timestamp: 2026-07-28 18:29:35.0600062 +0530 IST m=+62.908721201
[Tue, 28 Jul 2026 18:29:35 IST] [INFO] HWND: 3935346
[Tue, 28 Jul 2026 18:29:35 IST] [INFO] FindWindowByPID() succeeded: true
[Tue, 28 Jul 2026 18:29:35 IST] [INFO] Process is still alive: true
[Tue, 28 Jul 2026 18:29:35 IST] [INFO] CaptureWindow entered
[Tue, 28 Jul 2026 18:29:35 IST] [INFO] HWND: 3935346
[Tue, 28 Jul 2026 18:29:35 IST] [INFO] Width: 1024, Height: 768
[Tue, 28 Jul 2026 18:29:35 IST] [INFO] GetWindowDC succeeded: true
[Tue, 28 Jul 2026 18:29:35 IST] [INFO] CreateCompatibleDC succeeded: true
[Tue, 28 Jul 2026 18:29:35 IST] [INFO] CreateCompatibleBitmap succeeded: true
[Tue, 28 Jul 2026 18:29:35 IST] [INFO] SelectObject succeeded: true
[Tue, 28 Jul 2026 18:29:35 IST] [INFO] PrintWindow return value: 1
[Tue, 28 Jul 2026 18:29:35 IST] [INFO] Fallback PrintWindow() is executed: false
[Tue, 28 Jul 2026 18:29:35 IST] [INFO] GetDIBits return value: 768
[Tue, 28 Jul 2026 18:29:35 IST] [INFO] Number of scanlines copied: 768
[Tue, 28 Jul 2026 18:29:35 IST] [INFO] GetDIBits Width: 1024
[Tue, 28 Jul 2026 18:29:35 IST] [INFO] GetDIBits Height: 768
[Tue, 28 Jul 2026 18:29:35 IST] [INFO] Bitmap format: BI_RGB (32-bit)
[Tue, 28 Jul 2026 18:29:35 IST] [INFO] Non-black pixels: 494533
[Tue, 28 Jul 2026 18:29:35 IST] [INFO] Transparent pixels: 0
[Tue, 28 Jul 2026 18:29:35 IST] [INFO] Opaque pixels: 786432
[Tue, 28 Jul 2026 18:29:35 IST] [INFO] Dirty rectangle empty
[Tue, 28 Jul 2026 18:29:35 IST] [INFO] ========== Capture Tick ==========
[Tue, 28 Jul 2026 18:29:35 IST] [INFO] Current timestamp: 2026-07-28 18:29:35.1600301 +0530 IST m=+63.008745101
[Tue, 28 Jul 2026 18:29:35 IST] [INFO] HWND: 3935346
[Tue, 28 Jul 2026 18:29:35 IST] [INFO] FindWindowByPID() succeeded: true
[Tue, 28 Jul 2026 18:29:35 IST] [INFO] Process is still alive: true
[Tue, 28 Jul 2026 18:29:35 IST] [INFO] CaptureWindow entered
[Tue, 28 Jul 2026 18:29:35 IST] [INFO] HWND: 3935346
[Tue, 28 Jul 2026 18:29:35 IST] [INFO] Width: 1024, Height: 768
[Tue, 28 Jul 2026 18:29:35 IST] [INFO] GetWindowDC succeeded: true
[Tue, 28 Jul 2026 18:29:35 IST] [INFO] CreateCompatibleDC succeeded: true
[Tue, 28 Jul 2026 18:29:35 IST] [INFO] CreateCompatibleBitmap succeeded: true
[Tue, 28 Jul 2026 18:29:35 IST] [INFO] SelectObject succeeded: true
[Tue, 28 Jul 2026 18:29:35 IST] [INFO] PrintWindow return value: 1
[Tue, 28 Jul 2026 18:29:35 IST] [INFO] Fallback PrintWindow() is executed: false
[Tue, 28 Jul 2026 18:29:35 IST] [INFO] GetDIBits return value: 768
[Tue, 28 Jul 2026 18:29:35 IST] [INFO] Number of scanlines copied: 768
[Tue, 28 Jul 2026 18:29:35 IST] [INFO] GetDIBits Width: 1024
[Tue, 28 Jul 2026 18:29:35 IST] [INFO] GetDIBits Height: 768
[Tue, 28 Jul 2026 18:29:35 IST] [INFO] Bitmap format: BI_RGB (32-bit)
[Tue, 28 Jul 2026 18:29:35 IST] [INFO] Non-black pixels: 494533
[Tue, 28 Jul 2026 18:29:35 IST] [INFO] Transparent pixels: 0
[Tue, 28 Jul 2026 18:29:35 IST] [INFO] Opaque pixels: 786432
[Tue, 28 Jul 2026 18:29:35 IST] [INFO] Dirty rectangle empty
[Tue, 28 Jul 2026 18:29:35 IST] [INFO] ========== Capture Tick ==========
[Tue, 28 Jul 2026 18:29:35 IST] [INFO] Current timestamp: 2026-07-28 18:29:35.2600625 +0530 IST m=+63.108777501
[Tue, 28 Jul 2026 18:29:35 IST] [INFO] HWND: 3935346
[Tue, 28 Jul 2026 18:29:35 IST] [INFO] FindWindowByPID() succeeded: true
[Tue, 28 Jul 2026 18:29:35 IST] [INFO] Process is still alive: true
[Tue, 28 Jul 2026 18:29:35 IST] [INFO] CaptureWindow entered
[Tue, 28 Jul 2026 18:29:35 IST] [INFO] HWND: 3935346
[Tue, 28 Jul 2026 18:29:35 IST] [INFO] Width: 1024, Height: 768
[Tue, 28 Jul 2026 18:29:35 IST] [INFO] GetWindowDC succeeded: true
[Tue, 28 Jul 2026 18:29:35 IST] [INFO] CreateCompatibleDC succeeded: true
[Tue, 28 Jul 2026 18:29:35 IST] [INFO] CreateCompatibleBitmap succeeded: true
[Tue, 28 Jul 2026 18:29:35 IST] [INFO] SelectObject succeeded: true
[Tue, 28 Jul 2026 18:29:35 IST] [INFO] PrintWindow return value: 1
[Tue, 28 Jul 2026 18:29:35 IST] [INFO] Fallback PrintWindow() is executed: false
[Tue, 28 Jul 2026 18:29:35 IST] [INFO] GetDIBits return value: 768
[Tue, 28 Jul 2026 18:29:35 IST] [INFO] Number of scanlines copied: 768
[Tue, 28 Jul 2026 18:29:35 IST] [INFO] GetDIBits Width: 1024
[Tue, 28 Jul 2026 18:29:35 IST] [INFO] GetDIBits Height: 768
[Tue, 28 Jul 2026 18:29:35 IST] [INFO] Bitmap format: BI_RGB (32-bit)
[Tue, 28 Jul 2026 18:29:35 IST] [INFO] Non-black pixels: 494533
[Tue, 28 Jul 2026 18:29:35 IST] [INFO] Transparent pixels: 0
[Tue, 28 Jul 2026 18:29:35 IST] [INFO] Opaque pixels: 786432
[Tue, 28 Jul 2026 18:29:35 IST] [INFO] Dirty rectangle empty
[Tue, 28 Jul 2026 18:29:35 IST] [INFO] ========== Capture Tick ==========
[Tue, 28 Jul 2026 18:29:35 IST] [INFO] Current timestamp: 2026-07-28 18:29:35.3600916 +0530 IST m=+63.208806601
[Tue, 28 Jul 2026 18:29:35 IST] [INFO] HWND: 3935346
[Tue, 28 Jul 2026 18:29:35 IST] [INFO] FindWindowByPID() succeeded: true
[Tue, 28 Jul 2026 18:29:35 IST] [INFO] Process is still alive: true
[Tue, 28 Jul 2026 18:29:35 IST] [INFO] CaptureWindow entered
[Tue, 28 Jul 2026 18:29:35 IST] [INFO] HWND: 3935346
[Tue, 28 Jul 2026 18:29:35 IST] [INFO] Width: 1024, Height: 768
[Tue, 28 Jul 2026 18:29:35 IST] [INFO] GetWindowDC succeeded: true
[Tue, 28 Jul 2026 18:29:35 IST] [INFO] CreateCompatibleDC succeeded: true
[Tue, 28 Jul 2026 18:29:35 IST] [INFO] CreateCompatibleBitmap succeeded: true
[Tue, 28 Jul 2026 18:29:35 IST] [INFO] SelectObject succeeded: true
[Tue, 28 Jul 2026 18:29:35 IST] [INFO] PrintWindow return value: 1
[Tue, 28 Jul 2026 18:29:35 IST] [INFO] Fallback PrintWindow() is executed: false
[Tue, 28 Jul 2026 18:29:35 IST] [INFO] GetDIBits return value: 768
[Tue, 28 Jul 2026 18:29:35 IST] [INFO] Number of scanlines copied: 768
[Tue, 28 Jul 2026 18:29:35 IST] [INFO] GetDIBits Width: 1024
[Tue, 28 Jul 2026 18:29:35 IST] [INFO] GetDIBits Height: 768
[Tue, 28 Jul 2026 18:29:35 IST] [INFO] Bitmap format: BI_RGB (32-bit)
[Tue, 28 Jul 2026 18:29:35 IST] [INFO] Non-black pixels: 494533
[Tue, 28 Jul 2026 18:29:35 IST] [INFO] Transparent pixels: 0
[Tue, 28 Jul 2026 18:29:35 IST] [INFO] Opaque pixels: 786432
[Tue, 28 Jul 2026 18:29:35 IST] [INFO] Dirty rectangle empty
[Tue, 28 Jul 2026 18:29:35 IST] [INFO] ========== Capture Tick ==========
[Tue, 28 Jul 2026 18:29:35 IST] [INFO] Current timestamp: 2026-07-28 18:29:35.4600876 +0530 IST m=+63.308802601
[Tue, 28 Jul 2026 18:29:35 IST] [INFO] HWND: 3935346
[Tue, 28 Jul 2026 18:29:35 IST] [INFO] FindWindowByPID() succeeded: true
[Tue, 28 Jul 2026 18:29:35 IST] [INFO] Process is still alive: true
[Tue, 28 Jul 2026 18:29:35 IST] [INFO] CaptureWindow entered
[Tue, 28 Jul 2026 18:29:35 IST] [INFO] HWND: 3935346
[Tue, 28 Jul 2026 18:29:35 IST] [INFO] Width: 1024, Height: 768
[Tue, 28 Jul 2026 18:29:35 IST] [INFO] GetWindowDC succeeded: true
[Tue, 28 Jul 2026 18:29:35 IST] [INFO] CreateCompatibleDC succeeded: true
[Tue, 28 Jul 2026 18:29:35 IST] [INFO] CreateCompatibleBitmap succeeded: true
[Tue, 28 Jul 2026 18:29:35 IST] [INFO] SelectObject succeeded: true
[Tue, 28 Jul 2026 18:29:35 IST] [INFO] PrintWindow return value: 1
[Tue, 28 Jul 2026 18:29:35 IST] [INFO] Fallback PrintWindow() is executed: false
[Tue, 28 Jul 2026 18:29:35 IST] [INFO] GetDIBits return value: 768
[Tue, 28 Jul 2026 18:29:35 IST] [INFO] Number of scanlines copied: 768
[Tue, 28 Jul 2026 18:29:35 IST] [INFO] GetDIBits Width: 1024
[Tue, 28 Jul 2026 18:29:35 IST] [INFO] GetDIBits Height: 768
[Tue, 28 Jul 2026 18:29:35 IST] [INFO] Bitmap format: BI_RGB (32-bit)
[Tue, 28 Jul 2026 18:29:35 IST] [INFO] Non-black pixels: 494533
[Tue, 28 Jul 2026 18:29:35 IST] [INFO] Transparent pixels: 0
[Tue, 28 Jul 2026 18:29:35 IST] [INFO] Opaque pixels: 786432
[Tue, 28 Jul 2026 18:29:35 IST] [INFO] Dirty rectangle empty
[Tue, 28 Jul 2026 18:29:35 IST] [INFO] ========== Capture Tick ==========
[Tue, 28 Jul 2026 18:29:35 IST] [INFO] Current timestamp: 2026-07-28 18:29:35.5602804 +0530 IST m=+63.408995401
[Tue, 28 Jul 2026 18:29:35 IST] [INFO] HWND: 3935346
[Tue, 28 Jul 2026 18:29:35 IST] [INFO] FindWindowByPID() succeeded: true
[Tue, 28 Jul 2026 18:29:35 IST] [INFO] Process is still alive: true
[Tue, 28 Jul 2026 18:29:35 IST] [INFO] CaptureWindow entered
[Tue, 28 Jul 2026 18:29:35 IST] [INFO] HWND: 3935346
[Tue, 28 Jul 2026 18:29:35 IST] [INFO] Width: 1024, Height: 768
[Tue, 28 Jul 2026 18:29:35 IST] [INFO] GetWindowDC succeeded: true
[Tue, 28 Jul 2026 18:29:35 IST] [INFO] CreateCompatibleDC succeeded: true
[Tue, 28 Jul 2026 18:29:35 IST] [INFO] CreateCompatibleBitmap succeeded: true
[Tue, 28 Jul 2026 18:29:35 IST] [INFO] SelectObject succeeded: true
[Tue, 28 Jul 2026 18:29:35 IST] [INFO] PrintWindow return value: 1
[Tue, 28 Jul 2026 18:29:35 IST] [INFO] Fallback PrintWindow() is executed: false
[Tue, 28 Jul 2026 18:29:35 IST] [INFO] GetDIBits return value: 768
[Tue, 28 Jul 2026 18:29:35 IST] [INFO] Number of scanlines copied: 768
[Tue, 28 Jul 2026 18:29:35 IST] [INFO] GetDIBits Width: 1024
[Tue, 28 Jul 2026 18:29:35 IST] [INFO] GetDIBits Height: 768
[Tue, 28 Jul 2026 18:29:35 IST] [INFO] Bitmap format: BI_RGB (32-bit)
[Tue, 28 Jul 2026 18:29:35 IST] [INFO] Non-black pixels: 494533
[Tue, 28 Jul 2026 18:29:35 IST] [INFO] Transparent pixels: 0
[Tue, 28 Jul 2026 18:29:35 IST] [INFO] Opaque pixels: 786432
[Tue, 28 Jul 2026 18:29:35 IST] [INFO] Dirty rectangle empty
[Tue, 28 Jul 2026 18:29:35 IST] [INFO] ========== Capture Tick ==========
[Tue, 28 Jul 2026 18:29:35 IST] [INFO] Current timestamp: 2026-07-28 18:29:35.660403 +0530 IST m=+63.509118001
[Tue, 28 Jul 2026 18:29:35 IST] [INFO] HWND: 3935346
[Tue, 28 Jul 2026 18:29:35 IST] [INFO] FindWindowByPID() succeeded: true
[Tue, 28 Jul 2026 18:29:35 IST] [INFO] Process is still alive: true
[Tue, 28 Jul 2026 18:29:35 IST] [INFO] CaptureWindow entered
[Tue, 28 Jul 2026 18:29:35 IST] [INFO] HWND: 3935346
[Tue, 28 Jul 2026 18:29:35 IST] [INFO] Width: 1024, Height: 768
[Tue, 28 Jul 2026 18:29:35 IST] [INFO] GetWindowDC succeeded: true
[Tue, 28 Jul 2026 18:29:35 IST] [INFO] CreateCompatibleDC succeeded: true
[Tue, 28 Jul 2026 18:29:35 IST] [INFO] CreateCompatibleBitmap succeeded: true
[Tue, 28 Jul 2026 18:29:35 IST] [INFO] SelectObject succeeded: true
[Tue, 28 Jul 2026 18:29:35 IST] [INFO] PrintWindow return value: 1
[Tue, 28 Jul 2026 18:29:35 IST] [INFO] Fallback PrintWindow() is executed: false
[Tue, 28 Jul 2026 18:29:35 IST] [INFO] GetDIBits return value: 768
[Tue, 28 Jul 2026 18:29:35 IST] [INFO] Number of scanlines copied: 768
[Tue, 28 Jul 2026 18:29:35 IST] [INFO] GetDIBits Width: 1024
[Tue, 28 Jul 2026 18:29:35 IST] [INFO] GetDIBits Height: 768
[Tue, 28 Jul 2026 18:29:35 IST] [INFO] Bitmap format: BI_RGB (32-bit)
[Tue, 28 Jul 2026 18:29:35 IST] [INFO] Non-black pixels: 494533
[Tue, 28 Jul 2026 18:29:35 IST] [INFO] Transparent pixels: 0
[Tue, 28 Jul 2026 18:29:35 IST] [INFO] Opaque pixels: 786432
[Tue, 28 Jul 2026 18:29:35 IST] [INFO] Dirty rectangle empty
[Tue, 28 Jul 2026 18:29:35 IST] [INFO] ========== Capture Tick ==========
[Tue, 28 Jul 2026 18:29:35 IST] [INFO] Current timestamp: 2026-07-28 18:29:35.7601958 +0530 IST m=+63.608910801
[Tue, 28 Jul 2026 18:29:35 IST] [INFO] HWND: 3935346
[Tue, 28 Jul 2026 18:29:35 IST] [INFO] FindWindowByPID() succeeded: true
[Tue, 28 Jul 2026 18:29:35 IST] [INFO] Process is still alive: true
[Tue, 28 Jul 2026 18:29:35 IST] [INFO] CaptureWindow entered
[Tue, 28 Jul 2026 18:29:35 IST] [INFO] HWND: 3935346
[Tue, 28 Jul 2026 18:29:35 IST] [INFO] Width: 1024, Height: 768
[Tue, 28 Jul 2026 18:29:35 IST] [INFO] GetWindowDC succeeded: true
[Tue, 28 Jul 2026 18:29:35 IST] [INFO] CreateCompatibleDC succeeded: true
[Tue, 28 Jul 2026 18:29:35 IST] [INFO] CreateCompatibleBitmap succeeded: true
[Tue, 28 Jul 2026 18:29:35 IST] [INFO] SelectObject succeeded: true
[Tue, 28 Jul 2026 18:29:35 IST] [INFO] PrintWindow return value: 1
[Tue, 28 Jul 2026 18:29:35 IST] [INFO] Fallback PrintWindow() is executed: false
[Tue, 28 Jul 2026 18:29:35 IST] [INFO] GetDIBits return value: 768
[Tue, 28 Jul 2026 18:29:35 IST] [INFO] Number of scanlines copied: 768
[Tue, 28 Jul 2026 18:29:35 IST] [INFO] GetDIBits Width: 1024
[Tue, 28 Jul 2026 18:29:35 IST] [INFO] GetDIBits Height: 768
[Tue, 28 Jul 2026 18:29:35 IST] [INFO] Bitmap format: BI_RGB (32-bit)
[Tue, 28 Jul 2026 18:29:35 IST] [INFO] Non-black pixels: 494533
[Tue, 28 Jul 2026 18:29:35 IST] [INFO] Transparent pixels: 0
[Tue, 28 Jul 2026 18:29:35 IST] [INFO] Opaque pixels: 786432
[Tue, 28 Jul 2026 18:29:35 IST] [INFO] Dirty rectangle empty
[Tue, 28 Jul 2026 18:29:35 IST] [INFO] ========== Capture Tick ==========
[Tue, 28 Jul 2026 18:29:35 IST] [INFO] Current timestamp: 2026-07-28 18:29:35.8605833 +0530 IST m=+63.709298301
[Tue, 28 Jul 2026 18:29:35 IST] [INFO] HWND: 3935346
[Tue, 28 Jul 2026 18:29:35 IST] [INFO] FindWindowByPID() succeeded: true
[Tue, 28 Jul 2026 18:29:35 IST] [INFO] Process is still alive: true
[Tue, 28 Jul 2026 18:29:35 IST] [INFO] CaptureWindow entered
[Tue, 28 Jul 2026 18:29:35 IST] [INFO] HWND: 3935346
[Tue, 28 Jul 2026 18:29:35 IST] [INFO] Width: 1024, Height: 768
[Tue, 28 Jul 2026 18:29:35 IST] [INFO] GetWindowDC succeeded: true
[Tue, 28 Jul 2026 18:29:35 IST] [INFO] CreateCompatibleDC succeeded: true
[Tue, 28 Jul 2026 18:29:35 IST] [INFO] CreateCompatibleBitmap succeeded: true
[Tue, 28 Jul 2026 18:29:35 IST] [INFO] SelectObject succeeded: true
[Tue, 28 Jul 2026 18:29:35 IST] [INFO] PrintWindow return value: 1
[Tue, 28 Jul 2026 18:29:35 IST] [INFO] Fallback PrintWindow() is executed: false
[Tue, 28 Jul 2026 18:29:35 IST] [INFO] GetDIBits return value: 768
[Tue, 28 Jul 2026 18:29:35 IST] [INFO] Number of scanlines copied: 768
[Tue, 28 Jul 2026 18:29:35 IST] [INFO] GetDIBits Width: 1024
[Tue, 28 Jul 2026 18:29:35 IST] [INFO] GetDIBits Height: 768
[Tue, 28 Jul 2026 18:29:35 IST] [INFO] Bitmap format: BI_RGB (32-bit)
[Tue, 28 Jul 2026 18:29:35 IST] [INFO] Non-black pixels: 494533
[Tue, 28 Jul 2026 18:29:35 IST] [INFO] Transparent pixels: 0
[Tue, 28 Jul 2026 18:29:35 IST] [INFO] Opaque pixels: 786432
[Tue, 28 Jul 2026 18:29:35 IST] [INFO] Dirty rectangle empty
[Tue, 28 Jul 2026 18:29:35 IST] [INFO] ========== Capture Tick ==========
[Tue, 28 Jul 2026 18:29:35 IST] [INFO] Current timestamp: 2026-07-28 18:29:35.9602126 +0530 IST m=+63.808927601
[Tue, 28 Jul 2026 18:29:35 IST] [INFO] HWND: 3935346
[Tue, 28 Jul 2026 18:29:35 IST] [INFO] FindWindowByPID() succeeded: true
[Tue, 28 Jul 2026 18:29:35 IST] [INFO] Process is still alive: true
[Tue, 28 Jul 2026 18:29:35 IST] [INFO] CaptureWindow entered
[Tue, 28 Jul 2026 18:29:35 IST] [INFO] HWND: 3935346
[Tue, 28 Jul 2026 18:29:35 IST] [INFO] Width: 1024, Height: 768
[Tue, 28 Jul 2026 18:29:35 IST] [INFO] GetWindowDC succeeded: true
[Tue, 28 Jul 2026 18:29:35 IST] [INFO] CreateCompatibleDC succeeded: true
[Tue, 28 Jul 2026 18:29:35 IST] [INFO] CreateCompatibleBitmap succeeded: true
[Tue, 28 Jul 2026 18:29:35 IST] [INFO] SelectObject succeeded: true
[Tue, 28 Jul 2026 18:29:35 IST] [INFO] PrintWindow return value: 1
[Tue, 28 Jul 2026 18:29:35 IST] [INFO] Fallback PrintWindow() is executed: false
[Tue, 28 Jul 2026 18:29:35 IST] [INFO] GetDIBits return value: 768
[Tue, 28 Jul 2026 18:29:35 IST] [INFO] Number of scanlines copied: 768
[Tue, 28 Jul 2026 18:29:35 IST] [INFO] GetDIBits Width: 1024
[Tue, 28 Jul 2026 18:29:35 IST] [INFO] GetDIBits Height: 768
[Tue, 28 Jul 2026 18:29:35 IST] [INFO] Bitmap format: BI_RGB (32-bit)
[Tue, 28 Jul 2026 18:29:35 IST] [INFO] Non-black pixels: 494533
[Tue, 28 Jul 2026 18:29:35 IST] [INFO] Transparent pixels: 0
[Tue, 28 Jul 2026 18:29:35 IST] [INFO] Opaque pixels: 786432
[Tue, 28 Jul 2026 18:29:35 IST] [INFO] Dirty rectangle empty
[Tue, 28 Jul 2026 18:29:36 IST] [INFO] ========== Capture Tick ==========
[Tue, 28 Jul 2026 18:29:36 IST] [INFO] Current timestamp: 2026-07-28 18:29:36.0603764 +0530 IST m=+63.909091401
[Tue, 28 Jul 2026 18:29:36 IST] [INFO] HWND: 3935346
[Tue, 28 Jul 2026 18:29:36 IST] [INFO] FindWindowByPID() succeeded: true
[Tue, 28 Jul 2026 18:29:36 IST] [INFO] Process is still alive: true
[Tue, 28 Jul 2026 18:29:36 IST] [INFO] CaptureWindow entered
[Tue, 28 Jul 2026 18:29:36 IST] [INFO] HWND: 3935346
[Tue, 28 Jul 2026 18:29:36 IST] [INFO] Width: 1024, Height: 768
[Tue, 28 Jul 2026 18:29:36 IST] [INFO] GetWindowDC succeeded: true
[Tue, 28 Jul 2026 18:29:36 IST] [INFO] CreateCompatibleDC succeeded: true
[Tue, 28 Jul 2026 18:29:36 IST] [INFO] CreateCompatibleBitmap succeeded: true
[Tue, 28 Jul 2026 18:29:36 IST] [INFO] SelectObject succeeded: true
[Tue, 28 Jul 2026 18:29:36 IST] [INFO] PrintWindow return value: 1
[Tue, 28 Jul 2026 18:29:36 IST] [INFO] Fallback PrintWindow() is executed: false
[Tue, 28 Jul 2026 18:29:36 IST] [INFO] GetDIBits return value: 768
[Tue, 28 Jul 2026 18:29:36 IST] [INFO] Number of scanlines copied: 768
[Tue, 28 Jul 2026 18:29:36 IST] [INFO] GetDIBits Width: 1024
[Tue, 28 Jul 2026 18:29:36 IST] [INFO] GetDIBits Height: 768
[Tue, 28 Jul 2026 18:29:36 IST] [INFO] Bitmap format: BI_RGB (32-bit)
[Tue, 28 Jul 2026 18:29:36 IST] [INFO] Non-black pixels: 494533
[Tue, 28 Jul 2026 18:29:36 IST] [INFO] Transparent pixels: 0
[Tue, 28 Jul 2026 18:29:36 IST] [INFO] Opaque pixels: 786432
[Tue, 28 Jul 2026 18:29:36 IST] [INFO] Dirty rectangle empty
[Tue, 28 Jul 2026 18:29:36 IST] [INFO] ========== Capture Tick ==========
[Tue, 28 Jul 2026 18:29:36 IST] [INFO] Current timestamp: 2026-07-28 18:29:36.1596674 +0530 IST m=+64.008382401
[Tue, 28 Jul 2026 18:29:36 IST] [INFO] HWND: 3935346
[Tue, 28 Jul 2026 18:29:36 IST] [INFO] FindWindowByPID() succeeded: true
[Tue, 28 Jul 2026 18:29:36 IST] [INFO] Process is still alive: true
[Tue, 28 Jul 2026 18:29:36 IST] [INFO] CaptureWindow entered
[Tue, 28 Jul 2026 18:29:36 IST] [INFO] HWND: 3935346
[Tue, 28 Jul 2026 18:29:36 IST] [INFO] Width: 1024, Height: 768
[Tue, 28 Jul 2026 18:29:36 IST] [INFO] GetWindowDC succeeded: true
[Tue, 28 Jul 2026 18:29:36 IST] [INFO] CreateCompatibleDC succeeded: true
[Tue, 28 Jul 2026 18:29:36 IST] [INFO] CreateCompatibleBitmap succeeded: true
[Tue, 28 Jul 2026 18:29:36 IST] [INFO] SelectObject succeeded: true
[Tue, 28 Jul 2026 18:29:36 IST] [INFO] PrintWindow return value: 1
[Tue, 28 Jul 2026 18:29:36 IST] [INFO] Fallback PrintWindow() is executed: false
[Tue, 28 Jul 2026 18:29:36 IST] [INFO] GetDIBits return value: 768
[Tue, 28 Jul 2026 18:29:36 IST] [INFO] Number of scanlines copied: 768
[Tue, 28 Jul 2026 18:29:36 IST] [INFO] GetDIBits Width: 1024
[Tue, 28 Jul 2026 18:29:36 IST] [INFO] GetDIBits Height: 768
[Tue, 28 Jul 2026 18:29:36 IST] [INFO] Bitmap format: BI_RGB (32-bit)
[Tue, 28 Jul 2026 18:29:36 IST] [INFO] Non-black pixels: 494533
[Tue, 28 Jul 2026 18:29:36 IST] [INFO] Transparent pixels: 0
[Tue, 28 Jul 2026 18:29:36 IST] [INFO] Opaque pixels: 786432
[Tue, 28 Jul 2026 18:29:36 IST] [INFO] Dirty rectangle empty
[Tue, 28 Jul 2026 18:29:36 IST] [INFO] ========== Capture Tick ==========
[Tue, 28 Jul 2026 18:29:36 IST] [INFO] Current timestamp: 2026-07-28 18:29:36.2598095 +0530 IST m=+64.108524501
[Tue, 28 Jul 2026 18:29:36 IST] [INFO] HWND: 3935346
[Tue, 28 Jul 2026 18:29:36 IST] [INFO] FindWindowByPID() succeeded: true
[Tue, 28 Jul 2026 18:29:36 IST] [INFO] Process is still alive: true
[Tue, 28 Jul 2026 18:29:36 IST] [INFO] CaptureWindow entered
[Tue, 28 Jul 2026 18:29:36 IST] [INFO] HWND: 3935346
[Tue, 28 Jul 2026 18:29:36 IST] [INFO] Width: 1024, Height: 768
[Tue, 28 Jul 2026 18:29:36 IST] [INFO] GetWindowDC succeeded: true
[Tue, 28 Jul 2026 18:29:36 IST] [INFO] CreateCompatibleDC succeeded: true
[Tue, 28 Jul 2026 18:29:36 IST] [INFO] CreateCompatibleBitmap succeeded: true
[Tue, 28 Jul 2026 18:29:36 IST] [INFO] SelectObject succeeded: true
[Tue, 28 Jul 2026 18:29:36 IST] [INFO] PrintWindow return value: 1
[Tue, 28 Jul 2026 18:29:36 IST] [INFO] Fallback PrintWindow() is executed: false
[Tue, 28 Jul 2026 18:29:36 IST] [INFO] GetDIBits return value: 768
[Tue, 28 Jul 2026 18:29:36 IST] [INFO] Number of scanlines copied: 768
[Tue, 28 Jul 2026 18:29:36 IST] [INFO] GetDIBits Width: 1024
[Tue, 28 Jul 2026 18:29:36 IST] [INFO] GetDIBits Height: 768
[Tue, 28 Jul 2026 18:29:36 IST] [INFO] Bitmap format: BI_RGB (32-bit)
[Tue, 28 Jul 2026 18:29:36 IST] [INFO] Non-black pixels: 494533
[Tue, 28 Jul 2026 18:29:36 IST] [INFO] Transparent pixels: 0
[Tue, 28 Jul 2026 18:29:36 IST] [INFO] Opaque pixels: 786432
[Tue, 28 Jul 2026 18:29:36 IST] [INFO] Dirty rectangle empty
[Tue, 28 Jul 2026 18:29:36 IST] [INFO] ========== Capture Tick ==========
[Tue, 28 Jul 2026 18:29:36 IST] [INFO] Current timestamp: 2026-07-28 18:29:36.3602659 +0530 IST m=+64.208980901
[Tue, 28 Jul 2026 18:29:36 IST] [INFO] HWND: 3935346
[Tue, 28 Jul 2026 18:29:36 IST] [INFO] FindWindowByPID() succeeded: true
[Tue, 28 Jul 2026 18:29:36 IST] [INFO] Process is still alive: true
[Tue, 28 Jul 2026 18:29:36 IST] [INFO] CaptureWindow entered
[Tue, 28 Jul 2026 18:29:36 IST] [INFO] HWND: 3935346
[Tue, 28 Jul 2026 18:29:36 IST] [INFO] Width: 1024, Height: 768
[Tue, 28 Jul 2026 18:29:36 IST] [INFO] GetWindowDC succeeded: true
[Tue, 28 Jul 2026 18:29:36 IST] [INFO] CreateCompatibleDC succeeded: true
[Tue, 28 Jul 2026 18:29:36 IST] [INFO] CreateCompatibleBitmap succeeded: true
[Tue, 28 Jul 2026 18:29:36 IST] [INFO] SelectObject succeeded: true
[Tue, 28 Jul 2026 18:29:36 IST] [INFO] PrintWindow return value: 1
[Tue, 28 Jul 2026 18:29:36 IST] [INFO] Fallback PrintWindow() is executed: false
[Tue, 28 Jul 2026 18:29:36 IST] [INFO] GetDIBits return value: 768
[Tue, 28 Jul 2026 18:29:36 IST] [INFO] Number of scanlines copied: 768
[Tue, 28 Jul 2026 18:29:36 IST] [INFO] GetDIBits Width: 1024
[Tue, 28 Jul 2026 18:29:36 IST] [INFO] GetDIBits Height: 768
[Tue, 28 Jul 2026 18:29:36 IST] [INFO] Bitmap format: BI_RGB (32-bit)
[Tue, 28 Jul 2026 18:29:36 IST] [INFO] Non-black pixels: 494533
[Tue, 28 Jul 2026 18:29:36 IST] [INFO] Transparent pixels: 0
[Tue, 28 Jul 2026 18:29:36 IST] [INFO] Opaque pixels: 786432
[Tue, 28 Jul 2026 18:29:36 IST] [INFO] Dirty rectangle empty
[Tue, 28 Jul 2026 18:29:36 IST] [INFO] ========== Capture Tick ==========
[Tue, 28 Jul 2026 18:29:36 IST] [INFO] Current timestamp: 2026-07-28 18:29:36.4599266 +0530 IST m=+64.308641601
[Tue, 28 Jul 2026 18:29:36 IST] [INFO] HWND: 3935346
[Tue, 28 Jul 2026 18:29:36 IST] [INFO] FindWindowByPID() succeeded: true
[Tue, 28 Jul 2026 18:29:36 IST] [INFO] Process is still alive: true
[Tue, 28 Jul 2026 18:29:36 IST] [INFO] CaptureWindow entered
[Tue, 28 Jul 2026 18:29:36 IST] [INFO] HWND: 3935346
[Tue, 28 Jul 2026 18:29:36 IST] [INFO] Width: 1024, Height: 768
[Tue, 28 Jul 2026 18:29:36 IST] [INFO] GetWindowDC succeeded: true
[Tue, 28 Jul 2026 18:29:36 IST] [INFO] CreateCompatibleDC succeeded: true
[Tue, 28 Jul 2026 18:29:36 IST] [INFO] CreateCompatibleBitmap succeeded: true
[Tue, 28 Jul 2026 18:29:36 IST] [INFO] SelectObject succeeded: true
[Tue, 28 Jul 2026 18:29:36 IST] [INFO] PrintWindow return value: 1
[Tue, 28 Jul 2026 18:29:36 IST] [INFO] Fallback PrintWindow() is executed: false
[Tue, 28 Jul 2026 18:29:36 IST] [INFO] GetDIBits return value: 768
[Tue, 28 Jul 2026 18:29:36 IST] [INFO] Number of scanlines copied: 768
[Tue, 28 Jul 2026 18:29:36 IST] [INFO] GetDIBits Width: 1024
[Tue, 28 Jul 2026 18:29:36 IST] [INFO] GetDIBits Height: 768
[Tue, 28 Jul 2026 18:29:36 IST] [INFO] Bitmap format: BI_RGB (32-bit)
[Tue, 28 Jul 2026 18:29:36 IST] [INFO] Non-black pixels: 494533
[Tue, 28 Jul 2026 18:29:36 IST] [INFO] Transparent pixels: 0
[Tue, 28 Jul 2026 18:29:36 IST] [INFO] Opaque pixels: 786432
[Tue, 28 Jul 2026 18:29:36 IST] [INFO] Dirty rectangle empty
[Tue, 28 Jul 2026 18:29:36 IST] [INFO] ========== Capture Tick ==========
[Tue, 28 Jul 2026 18:29:36 IST] [INFO] Current timestamp: 2026-07-28 18:29:36.5604561 +0530 IST m=+64.409171101
[Tue, 28 Jul 2026 18:29:36 IST] [INFO] HWND: 3935346
[Tue, 28 Jul 2026 18:29:36 IST] [INFO] FindWindowByPID() succeeded: true
[Tue, 28 Jul 2026 18:29:36 IST] [INFO] Process is still alive: true
[Tue, 28 Jul 2026 18:29:36 IST] [INFO] CaptureWindow entered
[Tue, 28 Jul 2026 18:29:36 IST] [INFO] HWND: 3935346
[Tue, 28 Jul 2026 18:29:36 IST] [INFO] Width: 1024, Height: 768
[Tue, 28 Jul 2026 18:29:36 IST] [INFO] GetWindowDC succeeded: true
[Tue, 28 Jul 2026 18:29:36 IST] [INFO] CreateCompatibleDC succeeded: true
[Tue, 28 Jul 2026 18:29:36 IST] [INFO] CreateCompatibleBitmap succeeded: true
[Tue, 28 Jul 2026 18:29:36 IST] [INFO] SelectObject succeeded: true
[Tue, 28 Jul 2026 18:29:36 IST] [INFO] PrintWindow return value: 1
[Tue, 28 Jul 2026 18:29:36 IST] [INFO] Fallback PrintWindow() is executed: false
[Tue, 28 Jul 2026 18:29:36 IST] [INFO] GetDIBits return value: 768
[Tue, 28 Jul 2026 18:29:36 IST] [INFO] Number of scanlines copied: 768
[Tue, 28 Jul 2026 18:29:36 IST] [INFO] GetDIBits Width: 1024
[Tue, 28 Jul 2026 18:29:36 IST] [INFO] GetDIBits Height: 768
[Tue, 28 Jul 2026 18:29:36 IST] [INFO] Bitmap format: BI_RGB (32-bit)
[Tue, 28 Jul 2026 18:29:36 IST] [INFO] Non-black pixels: 494533
[Tue, 28 Jul 2026 18:29:36 IST] [INFO] Transparent pixels: 0
[Tue, 28 Jul 2026 18:29:36 IST] [INFO] Opaque pixels: 786432
[Tue, 28 Jul 2026 18:29:36 IST] [INFO] Dirty rectangle empty
[Tue, 28 Jul 2026 18:29:36 IST] [INFO] ========== Capture Tick ==========
[Tue, 28 Jul 2026 18:29:36 IST] [INFO] Current timestamp: 2026-07-28 18:29:36.6599245 +0530 IST m=+64.508639501
[Tue, 28 Jul 2026 18:29:36 IST] [INFO] HWND: 3935346
[Tue, 28 Jul 2026 18:29:36 IST] [INFO] FindWindowByPID() succeeded: true
[Tue, 28 Jul 2026 18:29:36 IST] [INFO] Process is still alive: true
[Tue, 28 Jul 2026 18:29:36 IST] [INFO] CaptureWindow entered
[Tue, 28 Jul 2026 18:29:36 IST] [INFO] HWND: 3935346
[Tue, 28 Jul 2026 18:29:36 IST] [INFO] Width: 1024, Height: 768
[Tue, 28 Jul 2026 18:29:36 IST] [INFO] GetWindowDC succeeded: true
[Tue, 28 Jul 2026 18:29:36 IST] [INFO] CreateCompatibleDC succeeded: true
[Tue, 28 Jul 2026 18:29:36 IST] [INFO] CreateCompatibleBitmap succeeded: true
[Tue, 28 Jul 2026 18:29:36 IST] [INFO] SelectObject succeeded: true
[Tue, 28 Jul 2026 18:29:36 IST] [INFO] PrintWindow return value: 1
[Tue, 28 Jul 2026 18:29:36 IST] [INFO] Fallback PrintWindow() is executed: false
[Tue, 28 Jul 2026 18:29:36 IST] [INFO] GetDIBits return value: 768
[Tue, 28 Jul 2026 18:29:36 IST] [INFO] Number of scanlines copied: 768
[Tue, 28 Jul 2026 18:29:36 IST] [INFO] GetDIBits Width: 1024
[Tue, 28 Jul 2026 18:29:36 IST] [INFO] GetDIBits Height: 768
[Tue, 28 Jul 2026 18:29:36 IST] [INFO] Bitmap format: BI_RGB (32-bit)
[Tue, 28 Jul 2026 18:29:36 IST] [INFO] Non-black pixels: 494533
[Tue, 28 Jul 2026 18:29:36 IST] [INFO] Transparent pixels: 0
[Tue, 28 Jul 2026 18:29:36 IST] [INFO] Opaque pixels: 786432
[Tue, 28 Jul 2026 18:29:36 IST] [INFO] Dirty rectangle empty
[Tue, 28 Jul 2026 18:29:36 IST] [INFO] ========== Capture Tick ==========
[Tue, 28 Jul 2026 18:29:36 IST] [INFO] Current timestamp: 2026-07-28 18:29:36.7606126 +0530 IST m=+64.609327601
[Tue, 28 Jul 2026 18:29:36 IST] [INFO] HWND: 3935346
[Tue, 28 Jul 2026 18:29:36 IST] [INFO] FindWindowByPID() succeeded: true
[Tue, 28 Jul 2026 18:29:36 IST] [INFO] Process is still alive: true
[Tue, 28 Jul 2026 18:29:36 IST] [INFO] CaptureWindow entered
[Tue, 28 Jul 2026 18:29:36 IST] [INFO] HWND: 3935346
[Tue, 28 Jul 2026 18:29:36 IST] [INFO] Width: 1024, Height: 768
[Tue, 28 Jul 2026 18:29:36 IST] [INFO] GetWindowDC succeeded: true
[Tue, 28 Jul 2026 18:29:36 IST] [INFO] CreateCompatibleDC succeeded: true
[Tue, 28 Jul 2026 18:29:36 IST] [INFO] CreateCompatibleBitmap succeeded: true
[Tue, 28 Jul 2026 18:29:36 IST] [INFO] SelectObject succeeded: true
[Tue, 28 Jul 2026 18:29:36 IST] [INFO] PrintWindow return value: 1
[Tue, 28 Jul 2026 18:29:36 IST] [INFO] Fallback PrintWindow() is executed: false
[Tue, 28 Jul 2026 18:29:36 IST] [INFO] GetDIBits return value: 768
[Tue, 28 Jul 2026 18:29:36 IST] [INFO] Number of scanlines copied: 768
[Tue, 28 Jul 2026 18:29:36 IST] [INFO] GetDIBits Width: 1024
[Tue, 28 Jul 2026 18:29:36 IST] [INFO] GetDIBits Height: 768
[Tue, 28 Jul 2026 18:29:36 IST] [INFO] Bitmap format: BI_RGB (32-bit)
[Tue, 28 Jul 2026 18:29:36 IST] [INFO] Non-black pixels: 494533
[Tue, 28 Jul 2026 18:29:36 IST] [INFO] Transparent pixels: 0
[Tue, 28 Jul 2026 18:29:36 IST] [INFO] Opaque pixels: 786432
[Tue, 28 Jul 2026 18:29:36 IST] [INFO] Dirty rectangle empty
[Tue, 28 Jul 2026 18:29:36 IST] [INFO] ========== Capture Tick ==========
[Tue, 28 Jul 2026 18:29:36 IST] [INFO] Current timestamp: 2026-07-28 18:29:36.8603433 +0530 IST m=+64.709058301
[Tue, 28 Jul 2026 18:29:36 IST] [INFO] HWND: 3935346
[Tue, 28 Jul 2026 18:29:36 IST] [INFO] FindWindowByPID() succeeded: true
[Tue, 28 Jul 2026 18:29:36 IST] [INFO] Process is still alive: true
[Tue, 28 Jul 2026 18:29:36 IST] [INFO] CaptureWindow entered
[Tue, 28 Jul 2026 18:29:36 IST] [INFO] HWND: 3935346
[Tue, 28 Jul 2026 18:29:36 IST] [INFO] Width: 1024, Height: 768
[Tue, 28 Jul 2026 18:29:36 IST] [INFO] GetWindowDC succeeded: true
[Tue, 28 Jul 2026 18:29:36 IST] [INFO] CreateCompatibleDC succeeded: true
[Tue, 28 Jul 2026 18:29:36 IST] [INFO] CreateCompatibleBitmap succeeded: true
[Tue, 28 Jul 2026 18:29:36 IST] [INFO] SelectObject succeeded: true
[Tue, 28 Jul 2026 18:29:36 IST] [INFO] PrintWindow return value: 1
[Tue, 28 Jul 2026 18:29:36 IST] [INFO] Fallback PrintWindow() is executed: false
[Tue, 28 Jul 2026 18:29:36 IST] [INFO] GetDIBits return value: 768
[Tue, 28 Jul 2026 18:29:36 IST] [INFO] Number of scanlines copied: 768
[Tue, 28 Jul 2026 18:29:36 IST] [INFO] GetDIBits Width: 1024
[Tue, 28 Jul 2026 18:29:36 IST] [INFO] GetDIBits Height: 768
[Tue, 28 Jul 2026 18:29:36 IST] [INFO] Bitmap format: BI_RGB (32-bit)
[Tue, 28 Jul 2026 18:29:36 IST] [INFO] Non-black pixels: 494533
[Tue, 28 Jul 2026 18:29:36 IST] [INFO] Transparent pixels: 0
[Tue, 28 Jul 2026 18:29:36 IST] [INFO] Opaque pixels: 786432
[Tue, 28 Jul 2026 18:29:36 IST] [INFO] Dirty rectangle empty
[Tue, 28 Jul 2026 18:29:36 IST] [INFO] ========== Capture Tick ==========
[Tue, 28 Jul 2026 18:29:36 IST] [INFO] Current timestamp: 2026-07-28 18:29:36.9603457 +0530 IST m=+64.809060701
[Tue, 28 Jul 2026 18:29:36 IST] [INFO] HWND: 3935346
[Tue, 28 Jul 2026 18:29:36 IST] [INFO] FindWindowByPID() succeeded: true
[Tue, 28 Jul 2026 18:29:36 IST] [INFO] Process is still alive: true
[Tue, 28 Jul 2026 18:29:36 IST] [INFO] CaptureWindow entered
[Tue, 28 Jul 2026 18:29:36 IST] [INFO] HWND: 3935346
[Tue, 28 Jul 2026 18:29:36 IST] [INFO] Width: 1024, Height: 768
[Tue, 28 Jul 2026 18:29:36 IST] [INFO] GetWindowDC succeeded: true
[Tue, 28 Jul 2026 18:29:36 IST] [INFO] CreateCompatibleDC succeeded: true
[Tue, 28 Jul 2026 18:29:36 IST] [INFO] CreateCompatibleBitmap succeeded: true
[Tue, 28 Jul 2026 18:29:36 IST] [INFO] SelectObject succeeded: true
[Tue, 28 Jul 2026 18:29:36 IST] [INFO] PrintWindow return value: 1
[Tue, 28 Jul 2026 18:29:36 IST] [INFO] Fallback PrintWindow() is executed: false
[Tue, 28 Jul 2026 18:29:36 IST] [INFO] GetDIBits return value: 768
[Tue, 28 Jul 2026 18:29:36 IST] [INFO] Number of scanlines copied: 768
[Tue, 28 Jul 2026 18:29:36 IST] [INFO] GetDIBits Width: 1024
[Tue, 28 Jul 2026 18:29:36 IST] [INFO] GetDIBits Height: 768
[Tue, 28 Jul 2026 18:29:36 IST] [INFO] Bitmap format: BI_RGB (32-bit)
[Tue, 28 Jul 2026 18:29:36 IST] [INFO] Non-black pixels: 494533
[Tue, 28 Jul 2026 18:29:36 IST] [INFO] Transparent pixels: 0
[Tue, 28 Jul 2026 18:29:36 IST] [INFO] Opaque pixels: 786432
[Tue, 28 Jul 2026 18:29:37 IST] [INFO] Dirty rectangle empty
[Tue, 28 Jul 2026 18:29:37 IST] [INFO] ========== Capture Tick ==========
[Tue, 28 Jul 2026 18:29:37 IST] [INFO] Current timestamp: 2026-07-28 18:29:37.060353 +0530 IST m=+64.909068001
[Tue, 28 Jul 2026 18:29:37 IST] [INFO] HWND: 3935346
[Tue, 28 Jul 2026 18:29:37 IST] [INFO] FindWindowByPID() succeeded: true
[Tue, 28 Jul 2026 18:29:37 IST] [INFO] Process is still alive: true
[Tue, 28 Jul 2026 18:29:37 IST] [INFO] CaptureWindow entered
[Tue, 28 Jul 2026 18:29:37 IST] [INFO] HWND: 3935346
[Tue, 28 Jul 2026 18:29:37 IST] [INFO] Width: 1024, Height: 768
[Tue, 28 Jul 2026 18:29:37 IST] [INFO] GetWindowDC succeeded: true
[Tue, 28 Jul 2026 18:29:37 IST] [INFO] CreateCompatibleDC succeeded: true
[Tue, 28 Jul 2026 18:29:37 IST] [INFO] CreateCompatibleBitmap succeeded: true
[Tue, 28 Jul 2026 18:29:37 IST] [INFO] SelectObject succeeded: true
[Tue, 28 Jul 2026 18:29:37 IST] [INFO] PrintWindow return value: 1
[Tue, 28 Jul 2026 18:29:37 IST] [INFO] Fallback PrintWindow() is executed: false
[Tue, 28 Jul 2026 18:29:37 IST] [INFO] GetDIBits return value: 768
[Tue, 28 Jul 2026 18:29:37 IST] [INFO] Number of scanlines copied: 768
[Tue, 28 Jul 2026 18:29:37 IST] [INFO] GetDIBits Width: 1024
[Tue, 28 Jul 2026 18:29:37 IST] [INFO] GetDIBits Height: 768
[Tue, 28 Jul 2026 18:29:37 IST] [INFO] Bitmap format: BI_RGB (32-bit)
[Tue, 28 Jul 2026 18:29:37 IST] [INFO] Non-black pixels: 494533
[Tue, 28 Jul 2026 18:29:37 IST] [INFO] Transparent pixels: 0
[Tue, 28 Jul 2026 18:29:37 IST] [INFO] Opaque pixels: 786432
[Tue, 28 Jul 2026 18:29:37 IST] [INFO] Dirty rectangle empty
[Tue, 28 Jul 2026 18:29:37 IST] [INFO] ========== Capture Tick ==========
[Tue, 28 Jul 2026 18:29:37 IST] [INFO] Current timestamp: 2026-07-28 18:29:37.1601921 +0530 IST m=+65.008907101
[Tue, 28 Jul 2026 18:29:37 IST] [INFO] HWND: 3935346
[Tue, 28 Jul 2026 18:29:37 IST] [INFO] FindWindowByPID() succeeded: true
[Tue, 28 Jul 2026 18:29:37 IST] [INFO] Process is still alive: true
[Tue, 28 Jul 2026 18:29:37 IST] [INFO] CaptureWindow entered
[Tue, 28 Jul 2026 18:29:37 IST] [INFO] HWND: 3935346
[Tue, 28 Jul 2026 18:29:37 IST] [INFO] Width: 1024, Height: 768
[Tue, 28 Jul 2026 18:29:37 IST] [INFO] GetWindowDC succeeded: true
[Tue, 28 Jul 2026 18:29:37 IST] [INFO] CreateCompatibleDC succeeded: true
[Tue, 28 Jul 2026 18:29:37 IST] [INFO] CreateCompatibleBitmap succeeded: true
[Tue, 28 Jul 2026 18:29:37 IST] [INFO] SelectObject succeeded: true
[Tue, 28 Jul 2026 18:29:37 IST] [INFO] PrintWindow return value: 1
[Tue, 28 Jul 2026 18:29:37 IST] [INFO] Fallback PrintWindow() is executed: false
[Tue, 28 Jul 2026 18:29:37 IST] [INFO] GetDIBits return value: 768
[Tue, 28 Jul 2026 18:29:37 IST] [INFO] Number of scanlines copied: 768
[Tue, 28 Jul 2026 18:29:37 IST] [INFO] GetDIBits Width: 1024
[Tue, 28 Jul 2026 18:29:37 IST] [INFO] GetDIBits Height: 768
[Tue, 28 Jul 2026 18:29:37 IST] [INFO] Bitmap format: BI_RGB (32-bit)
[Tue, 28 Jul 2026 18:29:37 IST] [INFO] Non-black pixels: 494533
[Tue, 28 Jul 2026 18:29:37 IST] [INFO] Transparent pixels: 0
[Tue, 28 Jul 2026 18:29:37 IST] [INFO] Opaque pixels: 786432
[Tue, 28 Jul 2026 18:29:37 IST] [INFO] Dirty rectangle empty
[Tue, 28 Jul 2026 18:29:37 IST] [INFO] ========== Capture Tick ==========
[Tue, 28 Jul 2026 18:29:37 IST] [INFO] Current timestamp: 2026-07-28 18:29:37.2599872 +0530 IST m=+65.108702201
[Tue, 28 Jul 2026 18:29:37 IST] [INFO] HWND: 3935346
[Tue, 28 Jul 2026 18:29:37 IST] [INFO] FindWindowByPID() succeeded: true
[Tue, 28 Jul 2026 18:29:37 IST] [INFO] Process is still alive: true
[Tue, 28 Jul 2026 18:29:37 IST] [INFO] CaptureWindow entered
[Tue, 28 Jul 2026 18:29:37 IST] [INFO] HWND: 3935346
[Tue, 28 Jul 2026 18:29:37 IST] [INFO] Width: 1024, Height: 768
[Tue, 28 Jul 2026 18:29:37 IST] [INFO] GetWindowDC succeeded: true
[Tue, 28 Jul 2026 18:29:37 IST] [INFO] CreateCompatibleDC succeeded: true
[Tue, 28 Jul 2026 18:29:37 IST] [INFO] CreateCompatibleBitmap succeeded: true
[Tue, 28 Jul 2026 18:29:37 IST] [INFO] SelectObject succeeded: true
[Tue, 28 Jul 2026 18:29:37 IST] [INFO] PrintWindow return value: 1
[Tue, 28 Jul 2026 18:29:37 IST] [INFO] Fallback PrintWindow() is executed: false
[Tue, 28 Jul 2026 18:29:37 IST] [INFO] GetDIBits return value: 768
[Tue, 28 Jul 2026 18:29:37 IST] [INFO] Number of scanlines copied: 768
[Tue, 28 Jul 2026 18:29:37 IST] [INFO] GetDIBits Width: 1024
[Tue, 28 Jul 2026 18:29:37 IST] [INFO] GetDIBits Height: 768
[Tue, 28 Jul 2026 18:29:37 IST] [INFO] Bitmap format: BI_RGB (32-bit)
[Tue, 28 Jul 2026 18:29:37 IST] [INFO] Non-black pixels: 494533
[Tue, 28 Jul 2026 18:29:37 IST] [INFO] Transparent pixels: 0
[Tue, 28 Jul 2026 18:29:37 IST] [INFO] Opaque pixels: 786432
[Tue, 28 Jul 2026 18:29:37 IST] [INFO] Dirty rectangle empty
[Tue, 28 Jul 2026 18:29:37 IST] [INFO] ========== Capture Tick ==========
[Tue, 28 Jul 2026 18:29:37 IST] [INFO] Current timestamp: 2026-07-28 18:29:37.3606186 +0530 IST m=+65.209333601
[Tue, 28 Jul 2026 18:29:37 IST] [INFO] HWND: 3935346
[Tue, 28 Jul 2026 18:29:37 IST] [INFO] FindWindowByPID() succeeded: true
[Tue, 28 Jul 2026 18:29:37 IST] [INFO] Process is still alive: true
[Tue, 28 Jul 2026 18:29:37 IST] [INFO] CaptureWindow entered
[Tue, 28 Jul 2026 18:29:37 IST] [INFO] HWND: 3935346
[Tue, 28 Jul 2026 18:29:37 IST] [INFO] Width: 1024, Height: 768
[Tue, 28 Jul 2026 18:29:37 IST] [INFO] GetWindowDC succeeded: true
[Tue, 28 Jul 2026 18:29:37 IST] [INFO] CreateCompatibleDC succeeded: true
[Tue, 28 Jul 2026 18:29:37 IST] [INFO] CreateCompatibleBitmap succeeded: true
[Tue, 28 Jul 2026 18:29:37 IST] [INFO] SelectObject succeeded: true
[Tue, 28 Jul 2026 18:29:37 IST] [INFO] PrintWindow return value: 1
[Tue, 28 Jul 2026 18:29:37 IST] [INFO] Fallback PrintWindow() is executed: false
[Tue, 28 Jul 2026 18:29:37 IST] [INFO] GetDIBits return value: 768
[Tue, 28 Jul 2026 18:29:37 IST] [INFO] Number of scanlines copied: 768
[Tue, 28 Jul 2026 18:29:37 IST] [INFO] GetDIBits Width: 1024
[Tue, 28 Jul 2026 18:29:37 IST] [INFO] GetDIBits Height: 768
[Tue, 28 Jul 2026 18:29:37 IST] [INFO] Bitmap format: BI_RGB (32-bit)
[Tue, 28 Jul 2026 18:29:37 IST] [INFO] Non-black pixels: 494533
[Tue, 28 Jul 2026 18:29:37 IST] [INFO] Transparent pixels: 0
[Tue, 28 Jul 2026 18:29:37 IST] [INFO] Opaque pixels: 786432
[Tue, 28 Jul 2026 18:29:37 IST] [INFO] Dirty rectangle empty
[Tue, 28 Jul 2026 18:29:37 IST] [INFO] ========== Capture Tick ==========
[Tue, 28 Jul 2026 18:29:37 IST] [INFO] Current timestamp: 2026-07-28 18:29:37.4603562 +0530 IST m=+65.309071201
[Tue, 28 Jul 2026 18:29:37 IST] [INFO] HWND: 3935346
[Tue, 28 Jul 2026 18:29:37 IST] [INFO] FindWindowByPID() succeeded: true
[Tue, 28 Jul 2026 18:29:37 IST] [INFO] Process is still alive: true
[Tue, 28 Jul 2026 18:29:37 IST] [INFO] CaptureWindow entered
[Tue, 28 Jul 2026 18:29:37 IST] [INFO] HWND: 3935346
[Tue, 28 Jul 2026 18:29:37 IST] [INFO] Width: 1024, Height: 768
[Tue, 28 Jul 2026 18:29:37 IST] [INFO] GetWindowDC succeeded: true
[Tue, 28 Jul 2026 18:29:37 IST] [INFO] CreateCompatibleDC succeeded: true
[Tue, 28 Jul 2026 18:29:37 IST] [INFO] CreateCompatibleBitmap succeeded: true
[Tue, 28 Jul 2026 18:29:37 IST] [INFO] SelectObject succeeded: true
[Tue, 28 Jul 2026 18:29:37 IST] [INFO] PrintWindow return value: 1
[Tue, 28 Jul 2026 18:29:37 IST] [INFO] Fallback PrintWindow() is executed: false
[Tue, 28 Jul 2026 18:29:37 IST] [INFO] GetDIBits return value: 768
[Tue, 28 Jul 2026 18:29:37 IST] [INFO] Number of scanlines copied: 768
[Tue, 28 Jul 2026 18:29:37 IST] [INFO] GetDIBits Width: 1024
[Tue, 28 Jul 2026 18:29:37 IST] [INFO] GetDIBits Height: 768
[Tue, 28 Jul 2026 18:29:37 IST] [INFO] Bitmap format: BI_RGB (32-bit)
[Tue, 28 Jul 2026 18:29:37 IST] [INFO] Non-black pixels: 494533
[Tue, 28 Jul 2026 18:29:37 IST] [INFO] Transparent pixels: 0
[Tue, 28 Jul 2026 18:29:37 IST] [INFO] Opaque pixels: 786432
[Tue, 28 Jul 2026 18:29:37 IST] [INFO] Dirty rectangle empty
[Tue, 28 Jul 2026 18:29:37 IST] [INFO] ========== Capture Tick ==========
[Tue, 28 Jul 2026 18:29:37 IST] [INFO] Current timestamp: 2026-07-28 18:29:37.5602942 +0530 IST m=+65.409009201
[Tue, 28 Jul 2026 18:29:37 IST] [INFO] HWND: 3935346
[Tue, 28 Jul 2026 18:29:37 IST] [INFO] FindWindowByPID() succeeded: true
[Tue, 28 Jul 2026 18:29:37 IST] [INFO] Process is still alive: true
[Tue, 28 Jul 2026 18:29:37 IST] [INFO] CaptureWindow entered
[Tue, 28 Jul 2026 18:29:37 IST] [INFO] HWND: 3935346
[Tue, 28 Jul 2026 18:29:37 IST] [INFO] Width: 1024, Height: 768
[Tue, 28 Jul 2026 18:29:37 IST] [INFO] GetWindowDC succeeded: true
[Tue, 28 Jul 2026 18:29:37 IST] [INFO] CreateCompatibleDC succeeded: true
[Tue, 28 Jul 2026 18:29:37 IST] [INFO] CreateCompatibleBitmap succeeded: true
[Tue, 28 Jul 2026 18:29:37 IST] [INFO] SelectObject succeeded: true
[Tue, 28 Jul 2026 18:29:37 IST] [INFO] PrintWindow return value: 1
[Tue, 28 Jul 2026 18:29:37 IST] [INFO] Fallback PrintWindow() is executed: false
[Tue, 28 Jul 2026 18:29:37 IST] [INFO] GetDIBits return value: 768
[Tue, 28 Jul 2026 18:29:37 IST] [INFO] Number of scanlines copied: 768
[Tue, 28 Jul 2026 18:29:37 IST] [INFO] GetDIBits Width: 1024
[Tue, 28 Jul 2026 18:29:37 IST] [INFO] GetDIBits Height: 768
[Tue, 28 Jul 2026 18:29:37 IST] [INFO] Bitmap format: BI_RGB (32-bit)
[Tue, 28 Jul 2026 18:29:37 IST] [INFO] Non-black pixels: 494533
[Tue, 28 Jul 2026 18:29:37 IST] [INFO] Transparent pixels: 0
[Tue, 28 Jul 2026 18:29:37 IST] [INFO] Opaque pixels: 786432
[Tue, 28 Jul 2026 18:29:37 IST] [INFO] Dirty rectangle empty
[Tue, 28 Jul 2026 18:29:37 IST] [INFO] ========== Capture Tick ==========
[Tue, 28 Jul 2026 18:29:37 IST] [INFO] Current timestamp: 2026-07-28 18:29:37.6601131 +0530 IST m=+65.508828101
[Tue, 28 Jul 2026 18:29:37 IST] [INFO] HWND: 3935346
[Tue, 28 Jul 2026 18:29:37 IST] [INFO] FindWindowByPID() succeeded: true
[Tue, 28 Jul 2026 18:29:37 IST] [INFO] Process is still alive: true
[Tue, 28 Jul 2026 18:29:37 IST] [INFO] CaptureWindow entered
[Tue, 28 Jul 2026 18:29:37 IST] [INFO] HWND: 3935346
[Tue, 28 Jul 2026 18:29:37 IST] [INFO] Width: 1024, Height: 768
[Tue, 28 Jul 2026 18:29:37 IST] [INFO] GetWindowDC succeeded: true
[Tue, 28 Jul 2026 18:29:37 IST] [INFO] CreateCompatibleDC succeeded: true
[Tue, 28 Jul 2026 18:29:37 IST] [INFO] CreateCompatibleBitmap succeeded: true
[Tue, 28 Jul 2026 18:29:37 IST] [INFO] SelectObject succeeded: true
[Tue, 28 Jul 2026 18:29:37 IST] [INFO] PrintWindow return value: 1
[Tue, 28 Jul 2026 18:29:37 IST] [INFO] Fallback PrintWindow() is executed: false
[Tue, 28 Jul 2026 18:29:37 IST] [INFO] GetDIBits return value: 768
[Tue, 28 Jul 2026 18:29:37 IST] [INFO] Number of scanlines copied: 768
[Tue, 28 Jul 2026 18:29:37 IST] [INFO] GetDIBits Width: 1024
[Tue, 28 Jul 2026 18:29:37 IST] [INFO] GetDIBits Height: 768
[Tue, 28 Jul 2026 18:29:37 IST] [INFO] Bitmap format: BI_RGB (32-bit)
[Tue, 28 Jul 2026 18:29:37 IST] [INFO] Non-black pixels: 494533
[Tue, 28 Jul 2026 18:29:37 IST] [INFO] Transparent pixels: 0
[Tue, 28 Jul 2026 18:29:37 IST] [INFO] Opaque pixels: 786432
[Tue, 28 Jul 2026 18:29:37 IST] [INFO] Dirty rectangle empty
[Tue, 28 Jul 2026 18:29:37 IST] [INFO] ========== Capture Tick ==========
[Tue, 28 Jul 2026 18:29:37 IST] [INFO] Current timestamp: 2026-07-28 18:29:37.7603089 +0530 IST m=+65.609023901
[Tue, 28 Jul 2026 18:29:37 IST] [INFO] HWND: 3935346
[Tue, 28 Jul 2026 18:29:37 IST] [INFO] FindWindowByPID() succeeded: true
[Tue, 28 Jul 2026 18:29:37 IST] [INFO] Process is still alive: true
[Tue, 28 Jul 2026 18:29:37 IST] [INFO] CaptureWindow entered
[Tue, 28 Jul 2026 18:29:37 IST] [INFO] HWND: 3935346
[Tue, 28 Jul 2026 18:29:37 IST] [INFO] Width: 1024, Height: 768
[Tue, 28 Jul 2026 18:29:37 IST] [INFO] GetWindowDC succeeded: true
[Tue, 28 Jul 2026 18:29:37 IST] [INFO] CreateCompatibleDC succeeded: true
[Tue, 28 Jul 2026 18:29:37 IST] [INFO] CreateCompatibleBitmap succeeded: true
[Tue, 28 Jul 2026 18:29:37 IST] [INFO] SelectObject succeeded: true
[Tue, 28 Jul 2026 18:29:37 IST] [INFO] PrintWindow return value: 1
[Tue, 28 Jul 2026 18:29:37 IST] [INFO] Fallback PrintWindow() is executed: false
[Tue, 28 Jul 2026 18:29:37 IST] [INFO] GetDIBits return value: 768
[Tue, 28 Jul 2026 18:29:37 IST] [INFO] Number of scanlines copied: 768
[Tue, 28 Jul 2026 18:29:37 IST] [INFO] GetDIBits Width: 1024
[Tue, 28 Jul 2026 18:29:37 IST] [INFO] GetDIBits Height: 768
[Tue, 28 Jul 2026 18:29:37 IST] [INFO] Bitmap format: BI_RGB (32-bit)
[Tue, 28 Jul 2026 18:29:37 IST] [INFO] Non-black pixels: 494533
[Tue, 28 Jul 2026 18:29:37 IST] [INFO] Transparent pixels: 0
[Tue, 28 Jul 2026 18:29:37 IST] [INFO] Opaque pixels: 786432
[Tue, 28 Jul 2026 18:29:37 IST] [INFO] Dirty rectangle empty
[Tue, 28 Jul 2026 18:29:37 IST] [INFO] ========== Capture Tick ==========
[Tue, 28 Jul 2026 18:29:37 IST] [INFO] Current timestamp: 2026-07-28 18:29:37.8602323 +0530 IST m=+65.708947301
[Tue, 28 Jul 2026 18:29:37 IST] [INFO] HWND: 3935346
[Tue, 28 Jul 2026 18:29:37 IST] [INFO] FindWindowByPID() succeeded: true
[Tue, 28 Jul 2026 18:29:37 IST] [INFO] Process is still alive: true
[Tue, 28 Jul 2026 18:29:37 IST] [INFO] CaptureWindow entered
[Tue, 28 Jul 2026 18:29:37 IST] [INFO] HWND: 3935346
[Tue, 28 Jul 2026 18:29:37 IST] [INFO] Width: 1024, Height: 768
[Tue, 28 Jul 2026 18:29:37 IST] [INFO] GetWindowDC succeeded: true
[Tue, 28 Jul 2026 18:29:37 IST] [INFO] CreateCompatibleDC succeeded: true
[Tue, 28 Jul 2026 18:29:37 IST] [INFO] CreateCompatibleBitmap succeeded: true
[Tue, 28 Jul 2026 18:29:37 IST] [INFO] SelectObject succeeded: true
[Tue, 28 Jul 2026 18:29:37 IST] [INFO] PrintWindow return value: 1
[Tue, 28 Jul 2026 18:29:37 IST] [INFO] Fallback PrintWindow() is executed: false
[Tue, 28 Jul 2026 18:29:37 IST] [INFO] GetDIBits return value: 768
[Tue, 28 Jul 2026 18:29:37 IST] [INFO] Number of scanlines copied: 768
[Tue, 28 Jul 2026 18:29:37 IST] [INFO] GetDIBits Width: 1024
[Tue, 28 Jul 2026 18:29:37 IST] [INFO] GetDIBits Height: 768
[Tue, 28 Jul 2026 18:29:37 IST] [INFO] Bitmap format: BI_RGB (32-bit)
[Tue, 28 Jul 2026 18:29:37 IST] [INFO] Non-black pixels: 494533
[Tue, 28 Jul 2026 18:29:37 IST] [INFO] Transparent pixels: 0
[Tue, 28 Jul 2026 18:29:37 IST] [INFO] Opaque pixels: 786432
[Tue, 28 Jul 2026 18:29:37 IST] [INFO] Dirty rectangle empty
[Tue, 28 Jul 2026 18:29:37 IST] [INFO] ========== Capture Tick ==========
[Tue, 28 Jul 2026 18:29:37 IST] [INFO] Current timestamp: 2026-07-28 18:29:37.9598787 +0530 IST m=+65.808593701
[Tue, 28 Jul 2026 18:29:37 IST] [INFO] HWND: 3935346
[Tue, 28 Jul 2026 18:29:37 IST] [INFO] FindWindowByPID() succeeded: true
[Tue, 28 Jul 2026 18:29:37 IST] [INFO] Process is still alive: true
[Tue, 28 Jul 2026 18:29:37 IST] [INFO] CaptureWindow entered
[Tue, 28 Jul 2026 18:29:37 IST] [INFO] HWND: 3935346
[Tue, 28 Jul 2026 18:29:37 IST] [INFO] Width: 1024, Height: 768
[Tue, 28 Jul 2026 18:29:37 IST] [INFO] GetWindowDC succeeded: true
[Tue, 28 Jul 2026 18:29:37 IST] [INFO] CreateCompatibleDC succeeded: true
[Tue, 28 Jul 2026 18:29:37 IST] [INFO] CreateCompatibleBitmap succeeded: true
[Tue, 28 Jul 2026 18:29:37 IST] [INFO] SelectObject succeeded: true
[Tue, 28 Jul 2026 18:29:37 IST] [INFO] PrintWindow return value: 1
[Tue, 28 Jul 2026 18:29:37 IST] [INFO] Fallback PrintWindow() is executed: false
[Tue, 28 Jul 2026 18:29:37 IST] [INFO] GetDIBits return value: 768
[Tue, 28 Jul 2026 18:29:37 IST] [INFO] Number of scanlines copied: 768
[Tue, 28 Jul 2026 18:29:37 IST] [INFO] GetDIBits Width: 1024
[Tue, 28 Jul 2026 18:29:37 IST] [INFO] GetDIBits Height: 768
[Tue, 28 Jul 2026 18:29:37 IST] [INFO] Bitmap format: BI_RGB (32-bit)
[Tue, 28 Jul 2026 18:29:37 IST] [INFO] Non-black pixels: 494533
[Tue, 28 Jul 2026 18:29:37 IST] [INFO] Transparent pixels: 0
[Tue, 28 Jul 2026 18:29:37 IST] [INFO] Opaque pixels: 786432
[Tue, 28 Jul 2026 18:29:37 IST] [INFO] Dirty rectangle empty
[Tue, 28 Jul 2026 18:29:38 IST] [INFO] ========== Capture Tick ==========
[Tue, 28 Jul 2026 18:29:38 IST] [INFO] Current timestamp: 2026-07-28 18:29:38.0599351 +0530 IST m=+65.908650101
[Tue, 28 Jul 2026 18:29:38 IST] [INFO] HWND: 3935346
[Tue, 28 Jul 2026 18:29:38 IST] [INFO] FindWindowByPID() succeeded: true
[Tue, 28 Jul 2026 18:29:38 IST] [INFO] Process is still alive: true
[Tue, 28 Jul 2026 18:29:38 IST] [INFO] CaptureWindow entered
[Tue, 28 Jul 2026 18:29:38 IST] [INFO] HWND: 3935346
[Tue, 28 Jul 2026 18:29:38 IST] [INFO] Width: 1024, Height: 768
[Tue, 28 Jul 2026 18:29:38 IST] [INFO] GetWindowDC succeeded: true
[Tue, 28 Jul 2026 18:29:38 IST] [INFO] CreateCompatibleDC succeeded: true
[Tue, 28 Jul 2026 18:29:38 IST] [INFO] CreateCompatibleBitmap succeeded: true
[Tue, 28 Jul 2026 18:29:38 IST] [INFO] SelectObject succeeded: true
[Tue, 28 Jul 2026 18:29:38 IST] [INFO] PrintWindow return value: 1
[Tue, 28 Jul 2026 18:29:38 IST] [INFO] Fallback PrintWindow() is executed: false
[Tue, 28 Jul 2026 18:29:38 IST] [INFO] GetDIBits return value: 768
[Tue, 28 Jul 2026 18:29:38 IST] [INFO] Number of scanlines copied: 768
[Tue, 28 Jul 2026 18:29:38 IST] [INFO] GetDIBits Width: 1024
[Tue, 28 Jul 2026 18:29:38 IST] [INFO] GetDIBits Height: 768
[Tue, 28 Jul 2026 18:29:38 IST] [INFO] Bitmap format: BI_RGB (32-bit)
[Tue, 28 Jul 2026 18:29:38 IST] [INFO] Non-black pixels: 494533
[Tue, 28 Jul 2026 18:29:38 IST] [INFO] Transparent pixels: 0
[Tue, 28 Jul 2026 18:29:38 IST] [INFO] Opaque pixels: 786432
[Tue, 28 Jul 2026 18:29:38 IST] [INFO] Dirty rectangle empty
[Tue, 28 Jul 2026 18:29:38 IST] [INFO] ========== Capture Tick ==========
[Tue, 28 Jul 2026 18:29:38 IST] [INFO] Current timestamp: 2026-07-28 18:29:38.1601867 +0530 IST m=+66.008901701
[Tue, 28 Jul 2026 18:29:38 IST] [INFO] HWND: 3935346
[Tue, 28 Jul 2026 18:29:38 IST] [INFO] FindWindowByPID() succeeded: true
[Tue, 28 Jul 2026 18:29:38 IST] [INFO] Process is still alive: true
[Tue, 28 Jul 2026 18:29:38 IST] [INFO] CaptureWindow entered
[Tue, 28 Jul 2026 18:29:38 IST] [INFO] HWND: 3935346
[Tue, 28 Jul 2026 18:29:38 IST] [INFO] Width: 1024, Height: 768
[Tue, 28 Jul 2026 18:29:38 IST] [INFO] GetWindowDC succeeded: true
[Tue, 28 Jul 2026 18:29:38 IST] [INFO] CreateCompatibleDC succeeded: true
[Tue, 28 Jul 2026 18:29:38 IST] [INFO] CreateCompatibleBitmap succeeded: true
[Tue, 28 Jul 2026 18:29:38 IST] [INFO] SelectObject succeeded: true
[Tue, 28 Jul 2026 18:29:38 IST] [INFO] PrintWindow return value: 1
[Tue, 28 Jul 2026 18:29:38 IST] [INFO] Fallback PrintWindow() is executed: false
[Tue, 28 Jul 2026 18:29:38 IST] [INFO] GetDIBits return value: 768
[Tue, 28 Jul 2026 18:29:38 IST] [INFO] Number of scanlines copied: 768
[Tue, 28 Jul 2026 18:29:38 IST] [INFO] GetDIBits Width: 1024
[Tue, 28 Jul 2026 18:29:38 IST] [INFO] GetDIBits Height: 768
[Tue, 28 Jul 2026 18:29:38 IST] [INFO] Bitmap format: BI_RGB (32-bit)
[Tue, 28 Jul 2026 18:29:38 IST] [INFO] Non-black pixels: 494533
[Tue, 28 Jul 2026 18:29:38 IST] [INFO] Transparent pixels: 0
[Tue, 28 Jul 2026 18:29:38 IST] [INFO] Opaque pixels: 786432
[Tue, 28 Jul 2026 18:29:38 IST] [INFO] Dirty rectangle empty
[Tue, 28 Jul 2026 18:29:38 IST] [INFO] ========== Capture Tick ==========
[Tue, 28 Jul 2026 18:29:38 IST] [INFO] Current timestamp: 2026-07-28 18:29:38.2598312 +0530 IST m=+66.108546201
[Tue, 28 Jul 2026 18:29:38 IST] [INFO] HWND: 3935346
[Tue, 28 Jul 2026 18:29:38 IST] [INFO] FindWindowByPID() succeeded: true
[Tue, 28 Jul 2026 18:29:38 IST] [INFO] Process is still alive: true
[Tue, 28 Jul 2026 18:29:38 IST] [INFO] CaptureWindow entered
[Tue, 28 Jul 2026 18:29:38 IST] [INFO] HWND: 3935346
[Tue, 28 Jul 2026 18:29:38 IST] [INFO] Width: 1024, Height: 768
[Tue, 28 Jul 2026 18:29:38 IST] [INFO] GetWindowDC succeeded: true
[Tue, 28 Jul 2026 18:29:38 IST] [INFO] CreateCompatibleDC succeeded: true
[Tue, 28 Jul 2026 18:29:38 IST] [INFO] CreateCompatibleBitmap succeeded: true
[Tue, 28 Jul 2026 18:29:38 IST] [INFO] SelectObject succeeded: true
[Tue, 28 Jul 2026 18:29:38 IST] [INFO] PrintWindow return value: 1
[Tue, 28 Jul 2026 18:29:38 IST] [INFO] Fallback PrintWindow() is executed: false
[Tue, 28 Jul 2026 18:29:38 IST] [INFO] GetDIBits return value: 768
[Tue, 28 Jul 2026 18:29:38 IST] [INFO] Number of scanlines copied: 768
[Tue, 28 Jul 2026 18:29:38 IST] [INFO] GetDIBits Width: 1024
[Tue, 28 Jul 2026 18:29:38 IST] [INFO] GetDIBits Height: 768
[Tue, 28 Jul 2026 18:29:38 IST] [INFO] Bitmap format: BI_RGB (32-bit)
[Tue, 28 Jul 2026 18:29:38 IST] [INFO] Non-black pixels: 494533
[Tue, 28 Jul 2026 18:29:38 IST] [INFO] Transparent pixels: 0
[Tue, 28 Jul 2026 18:29:38 IST] [INFO] Opaque pixels: 786432
[Tue, 28 Jul 2026 18:29:38 IST] [INFO] Dirty rectangle empty
[Tue, 28 Jul 2026 18:29:38 IST] [INFO] ========== Capture Tick ==========
[Tue, 28 Jul 2026 18:29:38 IST] [INFO] Current timestamp: 2026-07-28 18:29:38.35986 +0530 IST m=+66.208575001
[Tue, 28 Jul 2026 18:29:38 IST] [INFO] HWND: 3935346
[Tue, 28 Jul 2026 18:29:38 IST] [INFO] FindWindowByPID() succeeded: true
[Tue, 28 Jul 2026 18:29:38 IST] [INFO] Process is still alive: true
[Tue, 28 Jul 2026 18:29:38 IST] [INFO] CaptureWindow entered
[Tue, 28 Jul 2026 18:29:38 IST] [INFO] HWND: 3935346
[Tue, 28 Jul 2026 18:29:38 IST] [INFO] Width: 1024, Height: 768
[Tue, 28 Jul 2026 18:29:38 IST] [INFO] GetWindowDC succeeded: true
[Tue, 28 Jul 2026 18:29:38 IST] [INFO] CreateCompatibleDC succeeded: true
[Tue, 28 Jul 2026 18:29:38 IST] [INFO] CreateCompatibleBitmap succeeded: true
[Tue, 28 Jul 2026 18:29:38 IST] [INFO] SelectObject succeeded: true
[Tue, 28 Jul 2026 18:29:38 IST] [INFO] PrintWindow return value: 1
[Tue, 28 Jul 2026 18:29:38 IST] [INFO] Fallback PrintWindow() is executed: false
[Tue, 28 Jul 2026 18:29:38 IST] [INFO] GetDIBits return value: 768
[Tue, 28 Jul 2026 18:29:38 IST] [INFO] Number of scanlines copied: 768
[Tue, 28 Jul 2026 18:29:38 IST] [INFO] GetDIBits Width: 1024
[Tue, 28 Jul 2026 18:29:38 IST] [INFO] GetDIBits Height: 768
[Tue, 28 Jul 2026 18:29:38 IST] [INFO] Bitmap format: BI_RGB (32-bit)
[Tue, 28 Jul 2026 18:29:38 IST] [INFO] Non-black pixels: 494533
[Tue, 28 Jul 2026 18:29:38 IST] [INFO] Transparent pixels: 0
[Tue, 28 Jul 2026 18:29:38 IST] [INFO] Opaque pixels: 786432
[Tue, 28 Jul 2026 18:29:38 IST] [INFO] Dirty rectangle empty
[Tue, 28 Jul 2026 18:29:38 IST] [INFO] ========== Capture Tick ==========
[Tue, 28 Jul 2026 18:29:38 IST] [INFO] Current timestamp: 2026-07-28 18:29:38.459982 +0530 IST m=+66.308697001
[Tue, 28 Jul 2026 18:29:38 IST] [INFO] HWND: 3935346
[Tue, 28 Jul 2026 18:29:38 IST] [INFO] FindWindowByPID() succeeded: true
[Tue, 28 Jul 2026 18:29:38 IST] [INFO] Process is still alive: true
[Tue, 28 Jul 2026 18:29:38 IST] [INFO] CaptureWindow entered
[Tue, 28 Jul 2026 18:29:38 IST] [INFO] HWND: 3935346
[Tue, 28 Jul 2026 18:29:38 IST] [INFO] Width: 1024, Height: 768
[Tue, 28 Jul 2026 18:29:38 IST] [INFO] GetWindowDC succeeded: true
[Tue, 28 Jul 2026 18:29:38 IST] [INFO] CreateCompatibleDC succeeded: true
[Tue, 28 Jul 2026 18:29:38 IST] [INFO] CreateCompatibleBitmap succeeded: true
[Tue, 28 Jul 2026 18:29:38 IST] [INFO] SelectObject succeeded: true
[Tue, 28 Jul 2026 18:29:38 IST] [INFO] PrintWindow return value: 1
[Tue, 28 Jul 2026 18:29:38 IST] [INFO] Fallback PrintWindow() is executed: false
[Tue, 28 Jul 2026 18:29:38 IST] [INFO] GetDIBits return value: 768
[Tue, 28 Jul 2026 18:29:38 IST] [INFO] Number of scanlines copied: 768
[Tue, 28 Jul 2026 18:29:38 IST] [INFO] GetDIBits Width: 1024
[Tue, 28 Jul 2026 18:29:38 IST] [INFO] GetDIBits Height: 768
[Tue, 28 Jul 2026 18:29:38 IST] [INFO] Bitmap format: BI_RGB (32-bit)
[Tue, 28 Jul 2026 18:29:38 IST] [INFO] Non-black pixels: 494533
[Tue, 28 Jul 2026 18:29:38 IST] [INFO] Transparent pixels: 0
[Tue, 28 Jul 2026 18:29:38 IST] [INFO] Opaque pixels: 786432
[Tue, 28 Jul 2026 18:29:38 IST] [INFO] Dirty rectangle empty
[Tue, 28 Jul 2026 18:29:38 IST] [INFO] ========== Capture Tick ==========
[Tue, 28 Jul 2026 18:29:38 IST] [INFO] Current timestamp: 2026-07-28 18:29:38.5607176 +0530 IST m=+66.409432601
[Tue, 28 Jul 2026 18:29:38 IST] [INFO] HWND: 3935346
[Tue, 28 Jul 2026 18:29:38 IST] [INFO] FindWindowByPID() succeeded: true
[Tue, 28 Jul 2026 18:29:38 IST] [INFO] Process is still alive: true
[Tue, 28 Jul 2026 18:29:38 IST] [INFO] CaptureWindow entered
[Tue, 28 Jul 2026 18:29:38 IST] [INFO] HWND: 3935346
[Tue, 28 Jul 2026 18:29:38 IST] [INFO] Width: 1024, Height: 768
[Tue, 28 Jul 2026 18:29:38 IST] [INFO] GetWindowDC succeeded: true
[Tue, 28 Jul 2026 18:29:38 IST] [INFO] CreateCompatibleDC succeeded: true
[Tue, 28 Jul 2026 18:29:38 IST] [INFO] CreateCompatibleBitmap succeeded: true
[Tue, 28 Jul 2026 18:29:38 IST] [INFO] SelectObject succeeded: true
[Tue, 28 Jul 2026 18:29:38 IST] [INFO] PrintWindow return value: 1
[Tue, 28 Jul 2026 18:29:38 IST] [INFO] Fallback PrintWindow() is executed: false
[Tue, 28 Jul 2026 18:29:38 IST] [INFO] GetDIBits return value: 768
[Tue, 28 Jul 2026 18:29:38 IST] [INFO] Number of scanlines copied: 768
[Tue, 28 Jul 2026 18:29:38 IST] [INFO] GetDIBits Width: 1024
[Tue, 28 Jul 2026 18:29:38 IST] [INFO] GetDIBits Height: 768
[Tue, 28 Jul 2026 18:29:38 IST] [INFO] Bitmap format: BI_RGB (32-bit)
[Tue, 28 Jul 2026 18:29:38 IST] [INFO] Non-black pixels: 494533
[Tue, 28 Jul 2026 18:29:38 IST] [INFO] Transparent pixels: 0
[Tue, 28 Jul 2026 18:29:38 IST] [INFO] Opaque pixels: 786432
[Tue, 28 Jul 2026 18:29:38 IST] [INFO] Dirty rectangle empty
[Tue, 28 Jul 2026 18:29:38 IST] [INFO] ========== Capture Tick ==========
[Tue, 28 Jul 2026 18:29:38 IST] [INFO] Current timestamp: 2026-07-28 18:29:38.6603861 +0530 IST m=+66.509101101
[Tue, 28 Jul 2026 18:29:38 IST] [INFO] HWND: 3935346
[Tue, 28 Jul 2026 18:29:38 IST] [INFO] FindWindowByPID() succeeded: true
[Tue, 28 Jul 2026 18:29:38 IST] [INFO] Process is still alive: true
[Tue, 28 Jul 2026 18:29:38 IST] [INFO] CaptureWindow entered
[Tue, 28 Jul 2026 18:29:38 IST] [INFO] HWND: 3935346
[Tue, 28 Jul 2026 18:29:38 IST] [INFO] Width: 1024, Height: 768
[Tue, 28 Jul 2026 18:29:38 IST] [INFO] GetWindowDC succeeded: true
[Tue, 28 Jul 2026 18:29:38 IST] [INFO] CreateCompatibleDC succeeded: true
[Tue, 28 Jul 2026 18:29:38 IST] [INFO] CreateCompatibleBitmap succeeded: true
[Tue, 28 Jul 2026 18:29:38 IST] [INFO] SelectObject succeeded: true
[Tue, 28 Jul 2026 18:29:38 IST] [INFO] PrintWindow return value: 1
[Tue, 28 Jul 2026 18:29:38 IST] [INFO] Fallback PrintWindow() is executed: false
[Tue, 28 Jul 2026 18:29:38 IST] [INFO] GetDIBits return value: 768
[Tue, 28 Jul 2026 18:29:38 IST] [INFO] Number of scanlines copied: 768
[Tue, 28 Jul 2026 18:29:38 IST] [INFO] GetDIBits Width: 1024
[Tue, 28 Jul 2026 18:29:38 IST] [INFO] GetDIBits Height: 768
[Tue, 28 Jul 2026 18:29:38 IST] [INFO] Bitmap format: BI_RGB (32-bit)
[Tue, 28 Jul 2026 18:29:38 IST] [INFO] Non-black pixels: 494533
[Tue, 28 Jul 2026 18:29:38 IST] [INFO] Transparent pixels: 0
[Tue, 28 Jul 2026 18:29:38 IST] [INFO] Opaque pixels: 786432
[Tue, 28 Jul 2026 18:29:38 IST] [INFO] Dirty rectangle empty
[Tue, 28 Jul 2026 18:29:38 IST] [INFO] ========== Capture Tick ==========
[Tue, 28 Jul 2026 18:29:38 IST] [INFO] Current timestamp: 2026-07-28 18:29:38.7602421 +0530 IST m=+66.608957101
[Tue, 28 Jul 2026 18:29:38 IST] [INFO] HWND: 3935346
[Tue, 28 Jul 2026 18:29:38 IST] [INFO] FindWindowByPID() succeeded: true
[Tue, 28 Jul 2026 18:29:38 IST] [INFO] Process is still alive: true
[Tue, 28 Jul 2026 18:29:38 IST] [INFO] CaptureWindow entered
[Tue, 28 Jul 2026 18:29:38 IST] [INFO] HWND: 3935346
[Tue, 28 Jul 2026 18:29:38 IST] [INFO] Width: 1024, Height: 768
[Tue, 28 Jul 2026 18:29:38 IST] [INFO] GetWindowDC succeeded: true
[Tue, 28 Jul 2026 18:29:38 IST] [INFO] CreateCompatibleDC succeeded: true
[Tue, 28 Jul 2026 18:29:38 IST] [INFO] CreateCompatibleBitmap succeeded: true
[Tue, 28 Jul 2026 18:29:38 IST] [INFO] SelectObject succeeded: true
[Tue, 28 Jul 2026 18:29:38 IST] [INFO] PrintWindow return value: 1
[Tue, 28 Jul 2026 18:29:38 IST] [INFO] Fallback PrintWindow() is executed: false
[Tue, 28 Jul 2026 18:29:38 IST] [INFO] GetDIBits return value: 768
[Tue, 28 Jul 2026 18:29:38 IST] [INFO] Number of scanlines copied: 768
[Tue, 28 Jul 2026 18:29:38 IST] [INFO] GetDIBits Width: 1024
[Tue, 28 Jul 2026 18:29:38 IST] [INFO] GetDIBits Height: 768
[Tue, 28 Jul 2026 18:29:38 IST] [INFO] Bitmap format: BI_RGB (32-bit)
[Tue, 28 Jul 2026 18:29:38 IST] [INFO] Non-black pixels: 494533
[Tue, 28 Jul 2026 18:29:38 IST] [INFO] Transparent pixels: 0
[Tue, 28 Jul 2026 18:29:38 IST] [INFO] Opaque pixels: 786432
[Tue, 28 Jul 2026 18:29:38 IST] [INFO] Dirty rectangle empty
[Tue, 28 Jul 2026 18:29:38 IST] [INFO] ========== Capture Tick ==========
[Tue, 28 Jul 2026 18:29:38 IST] [INFO] Current timestamp: 2026-07-28 18:29:38.8598367 +0530 IST m=+66.708551701
[Tue, 28 Jul 2026 18:29:38 IST] [INFO] HWND: 3935346
[Tue, 28 Jul 2026 18:29:38 IST] [INFO] FindWindowByPID() succeeded: true
[Tue, 28 Jul 2026 18:29:38 IST] [INFO] Process is still alive: true
[Tue, 28 Jul 2026 18:29:38 IST] [INFO] CaptureWindow entered
[Tue, 28 Jul 2026 18:29:38 IST] [INFO] HWND: 3935346
[Tue, 28 Jul 2026 18:29:38 IST] [INFO] Width: 1024, Height: 768
[Tue, 28 Jul 2026 18:29:38 IST] [INFO] GetWindowDC succeeded: true
[Tue, 28 Jul 2026 18:29:38 IST] [INFO] CreateCompatibleDC succeeded: true
[Tue, 28 Jul 2026 18:29:38 IST] [INFO] CreateCompatibleBitmap succeeded: true
[Tue, 28 Jul 2026 18:29:38 IST] [INFO] SelectObject succeeded: true
[Tue, 28 Jul 2026 18:29:38 IST] [INFO] PrintWindow return value: 1
[Tue, 28 Jul 2026 18:29:38 IST] [INFO] Fallback PrintWindow() is executed: false
[Tue, 28 Jul 2026 18:29:38 IST] [INFO] GetDIBits return value: 768
[Tue, 28 Jul 2026 18:29:38 IST] [INFO] Number of scanlines copied: 768
[Tue, 28 Jul 2026 18:29:38 IST] [INFO] GetDIBits Width: 1024
[Tue, 28 Jul 2026 18:29:38 IST] [INFO] GetDIBits Height: 768
[Tue, 28 Jul 2026 18:29:38 IST] [INFO] Bitmap format: BI_RGB (32-bit)
[Tue, 28 Jul 2026 18:29:38 IST] [INFO] Non-black pixels: 494533
[Tue, 28 Jul 2026 18:29:38 IST] [INFO] Transparent pixels: 0
[Tue, 28 Jul 2026 18:29:38 IST] [INFO] Opaque pixels: 786432
[Tue, 28 Jul 2026 18:29:38 IST] [INFO] Dirty rectangle empty
[Tue, 28 Jul 2026 18:29:38 IST] [INFO] ========== Capture Tick ==========
[Tue, 28 Jul 2026 18:29:38 IST] [INFO] Current timestamp: 2026-07-28 18:29:38.9600409 +0530 IST m=+66.808755901
[Tue, 28 Jul 2026 18:29:38 IST] [INFO] HWND: 3935346
[Tue, 28 Jul 2026 18:29:38 IST] [INFO] FindWindowByPID() succeeded: true
[Tue, 28 Jul 2026 18:29:38 IST] [INFO] Process is still alive: true
[Tue, 28 Jul 2026 18:29:38 IST] [INFO] CaptureWindow entered
[Tue, 28 Jul 2026 18:29:38 IST] [INFO] HWND: 3935346
[Tue, 28 Jul 2026 18:29:38 IST] [INFO] Width: 1024, Height: 768
[Tue, 28 Jul 2026 18:29:38 IST] [INFO] GetWindowDC succeeded: true
[Tue, 28 Jul 2026 18:29:38 IST] [INFO] CreateCompatibleDC succeeded: true
[Tue, 28 Jul 2026 18:29:38 IST] [INFO] CreateCompatibleBitmap succeeded: true
[Tue, 28 Jul 2026 18:29:38 IST] [INFO] SelectObject succeeded: true
[Tue, 28 Jul 2026 18:29:38 IST] [INFO] PrintWindow return value: 1
[Tue, 28 Jul 2026 18:29:38 IST] [INFO] Fallback PrintWindow() is executed: false
[Tue, 28 Jul 2026 18:29:38 IST] [INFO] GetDIBits return value: 768
[Tue, 28 Jul 2026 18:29:38 IST] [INFO] Number of scanlines copied: 768
[Tue, 28 Jul 2026 18:29:38 IST] [INFO] GetDIBits Width: 1024
[Tue, 28 Jul 2026 18:29:38 IST] [INFO] GetDIBits Height: 768
[Tue, 28 Jul 2026 18:29:38 IST] [INFO] Bitmap format: BI_RGB (32-bit)
[Tue, 28 Jul 2026 18:29:38 IST] [INFO] Non-black pixels: 494533
[Tue, 28 Jul 2026 18:29:38 IST] [INFO] Transparent pixels: 0
[Tue, 28 Jul 2026 18:29:38 IST] [INFO] Opaque pixels: 786432
[Tue, 28 Jul 2026 18:29:39 IST] [INFO] Dirty rectangle empty
[Tue, 28 Jul 2026 18:29:39 IST] [INFO] ========== Capture Tick ==========
[Tue, 28 Jul 2026 18:29:39 IST] [INFO] Current timestamp: 2026-07-28 18:29:39.0603434 +0530 IST m=+66.909058401
[Tue, 28 Jul 2026 18:29:39 IST] [INFO] HWND: 3935346
[Tue, 28 Jul 2026 18:29:39 IST] [INFO] FindWindowByPID() succeeded: true
[Tue, 28 Jul 2026 18:29:39 IST] [INFO] Process is still alive: true
[Tue, 28 Jul 2026 18:29:39 IST] [INFO] CaptureWindow entered
[Tue, 28 Jul 2026 18:29:39 IST] [INFO] HWND: 3935346
[Tue, 28 Jul 2026 18:29:39 IST] [INFO] Width: 1024, Height: 768
[Tue, 28 Jul 2026 18:29:39 IST] [INFO] GetWindowDC succeeded: true
[Tue, 28 Jul 2026 18:29:39 IST] [INFO] CreateCompatibleDC succeeded: true
[Tue, 28 Jul 2026 18:29:39 IST] [INFO] CreateCompatibleBitmap succeeded: true
[Tue, 28 Jul 2026 18:29:39 IST] [INFO] SelectObject succeeded: true
[Tue, 28 Jul 2026 18:29:39 IST] [INFO] PrintWindow return value: 1
[Tue, 28 Jul 2026 18:29:39 IST] [INFO] Fallback PrintWindow() is executed: false
[Tue, 28 Jul 2026 18:29:39 IST] [INFO] GetDIBits return value: 768
[Tue, 28 Jul 2026 18:29:39 IST] [INFO] Number of scanlines copied: 768
[Tue, 28 Jul 2026 18:29:39 IST] [INFO] GetDIBits Width: 1024
[Tue, 28 Jul 2026 18:29:39 IST] [INFO] GetDIBits Height: 768
[Tue, 28 Jul 2026 18:29:39 IST] [INFO] Bitmap format: BI_RGB (32-bit)
[Tue, 28 Jul 2026 18:29:39 IST] [INFO] Non-black pixels: 494533
[Tue, 28 Jul 2026 18:29:39 IST] [INFO] Transparent pixels: 0
[Tue, 28 Jul 2026 18:29:39 IST] [INFO] Opaque pixels: 786432
[Tue, 28 Jul 2026 18:29:39 IST] [INFO] Dirty rectangle empty
[Tue, 28 Jul 2026 18:29:39 IST] [INFO] ========== Capture Tick ==========
[Tue, 28 Jul 2026 18:29:39 IST] [INFO] Current timestamp: 2026-07-28 18:29:39.1602883 +0530 IST m=+67.009003301
[Tue, 28 Jul 2026 18:29:39 IST] [INFO] HWND: 3935346
[Tue, 28 Jul 2026 18:29:39 IST] [INFO] FindWindowByPID() succeeded: true
[Tue, 28 Jul 2026 18:29:39 IST] [INFO] Process is still alive: true
[Tue, 28 Jul 2026 18:29:39 IST] [INFO] CaptureWindow entered
[Tue, 28 Jul 2026 18:29:39 IST] [INFO] HWND: 3935346
[Tue, 28 Jul 2026 18:29:39 IST] [INFO] Width: 1024, Height: 768
[Tue, 28 Jul 2026 18:29:39 IST] [INFO] GetWindowDC succeeded: true
[Tue, 28 Jul 2026 18:29:39 IST] [INFO] CreateCompatibleDC succeeded: true
[Tue, 28 Jul 2026 18:29:39 IST] [INFO] CreateCompatibleBitmap succeeded: true
[Tue, 28 Jul 2026 18:29:39 IST] [INFO] SelectObject succeeded: true
[Tue, 28 Jul 2026 18:29:39 IST] [INFO] PrintWindow return value: 1
[Tue, 28 Jul 2026 18:29:39 IST] [INFO] Fallback PrintWindow() is executed: false
[Tue, 28 Jul 2026 18:29:39 IST] [INFO] GetDIBits return value: 768
[Tue, 28 Jul 2026 18:29:39 IST] [INFO] Number of scanlines copied: 768
[Tue, 28 Jul 2026 18:29:39 IST] [INFO] GetDIBits Width: 1024
[Tue, 28 Jul 2026 18:29:39 IST] [INFO] GetDIBits Height: 768
[Tue, 28 Jul 2026 18:29:39 IST] [INFO] Bitmap format: BI_RGB (32-bit)
[Tue, 28 Jul 2026 18:29:39 IST] [INFO] Non-black pixels: 494533
[Tue, 28 Jul 2026 18:29:39 IST] [INFO] Transparent pixels: 0
[Tue, 28 Jul 2026 18:29:39 IST] [INFO] Opaque pixels: 786432
[Tue, 28 Jul 2026 18:29:39 IST] [INFO] Dirty rectangle empty
[Tue, 28 Jul 2026 18:29:39 IST] [INFO] ========== Capture Tick ==========
[Tue, 28 Jul 2026 18:29:39 IST] [INFO] Current timestamp: 2026-07-28 18:29:39.2602423 +0530 IST m=+67.108957301
[Tue, 28 Jul 2026 18:29:39 IST] [INFO] HWND: 3935346
[Tue, 28 Jul 2026 18:29:39 IST] [INFO] FindWindowByPID() succeeded: true
[Tue, 28 Jul 2026 18:29:39 IST] [INFO] Process is still alive: true
[Tue, 28 Jul 2026 18:29:39 IST] [INFO] CaptureWindow entered
[Tue, 28 Jul 2026 18:29:39 IST] [INFO] HWND: 3935346
[Tue, 28 Jul 2026 18:29:39 IST] [INFO] Width: 1024, Height: 768
[Tue, 28 Jul 2026 18:29:39 IST] [INFO] GetWindowDC succeeded: true
[Tue, 28 Jul 2026 18:29:39 IST] [INFO] CreateCompatibleDC succeeded: true
[Tue, 28 Jul 2026 18:29:39 IST] [INFO] CreateCompatibleBitmap succeeded: true
[Tue, 28 Jul 2026 18:29:39 IST] [INFO] SelectObject succeeded: true
[Tue, 28 Jul 2026 18:29:39 IST] [INFO] PrintWindow return value: 1
[Tue, 28 Jul 2026 18:29:39 IST] [INFO] Fallback PrintWindow() is executed: false
[Tue, 28 Jul 2026 18:29:39 IST] [INFO] GetDIBits return value: 768
[Tue, 28 Jul 2026 18:29:39 IST] [INFO] Number of scanlines copied: 768
[Tue, 28 Jul 2026 18:29:39 IST] [INFO] GetDIBits Width: 1024
[Tue, 28 Jul 2026 18:29:39 IST] [INFO] GetDIBits Height: 768
[Tue, 28 Jul 2026 18:29:39 IST] [INFO] Bitmap format: BI_RGB (32-bit)
[Tue, 28 Jul 2026 18:29:39 IST] [INFO] Non-black pixels: 494533
[Tue, 28 Jul 2026 18:29:39 IST] [INFO] Transparent pixels: 0
[Tue, 28 Jul 2026 18:29:39 IST] [INFO] Opaque pixels: 786432
[Tue, 28 Jul 2026 18:29:39 IST] [INFO] Dirty rectangle empty
[Tue, 28 Jul 2026 18:29:39 IST] [INFO] ========== Capture Tick ==========
[Tue, 28 Jul 2026 18:29:39 IST] [INFO] Current timestamp: 2026-07-28 18:29:39.3600481 +0530 IST m=+67.208763101
[Tue, 28 Jul 2026 18:29:39 IST] [INFO] HWND: 3935346
[Tue, 28 Jul 2026 18:29:39 IST] [INFO] FindWindowByPID() succeeded: true
[Tue, 28 Jul 2026 18:29:39 IST] [INFO] Process is still alive: true
[Tue, 28 Jul 2026 18:29:39 IST] [INFO] CaptureWindow entered
[Tue, 28 Jul 2026 18:29:39 IST] [INFO] HWND: 3935346
[Tue, 28 Jul 2026 18:29:39 IST] [INFO] Width: 1024, Height: 768
[Tue, 28 Jul 2026 18:29:39 IST] [INFO] GetWindowDC succeeded: true
[Tue, 28 Jul 2026 18:29:39 IST] [INFO] CreateCompatibleDC succeeded: true
[Tue, 28 Jul 2026 18:29:39 IST] [INFO] CreateCompatibleBitmap succeeded: true
[Tue, 28 Jul 2026 18:29:39 IST] [INFO] SelectObject succeeded: true
[Tue, 28 Jul 2026 18:29:39 IST] [INFO] PrintWindow return value: 1
[Tue, 28 Jul 2026 18:29:39 IST] [INFO] Fallback PrintWindow() is executed: false
[Tue, 28 Jul 2026 18:29:39 IST] [INFO] GetDIBits return value: 768
[Tue, 28 Jul 2026 18:29:39 IST] [INFO] Number of scanlines copied: 768
[Tue, 28 Jul 2026 18:29:39 IST] [INFO] GetDIBits Width: 1024
[Tue, 28 Jul 2026 18:29:39 IST] [INFO] GetDIBits Height: 768
[Tue, 28 Jul 2026 18:29:39 IST] [INFO] Bitmap format: BI_RGB (32-bit)
[Tue, 28 Jul 2026 18:29:39 IST] [INFO] Non-black pixels: 494533
[Tue, 28 Jul 2026 18:29:39 IST] [INFO] Transparent pixels: 0
[Tue, 28 Jul 2026 18:29:39 IST] [INFO] Opaque pixels: 786432
[Tue, 28 Jul 2026 18:29:39 IST] [INFO] Dirty rectangle empty
[Tue, 28 Jul 2026 18:29:39 IST] [INFO] ========== Capture Tick ==========
[Tue, 28 Jul 2026 18:29:39 IST] [INFO] Current timestamp: 2026-07-28 18:29:39.4603552 +0530 IST m=+67.309070201
[Tue, 28 Jul 2026 18:29:39 IST] [INFO] HWND: 3935346
[Tue, 28 Jul 2026 18:29:39 IST] [INFO] FindWindowByPID() succeeded: true
[Tue, 28 Jul 2026 18:29:39 IST] [INFO] Process is still alive: true
[Tue, 28 Jul 2026 18:29:39 IST] [INFO] CaptureWindow entered
[Tue, 28 Jul 2026 18:29:39 IST] [INFO] HWND: 3935346
[Tue, 28 Jul 2026 18:29:39 IST] [INFO] Width: 1024, Height: 768
[Tue, 28 Jul 2026 18:29:39 IST] [INFO] GetWindowDC succeeded: true
[Tue, 28 Jul 2026 18:29:39 IST] [INFO] CreateCompatibleDC succeeded: true
[Tue, 28 Jul 2026 18:29:39 IST] [INFO] CreateCompatibleBitmap succeeded: true
[Tue, 28 Jul 2026 18:29:39 IST] [INFO] SelectObject succeeded: true
[Tue, 28 Jul 2026 18:29:39 IST] [INFO] PrintWindow return value: 1
[Tue, 28 Jul 2026 18:29:39 IST] [INFO] Fallback PrintWindow() is executed: false
[Tue, 28 Jul 2026 18:29:39 IST] [INFO] GetDIBits return value: 768
[Tue, 28 Jul 2026 18:29:39 IST] [INFO] Number of scanlines copied: 768
[Tue, 28 Jul 2026 18:29:39 IST] [INFO] GetDIBits Width: 1024
[Tue, 28 Jul 2026 18:29:39 IST] [INFO] GetDIBits Height: 768
[Tue, 28 Jul 2026 18:29:39 IST] [INFO] Bitmap format: BI_RGB (32-bit)
[Tue, 28 Jul 2026 18:29:39 IST] [INFO] Non-black pixels: 494533
[Tue, 28 Jul 2026 18:29:39 IST] [INFO] Transparent pixels: 0
[Tue, 28 Jul 2026 18:29:39 IST] [INFO] Opaque pixels: 786432
[Tue, 28 Jul 2026 18:29:39 IST] [INFO] Dirty rectangle empty
[Tue, 28 Jul 2026 18:29:39 IST] [INFO] ========== Capture Tick ==========
[Tue, 28 Jul 2026 18:29:39 IST] [INFO] Current timestamp: 2026-07-28 18:29:39.5603057 +0530 IST m=+67.409020701
[Tue, 28 Jul 2026 18:29:39 IST] [INFO] HWND: 3935346
[Tue, 28 Jul 2026 18:29:39 IST] [INFO] FindWindowByPID() succeeded: true
[Tue, 28 Jul 2026 18:29:39 IST] [INFO] Process is still alive: true
[Tue, 28 Jul 2026 18:29:39 IST] [INFO] CaptureWindow entered
[Tue, 28 Jul 2026 18:29:39 IST] [INFO] HWND: 3935346
[Tue, 28 Jul 2026 18:29:39 IST] [INFO] Width: 1024, Height: 768
[Tue, 28 Jul 2026 18:29:39 IST] [INFO] GetWindowDC succeeded: true
[Tue, 28 Jul 2026 18:29:39 IST] [INFO] CreateCompatibleDC succeeded: true
[Tue, 28 Jul 2026 18:29:39 IST] [INFO] CreateCompatibleBitmap succeeded: true
[Tue, 28 Jul 2026 18:29:39 IST] [INFO] SelectObject succeeded: true
[Tue, 28 Jul 2026 18:29:39 IST] [INFO] PrintWindow return value: 1
[Tue, 28 Jul 2026 18:29:39 IST] [INFO] Fallback PrintWindow() is executed: false
[Tue, 28 Jul 2026 18:29:39 IST] [INFO] GetDIBits return value: 768
[Tue, 28 Jul 2026 18:29:39 IST] [INFO] Number of scanlines copied: 768
[Tue, 28 Jul 2026 18:29:39 IST] [INFO] GetDIBits Width: 1024
[Tue, 28 Jul 2026 18:29:39 IST] [INFO] GetDIBits Height: 768
[Tue, 28 Jul 2026 18:29:39 IST] [INFO] Bitmap format: BI_RGB (32-bit)
[Tue, 28 Jul 2026 18:29:39 IST] [INFO] Non-black pixels: 494533
[Tue, 28 Jul 2026 18:29:39 IST] [INFO] Transparent pixels: 0
[Tue, 28 Jul 2026 18:29:39 IST] [INFO] Opaque pixels: 786432
[Tue, 28 Jul 2026 18:29:39 IST] [INFO] Dirty rectangle empty
[Tue, 28 Jul 2026 18:29:39 IST] [INFO] ========== Capture Tick ==========
[Tue, 28 Jul 2026 18:29:39 IST] [INFO] Current timestamp: 2026-07-28 18:29:39.6600995 +0530 IST m=+67.508814501
[Tue, 28 Jul 2026 18:29:39 IST] [INFO] HWND: 3935346
[Tue, 28 Jul 2026 18:29:39 IST] [INFO] FindWindowByPID() succeeded: true
[Tue, 28 Jul 2026 18:29:39 IST] [INFO] Process is still alive: true
[Tue, 28 Jul 2026 18:29:39 IST] [INFO] CaptureWindow entered
[Tue, 28 Jul 2026 18:29:39 IST] [INFO] HWND: 3935346
[Tue, 28 Jul 2026 18:29:39 IST] [INFO] Width: 1024, Height: 768
[Tue, 28 Jul 2026 18:29:39 IST] [INFO] GetWindowDC succeeded: true
[Tue, 28 Jul 2026 18:29:39 IST] [INFO] CreateCompatibleDC succeeded: true
[Tue, 28 Jul 2026 18:29:39 IST] [INFO] CreateCompatibleBitmap succeeded: true
[Tue, 28 Jul 2026 18:29:39 IST] [INFO] SelectObject succeeded: true
[Tue, 28 Jul 2026 18:29:39 IST] [INFO] PrintWindow return value: 1
[Tue, 28 Jul 2026 18:29:39 IST] [INFO] Fallback PrintWindow() is executed: false
[Tue, 28 Jul 2026 18:29:39 IST] [INFO] GetDIBits return value: 768
[Tue, 28 Jul 2026 18:29:39 IST] [INFO] Number of scanlines copied: 768
[Tue, 28 Jul 2026 18:29:39 IST] [INFO] GetDIBits Width: 1024
[Tue, 28 Jul 2026 18:29:39 IST] [INFO] GetDIBits Height: 768
[Tue, 28 Jul 2026 18:29:39 IST] [INFO] Bitmap format: BI_RGB (32-bit)
[Tue, 28 Jul 2026 18:29:39 IST] [INFO] Non-black pixels: 494533
[Tue, 28 Jul 2026 18:29:39 IST] [INFO] Transparent pixels: 0
[Tue, 28 Jul 2026 18:29:39 IST] [INFO] Opaque pixels: 786432
[Tue, 28 Jul 2026 18:29:39 IST] [INFO] Dirty rectangle empty
[Tue, 28 Jul 2026 18:29:39 IST] [INFO] ========== Capture Tick ==========
[Tue, 28 Jul 2026 18:29:39 IST] [INFO] Current timestamp: 2026-07-28 18:29:39.7599198 +0530 IST m=+67.608634801
[Tue, 28 Jul 2026 18:29:39 IST] [INFO] HWND: 3935346
[Tue, 28 Jul 2026 18:29:39 IST] [INFO] FindWindowByPID() succeeded: true
[Tue, 28 Jul 2026 18:29:39 IST] [INFO] Process is still alive: true
[Tue, 28 Jul 2026 18:29:39 IST] [INFO] CaptureWindow entered
[Tue, 28 Jul 2026 18:29:39 IST] [INFO] HWND: 3935346
[Tue, 28 Jul 2026 18:29:39 IST] [INFO] Width: 1024, Height: 768
[Tue, 28 Jul 2026 18:29:39 IST] [INFO] GetWindowDC succeeded: true
[Tue, 28 Jul 2026 18:29:39 IST] [INFO] CreateCompatibleDC succeeded: true
[Tue, 28 Jul 2026 18:29:39 IST] [INFO] CreateCompatibleBitmap succeeded: true
[Tue, 28 Jul 2026 18:29:39 IST] [INFO] SelectObject succeeded: true
[Tue, 28 Jul 2026 18:29:39 IST] [INFO] PrintWindow return value: 1
[Tue, 28 Jul 2026 18:29:39 IST] [INFO] Fallback PrintWindow() is executed: false
[Tue, 28 Jul 2026 18:29:39 IST] [INFO] GetDIBits return value: 768
[Tue, 28 Jul 2026 18:29:39 IST] [INFO] Number of scanlines copied: 768
[Tue, 28 Jul 2026 18:29:39 IST] [INFO] GetDIBits Width: 1024
[Tue, 28 Jul 2026 18:29:39 IST] [INFO] GetDIBits Height: 768
[Tue, 28 Jul 2026 18:29:39 IST] [INFO] Bitmap format: BI_RGB (32-bit)
[Tue, 28 Jul 2026 18:29:39 IST] [INFO] Non-black pixels: 494533
[Tue, 28 Jul 2026 18:29:39 IST] [INFO] Transparent pixels: 0
[Tue, 28 Jul 2026 18:29:39 IST] [INFO] Opaque pixels: 786432
[Tue, 28 Jul 2026 18:29:39 IST] [INFO] Dirty rectangle empty
[Tue, 28 Jul 2026 18:29:39 IST] [INFO] ========== Capture Tick ==========
[Tue, 28 Jul 2026 18:29:39 IST] [INFO] Current timestamp: 2026-07-28 18:29:39.8601261 +0530 IST m=+67.708841101
[Tue, 28 Jul 2026 18:29:39 IST] [INFO] HWND: 3935346
[Tue, 28 Jul 2026 18:29:39 IST] [INFO] FindWindowByPID() succeeded: true
[Tue, 28 Jul 2026 18:29:39 IST] [INFO] Process is still alive: true
[Tue, 28 Jul 2026 18:29:39 IST] [INFO] CaptureWindow entered
[Tue, 28 Jul 2026 18:29:39 IST] [INFO] HWND: 3935346
[Tue, 28 Jul 2026 18:29:39 IST] [INFO] Width: 1024, Height: 768
[Tue, 28 Jul 2026 18:29:39 IST] [INFO] GetWindowDC succeeded: true
[Tue, 28 Jul 2026 18:29:39 IST] [INFO] CreateCompatibleDC succeeded: true
[Tue, 28 Jul 2026 18:29:39 IST] [INFO] CreateCompatibleBitmap succeeded: true
[Tue, 28 Jul 2026 18:29:39 IST] [INFO] SelectObject succeeded: true
[Tue, 28 Jul 2026 18:29:39 IST] [INFO] PrintWindow return value: 1
[Tue, 28 Jul 2026 18:29:39 IST] [INFO] Fallback PrintWindow() is executed: false
[Tue, 28 Jul 2026 18:29:39 IST] [INFO] GetDIBits return value: 768
[Tue, 28 Jul 2026 18:29:39 IST] [INFO] Number of scanlines copied: 768
[Tue, 28 Jul 2026 18:29:39 IST] [INFO] GetDIBits Width: 1024
[Tue, 28 Jul 2026 18:29:39 IST] [INFO] GetDIBits Height: 768
[Tue, 28 Jul 2026 18:29:39 IST] [INFO] Bitmap format: BI_RGB (32-bit)
[Tue, 28 Jul 2026 18:29:39 IST] [INFO] Non-black pixels: 494533
[Tue, 28 Jul 2026 18:29:39 IST] [INFO] Transparent pixels: 0
[Tue, 28 Jul 2026 18:29:39 IST] [INFO] Opaque pixels: 786432
[Tue, 28 Jul 2026 18:29:39 IST] [INFO] Dirty rectangle empty
[Tue, 28 Jul 2026 18:29:39 IST] [INFO] ========== Capture Tick ==========
[Tue, 28 Jul 2026 18:29:39 IST] [INFO] Current timestamp: 2026-07-28 18:29:39.9598293 +0530 IST m=+67.808544301
[Tue, 28 Jul 2026 18:29:39 IST] [INFO] HWND: 3935346
[Tue, 28 Jul 2026 18:29:39 IST] [INFO] FindWindowByPID() succeeded: true
[Tue, 28 Jul 2026 18:29:39 IST] [INFO] Process is still alive: true
[Tue, 28 Jul 2026 18:29:39 IST] [INFO] CaptureWindow entered
[Tue, 28 Jul 2026 18:29:39 IST] [INFO] HWND: 3935346
[Tue, 28 Jul 2026 18:29:39 IST] [INFO] Width: 1024, Height: 768
[Tue, 28 Jul 2026 18:29:39 IST] [INFO] GetWindowDC succeeded: true
[Tue, 28 Jul 2026 18:29:39 IST] [INFO] CreateCompatibleDC succeeded: true
[Tue, 28 Jul 2026 18:29:39 IST] [INFO] CreateCompatibleBitmap succeeded: true
[Tue, 28 Jul 2026 18:29:39 IST] [INFO] SelectObject succeeded: true
[Tue, 28 Jul 2026 18:29:39 IST] [INFO] PrintWindow return value: 1
[Tue, 28 Jul 2026 18:29:39 IST] [INFO] Fallback PrintWindow() is executed: false
[Tue, 28 Jul 2026 18:29:39 IST] [INFO] GetDIBits return value: 768
[Tue, 28 Jul 2026 18:29:39 IST] [INFO] Number of scanlines copied: 768
[Tue, 28 Jul 2026 18:29:39 IST] [INFO] GetDIBits Width: 1024
[Tue, 28 Jul 2026 18:29:39 IST] [INFO] GetDIBits Height: 768
[Tue, 28 Jul 2026 18:29:39 IST] [INFO] Bitmap format: BI_RGB (32-bit)
[Tue, 28 Jul 2026 18:29:39 IST] [INFO] Non-black pixels: 494533
[Tue, 28 Jul 2026 18:29:39 IST] [INFO] Transparent pixels: 0
[Tue, 28 Jul 2026 18:29:39 IST] [INFO] Opaque pixels: 786432
[Tue, 28 Jul 2026 18:29:40 IST] [INFO] Dirty rectangle empty
[Tue, 28 Jul 2026 18:29:40 IST] [INFO] ========== Capture Tick ==========
[Tue, 28 Jul 2026 18:29:40 IST] [INFO] Current timestamp: 2026-07-28 18:29:40.0610069 +0530 IST m=+67.909721901
[Tue, 28 Jul 2026 18:29:40 IST] [INFO] HWND: 3935346
[Tue, 28 Jul 2026 18:29:40 IST] [INFO] FindWindowByPID() succeeded: true
[Tue, 28 Jul 2026 18:29:40 IST] [INFO] Process is still alive: true
[Tue, 28 Jul 2026 18:29:40 IST] [INFO] CaptureWindow entered
[Tue, 28 Jul 2026 18:29:40 IST] [INFO] HWND: 3935346
[Tue, 28 Jul 2026 18:29:40 IST] [INFO] Width: 1024, Height: 768
[Tue, 28 Jul 2026 18:29:40 IST] [INFO] GetWindowDC succeeded: true
[Tue, 28 Jul 2026 18:29:40 IST] [INFO] CreateCompatibleDC succeeded: true
[Tue, 28 Jul 2026 18:29:40 IST] [INFO] CreateCompatibleBitmap succeeded: true
[Tue, 28 Jul 2026 18:29:40 IST] [INFO] SelectObject succeeded: true
[Tue, 28 Jul 2026 18:29:40 IST] [INFO] PrintWindow return value: 1
[Tue, 28 Jul 2026 18:29:40 IST] [INFO] Fallback PrintWindow() is executed: false
[Tue, 28 Jul 2026 18:29:40 IST] [INFO] GetDIBits return value: 768
[Tue, 28 Jul 2026 18:29:40 IST] [INFO] Number of scanlines copied: 768
[Tue, 28 Jul 2026 18:29:40 IST] [INFO] GetDIBits Width: 1024
[Tue, 28 Jul 2026 18:29:40 IST] [INFO] GetDIBits Height: 768
[Tue, 28 Jul 2026 18:29:40 IST] [INFO] Bitmap format: BI_RGB (32-bit)
[Tue, 28 Jul 2026 18:29:40 IST] [INFO] Non-black pixels: 494533
[Tue, 28 Jul 2026 18:29:40 IST] [INFO] Transparent pixels: 0
[Tue, 28 Jul 2026 18:29:40 IST] [INFO] Opaque pixels: 786432
[Tue, 28 Jul 2026 18:29:40 IST] [INFO] Dirty rectangle empty
[Tue, 28 Jul 2026 18:29:40 IST] [INFO] ========== Capture Tick ==========
[Tue, 28 Jul 2026 18:29:40 IST] [INFO] Current timestamp: 2026-07-28 18:29:40.1602231 +0530 IST m=+68.008938101
[Tue, 28 Jul 2026 18:29:40 IST] [INFO] HWND: 3935346
[Tue, 28 Jul 2026 18:29:40 IST] [INFO] FindWindowByPID() succeeded: true
[Tue, 28 Jul 2026 18:29:40 IST] [INFO] Process is still alive: true
[Tue, 28 Jul 2026 18:29:40 IST] [INFO] CaptureWindow entered
[Tue, 28 Jul 2026 18:29:40 IST] [INFO] HWND: 3935346
[Tue, 28 Jul 2026 18:29:40 IST] [INFO] Width: 1024, Height: 768
[Tue, 28 Jul 2026 18:29:40 IST] [INFO] GetWindowDC succeeded: true
[Tue, 28 Jul 2026 18:29:40 IST] [INFO] CreateCompatibleDC succeeded: true
[Tue, 28 Jul 2026 18:29:40 IST] [INFO] CreateCompatibleBitmap succeeded: true
[Tue, 28 Jul 2026 18:29:40 IST] [INFO] SelectObject succeeded: true
[Tue, 28 Jul 2026 18:29:40 IST] [INFO] PrintWindow return value: 1
[Tue, 28 Jul 2026 18:29:40 IST] [INFO] Fallback PrintWindow() is executed: false
[Tue, 28 Jul 2026 18:29:40 IST] [INFO] GetDIBits return value: 768
[Tue, 28 Jul 2026 18:29:40 IST] [INFO] Number of scanlines copied: 768
[Tue, 28 Jul 2026 18:29:40 IST] [INFO] GetDIBits Width: 1024
[Tue, 28 Jul 2026 18:29:40 IST] [INFO] GetDIBits Height: 768
[Tue, 28 Jul 2026 18:29:40 IST] [INFO] Bitmap format: BI_RGB (32-bit)
[Tue, 28 Jul 2026 18:29:40 IST] [INFO] Non-black pixels: 494533
[Tue, 28 Jul 2026 18:29:40 IST] [INFO] Transparent pixels: 0
[Tue, 28 Jul 2026 18:29:40 IST] [INFO] Opaque pixels: 786432
[Tue, 28 Jul 2026 18:29:40 IST] [INFO] Dirty rectangle empty
[Tue, 28 Jul 2026 18:29:40 IST] [INFO] ========== Capture Tick ==========
[Tue, 28 Jul 2026 18:29:40 IST] [INFO] Current timestamp: 2026-07-28 18:29:40.2601825 +0530 IST m=+68.108897501
[Tue, 28 Jul 2026 18:29:40 IST] [INFO] HWND: 3935346
[Tue, 28 Jul 2026 18:29:40 IST] [INFO] FindWindowByPID() succeeded: true
[Tue, 28 Jul 2026 18:29:40 IST] [INFO] Process is still alive: true
[Tue, 28 Jul 2026 18:29:40 IST] [INFO] CaptureWindow entered
[Tue, 28 Jul 2026 18:29:40 IST] [INFO] HWND: 3935346
[Tue, 28 Jul 2026 18:29:40 IST] [INFO] Width: 1024, Height: 768
[Tue, 28 Jul 2026 18:29:40 IST] [INFO] GetWindowDC succeeded: true
[Tue, 28 Jul 2026 18:29:40 IST] [INFO] CreateCompatibleDC succeeded: true
[Tue, 28 Jul 2026 18:29:40 IST] [INFO] CreateCompatibleBitmap succeeded: true
[Tue, 28 Jul 2026 18:29:40 IST] [INFO] SelectObject succeeded: true
[Tue, 28 Jul 2026 18:29:40 IST] [INFO] PrintWindow return value: 1
[Tue, 28 Jul 2026 18:29:40 IST] [INFO] Fallback PrintWindow() is executed: false
[Tue, 28 Jul 2026 18:29:40 IST] [INFO] GetDIBits return value: 768
[Tue, 28 Jul 2026 18:29:40 IST] [INFO] Number of scanlines copied: 768
[Tue, 28 Jul 2026 18:29:40 IST] [INFO] GetDIBits Width: 1024
[Tue, 28 Jul 2026 18:29:40 IST] [INFO] GetDIBits Height: 768
[Tue, 28 Jul 2026 18:29:40 IST] [INFO] Bitmap format: BI_RGB (32-bit)
[Tue, 28 Jul 2026 18:29:40 IST] [INFO] Non-black pixels: 494533
[Tue, 28 Jul 2026 18:29:40 IST] [INFO] Transparent pixels: 0
[Tue, 28 Jul 2026 18:29:40 IST] [INFO] Opaque pixels: 786432
[Tue, 28 Jul 2026 18:29:40 IST] [INFO] Dirty rectangle empty
[Tue, 28 Jul 2026 18:29:40 IST] [INFO] ========== Capture Tick ==========
[Tue, 28 Jul 2026 18:29:40 IST] [INFO] Current timestamp: 2026-07-28 18:29:40.3604166 +0530 IST m=+68.209131601
[Tue, 28 Jul 2026 18:29:40 IST] [INFO] HWND: 3935346
[Tue, 28 Jul 2026 18:29:40 IST] [INFO] FindWindowByPID() succeeded: true
[Tue, 28 Jul 2026 18:29:40 IST] [INFO] Process is still alive: true
[Tue, 28 Jul 2026 18:29:40 IST] [INFO] CaptureWindow entered
[Tue, 28 Jul 2026 18:29:40 IST] [INFO] HWND: 3935346
[Tue, 28 Jul 2026 18:29:40 IST] [INFO] Width: 1024, Height: 768
[Tue, 28 Jul 2026 18:29:40 IST] [INFO] GetWindowDC succeeded: true
[Tue, 28 Jul 2026 18:29:40 IST] [INFO] CreateCompatibleDC succeeded: true
[Tue, 28 Jul 2026 18:29:40 IST] [INFO] CreateCompatibleBitmap succeeded: true
[Tue, 28 Jul 2026 18:29:40 IST] [INFO] SelectObject succeeded: true
[Tue, 28 Jul 2026 18:29:40 IST] [INFO] PrintWindow return value: 1
[Tue, 28 Jul 2026 18:29:40 IST] [INFO] Fallback PrintWindow() is executed: false
[Tue, 28 Jul 2026 18:29:40 IST] [INFO] GetDIBits return value: 768
[Tue, 28 Jul 2026 18:29:40 IST] [INFO] Number of scanlines copied: 768
[Tue, 28 Jul 2026 18:29:40 IST] [INFO] GetDIBits Width: 1024
[Tue, 28 Jul 2026 18:29:40 IST] [INFO] GetDIBits Height: 768
[Tue, 28 Jul 2026 18:29:40 IST] [INFO] Bitmap format: BI_RGB (32-bit)
[Tue, 28 Jul 2026 18:29:40 IST] [INFO] Non-black pixels: 494533
[Tue, 28 Jul 2026 18:29:40 IST] [INFO] Transparent pixels: 0
[Tue, 28 Jul 2026 18:29:40 IST] [INFO] Opaque pixels: 786432
[Tue, 28 Jul 2026 18:29:40 IST] [INFO] Dirty rectangle empty
[Tue, 28 Jul 2026 18:29:40 IST] [INFO] ========== Capture Tick ==========
[Tue, 28 Jul 2026 18:29:40 IST] [INFO] Current timestamp: 2026-07-28 18:29:40.4602253 +0530 IST m=+68.308940301
[Tue, 28 Jul 2026 18:29:40 IST] [INFO] HWND: 3935346
[Tue, 28 Jul 2026 18:29:40 IST] [INFO] FindWindowByPID() succeeded: true
[Tue, 28 Jul 2026 18:29:40 IST] [INFO] Process is still alive: true
[Tue, 28 Jul 2026 18:29:40 IST] [INFO] CaptureWindow entered
[Tue, 28 Jul 2026 18:29:40 IST] [INFO] HWND: 3935346
[Tue, 28 Jul 2026 18:29:40 IST] [INFO] Width: 1024, Height: 768
[Tue, 28 Jul 2026 18:29:40 IST] [INFO] GetWindowDC succeeded: true
[Tue, 28 Jul 2026 18:29:40 IST] [INFO] CreateCompatibleDC succeeded: true
[Tue, 28 Jul 2026 18:29:40 IST] [INFO] CreateCompatibleBitmap succeeded: true
[Tue, 28 Jul 2026 18:29:40 IST] [INFO] SelectObject succeeded: true
[Tue, 28 Jul 2026 18:29:40 IST] [INFO] PrintWindow return value: 1
[Tue, 28 Jul 2026 18:29:40 IST] [INFO] Fallback PrintWindow() is executed: false
[Tue, 28 Jul 2026 18:29:40 IST] [INFO] GetDIBits return value: 768
[Tue, 28 Jul 2026 18:29:40 IST] [INFO] Number of scanlines copied: 768
[Tue, 28 Jul 2026 18:29:40 IST] [INFO] GetDIBits Width: 1024
[Tue, 28 Jul 2026 18:29:40 IST] [INFO] GetDIBits Height: 768
[Tue, 28 Jul 2026 18:29:40 IST] [INFO] Bitmap format: BI_RGB (32-bit)
[Tue, 28 Jul 2026 18:29:40 IST] [INFO] Non-black pixels: 494533
[Tue, 28 Jul 2026 18:29:40 IST] [INFO] Transparent pixels: 0
[Tue, 28 Jul 2026 18:29:40 IST] [INFO] Opaque pixels: 786432
[Tue, 28 Jul 2026 18:29:40 IST] [INFO] Dirty rectangle empty
[Tue, 28 Jul 2026 18:29:40 IST] [INFO] ========== Capture Tick ==========
[Tue, 28 Jul 2026 18:29:40 IST] [INFO] Current timestamp: 2026-07-28 18:29:40.5603429 +0530 IST m=+68.409057901
[Tue, 28 Jul 2026 18:29:40 IST] [INFO] HWND: 3935346
[Tue, 28 Jul 2026 18:29:40 IST] [INFO] FindWindowByPID() succeeded: true
[Tue, 28 Jul 2026 18:29:40 IST] [INFO] Process is still alive: true
[Tue, 28 Jul 2026 18:29:40 IST] [INFO] CaptureWindow entered
[Tue, 28 Jul 2026 18:29:40 IST] [INFO] HWND: 3935346
[Tue, 28 Jul 2026 18:29:40 IST] [INFO] Width: 1024, Height: 768
[Tue, 28 Jul 2026 18:29:40 IST] [INFO] GetWindowDC succeeded: true
[Tue, 28 Jul 2026 18:29:40 IST] [INFO] CreateCompatibleDC succeeded: true
[Tue, 28 Jul 2026 18:29:40 IST] [INFO] CreateCompatibleBitmap succeeded: true
[Tue, 28 Jul 2026 18:29:40 IST] [INFO] SelectObject succeeded: true
[Tue, 28 Jul 2026 18:29:40 IST] [INFO] PrintWindow return value: 1
[Tue, 28 Jul 2026 18:29:40 IST] [INFO] Fallback PrintWindow() is executed: false
[Tue, 28 Jul 2026 18:29:40 IST] [INFO] GetDIBits return value: 768
[Tue, 28 Jul 2026 18:29:40 IST] [INFO] Number of scanlines copied: 768
[Tue, 28 Jul 2026 18:29:40 IST] [INFO] GetDIBits Width: 1024
[Tue, 28 Jul 2026 18:29:40 IST] [INFO] GetDIBits Height: 768
[Tue, 28 Jul 2026 18:29:40 IST] [INFO] Bitmap format: BI_RGB (32-bit)
[Tue, 28 Jul 2026 18:29:40 IST] [INFO] Non-black pixels: 494533
[Tue, 28 Jul 2026 18:29:40 IST] [INFO] Transparent pixels: 0
[Tue, 28 Jul 2026 18:29:40 IST] [INFO] Opaque pixels: 786432
[Tue, 28 Jul 2026 18:29:40 IST] [INFO] Dirty rectangle empty
[Tue, 28 Jul 2026 18:29:40 IST] [INFO] ========== Capture Tick ==========
[Tue, 28 Jul 2026 18:29:40 IST] [INFO] Current timestamp: 2026-07-28 18:29:40.6603362 +0530 IST m=+68.509051201
[Tue, 28 Jul 2026 18:29:40 IST] [INFO] HWND: 3935346
[Tue, 28 Jul 2026 18:29:40 IST] [INFO] FindWindowByPID() succeeded: true
[Tue, 28 Jul 2026 18:29:40 IST] [INFO] Process is still alive: true
[Tue, 28 Jul 2026 18:29:40 IST] [INFO] CaptureWindow entered
[Tue, 28 Jul 2026 18:29:40 IST] [INFO] HWND: 3935346
[Tue, 28 Jul 2026 18:29:40 IST] [INFO] Width: 1024, Height: 768
[Tue, 28 Jul 2026 18:29:40 IST] [INFO] GetWindowDC succeeded: true
[Tue, 28 Jul 2026 18:29:40 IST] [INFO] CreateCompatibleDC succeeded: true
[Tue, 28 Jul 2026 18:29:40 IST] [INFO] CreateCompatibleBitmap succeeded: true
[Tue, 28 Jul 2026 18:29:40 IST] [INFO] SelectObject succeeded: true
[Tue, 28 Jul 2026 18:29:40 IST] [INFO] PrintWindow return value: 1
[Tue, 28 Jul 2026 18:29:40 IST] [INFO] Fallback PrintWindow() is executed: false
[Tue, 28 Jul 2026 18:29:40 IST] [INFO] GetDIBits return value: 768
[Tue, 28 Jul 2026 18:29:40 IST] [INFO] Number of scanlines copied: 768
[Tue, 28 Jul 2026 18:29:40 IST] [INFO] GetDIBits Width: 1024
[Tue, 28 Jul 2026 18:29:40 IST] [INFO] GetDIBits Height: 768
[Tue, 28 Jul 2026 18:29:40 IST] [INFO] Bitmap format: BI_RGB (32-bit)
[Tue, 28 Jul 2026 18:29:40 IST] [INFO] Non-black pixels: 494533
[Tue, 28 Jul 2026 18:29:40 IST] [INFO] Transparent pixels: 0
[Tue, 28 Jul 2026 18:29:40 IST] [INFO] Opaque pixels: 786432
[Tue, 28 Jul 2026 18:29:40 IST] [INFO] Dirty rectangle empty
[Tue, 28 Jul 2026 18:29:40 IST] [INFO] ========== Capture Tick ==========
[Tue, 28 Jul 2026 18:29:40 IST] [INFO] Current timestamp: 2026-07-28 18:29:40.7605329 +0530 IST m=+68.609247901
[Tue, 28 Jul 2026 18:29:40 IST] [INFO] HWND: 3935346
[Tue, 28 Jul 2026 18:29:40 IST] [INFO] FindWindowByPID() succeeded: true
[Tue, 28 Jul 2026 18:29:40 IST] [INFO] Process is still alive: true
[Tue, 28 Jul 2026 18:29:40 IST] [INFO] CaptureWindow entered
[Tue, 28 Jul 2026 18:29:40 IST] [INFO] HWND: 3935346
[Tue, 28 Jul 2026 18:29:40 IST] [INFO] Width: 1024, Height: 768
[Tue, 28 Jul 2026 18:29:40 IST] [INFO] GetWindowDC succeeded: true
[Tue, 28 Jul 2026 18:29:40 IST] [INFO] CreateCompatibleDC succeeded: true
[Tue, 28 Jul 2026 18:29:40 IST] [INFO] CreateCompatibleBitmap succeeded: true
[Tue, 28 Jul 2026 18:29:40 IST] [INFO] SelectObject succeeded: true
[Tue, 28 Jul 2026 18:29:40 IST] [INFO] PrintWindow return value: 1
[Tue, 28 Jul 2026 18:29:40 IST] [INFO] Fallback PrintWindow() is executed: false
[Tue, 28 Jul 2026 18:29:40 IST] [INFO] GetDIBits return value: 768
[Tue, 28 Jul 2026 18:29:40 IST] [INFO] Number of scanlines copied: 768
[Tue, 28 Jul 2026 18:29:40 IST] [INFO] GetDIBits Width: 1024
[Tue, 28 Jul 2026 18:29:40 IST] [INFO] GetDIBits Height: 768
[Tue, 28 Jul 2026 18:29:40 IST] [INFO] Bitmap format: BI_RGB (32-bit)
[Tue, 28 Jul 2026 18:29:40 IST] [INFO] Non-black pixels: 494533
[Tue, 28 Jul 2026 18:29:40 IST] [INFO] Transparent pixels: 0
[Tue, 28 Jul 2026 18:29:40 IST] [INFO] Opaque pixels: 786432
[Tue, 28 Jul 2026 18:29:40 IST] [INFO] Dirty rectangle empty
[Tue, 28 Jul 2026 18:29:40 IST] [INFO] ========== Capture Tick ==========
[Tue, 28 Jul 2026 18:29:40 IST] [INFO] Current timestamp: 2026-07-28 18:29:40.8601715 +0530 IST m=+68.708886501
[Tue, 28 Jul 2026 18:29:40 IST] [INFO] HWND: 3935346
[Tue, 28 Jul 2026 18:29:40 IST] [INFO] FindWindowByPID() succeeded: true
[Tue, 28 Jul 2026 18:29:40 IST] [INFO] Process is still alive: true
[Tue, 28 Jul 2026 18:29:40 IST] [INFO] CaptureWindow entered
[Tue, 28 Jul 2026 18:29:40 IST] [INFO] HWND: 3935346
[Tue, 28 Jul 2026 18:29:40 IST] [INFO] Width: 1024, Height: 768
[Tue, 28 Jul 2026 18:29:40 IST] [INFO] GetWindowDC succeeded: true
[Tue, 28 Jul 2026 18:29:40 IST] [INFO] CreateCompatibleDC succeeded: true
[Tue, 28 Jul 2026 18:29:40 IST] [INFO] CreateCompatibleBitmap succeeded: true
[Tue, 28 Jul 2026 18:29:40 IST] [INFO] SelectObject succeeded: true
[Tue, 28 Jul 2026 18:29:40 IST] [INFO] PrintWindow return value: 1
[Tue, 28 Jul 2026 18:29:40 IST] [INFO] Fallback PrintWindow() is executed: false
[Tue, 28 Jul 2026 18:29:40 IST] [INFO] GetDIBits return value: 768
[Tue, 28 Jul 2026 18:29:40 IST] [INFO] Number of scanlines copied: 768
[Tue, 28 Jul 2026 18:29:40 IST] [INFO] GetDIBits Width: 1024
[Tue, 28 Jul 2026 18:29:40 IST] [INFO] GetDIBits Height: 768
[Tue, 28 Jul 2026 18:29:40 IST] [INFO] Bitmap format: BI_RGB (32-bit)
[Tue, 28 Jul 2026 18:29:40 IST] [INFO] Non-black pixels: 494533
[Tue, 28 Jul 2026 18:29:40 IST] [INFO] Transparent pixels: 0
[Tue, 28 Jul 2026 18:29:40 IST] [INFO] Opaque pixels: 786432
[Tue, 28 Jul 2026 18:29:40 IST] [INFO] Dirty rectangle empty
[Tue, 28 Jul 2026 18:29:40 IST] [INFO] ========== Capture Tick ==========
[Tue, 28 Jul 2026 18:29:40 IST] [INFO] Current timestamp: 2026-07-28 18:29:40.9602579 +0530 IST m=+68.808972901
[Tue, 28 Jul 2026 18:29:40 IST] [INFO] HWND: 3935346
[Tue, 28 Jul 2026 18:29:40 IST] [INFO] FindWindowByPID() succeeded: true
[Tue, 28 Jul 2026 18:29:40 IST] [INFO] Process is still alive: true
[Tue, 28 Jul 2026 18:29:40 IST] [INFO] CaptureWindow entered
[Tue, 28 Jul 2026 18:29:40 IST] [INFO] HWND: 3935346
[Tue, 28 Jul 2026 18:29:40 IST] [INFO] Width: 1024, Height: 768
[Tue, 28 Jul 2026 18:29:40 IST] [INFO] GetWindowDC succeeded: true
[Tue, 28 Jul 2026 18:29:40 IST] [INFO] CreateCompatibleDC succeeded: true
[Tue, 28 Jul 2026 18:29:40 IST] [INFO] CreateCompatibleBitmap succeeded: true
[Tue, 28 Jul 2026 18:29:40 IST] [INFO] SelectObject succeeded: true
[Tue, 28 Jul 2026 18:29:40 IST] [INFO] PrintWindow return value: 1
[Tue, 28 Jul 2026 18:29:40 IST] [INFO] Fallback PrintWindow() is executed: false
[Tue, 28 Jul 2026 18:29:40 IST] [INFO] GetDIBits return value: 768
[Tue, 28 Jul 2026 18:29:40 IST] [INFO] Number of scanlines copied: 768
[Tue, 28 Jul 2026 18:29:40 IST] [INFO] GetDIBits Width: 1024
[Tue, 28 Jul 2026 18:29:40 IST] [INFO] GetDIBits Height: 768
[Tue, 28 Jul 2026 18:29:40 IST] [INFO] Bitmap format: BI_RGB (32-bit)
[Tue, 28 Jul 2026 18:29:40 IST] [INFO] Non-black pixels: 494533
[Tue, 28 Jul 2026 18:29:40 IST] [INFO] Transparent pixels: 0
[Tue, 28 Jul 2026 18:29:40 IST] [INFO] Opaque pixels: 786432
[Tue, 28 Jul 2026 18:29:40 IST] [INFO] Dirty rectangle empty
[Tue, 28 Jul 2026 18:29:41 IST] [INFO] ========== Capture Tick ==========
[Tue, 28 Jul 2026 18:29:41 IST] [INFO] Current timestamp: 2026-07-28 18:29:41.0602748 +0530 IST m=+68.908989801
[Tue, 28 Jul 2026 18:29:41 IST] [INFO] HWND: 3935346
[Tue, 28 Jul 2026 18:29:41 IST] [INFO] FindWindowByPID() succeeded: true
[Tue, 28 Jul 2026 18:29:41 IST] [INFO] Process is still alive: true
[Tue, 28 Jul 2026 18:29:41 IST] [INFO] CaptureWindow entered
[Tue, 28 Jul 2026 18:29:41 IST] [INFO] HWND: 3935346
[Tue, 28 Jul 2026 18:29:41 IST] [INFO] Width: 1024, Height: 768
[Tue, 28 Jul 2026 18:29:41 IST] [INFO] GetWindowDC succeeded: true
[Tue, 28 Jul 2026 18:29:41 IST] [INFO] CreateCompatibleDC succeeded: true
[Tue, 28 Jul 2026 18:29:41 IST] [INFO] CreateCompatibleBitmap succeeded: true
[Tue, 28 Jul 2026 18:29:41 IST] [INFO] SelectObject succeeded: true
[Tue, 28 Jul 2026 18:29:41 IST] [INFO] PrintWindow return value: 1
[Tue, 28 Jul 2026 18:29:41 IST] [INFO] Fallback PrintWindow() is executed: false
[Tue, 28 Jul 2026 18:29:41 IST] [INFO] GetDIBits return value: 768
[Tue, 28 Jul 2026 18:29:41 IST] [INFO] Number of scanlines copied: 768
[Tue, 28 Jul 2026 18:29:41 IST] [INFO] GetDIBits Width: 1024
[Tue, 28 Jul 2026 18:29:41 IST] [INFO] GetDIBits Height: 768
[Tue, 28 Jul 2026 18:29:41 IST] [INFO] Bitmap format: BI_RGB (32-bit)
[Tue, 28 Jul 2026 18:29:41 IST] [INFO] Non-black pixels: 494533
[Tue, 28 Jul 2026 18:29:41 IST] [INFO] Transparent pixels: 0
[Tue, 28 Jul 2026 18:29:41 IST] [INFO] Opaque pixels: 786432
[Tue, 28 Jul 2026 18:29:41 IST] [INFO] Dirty rectangle empty
[Tue, 28 Jul 2026 18:29:41 IST] [INFO] ========== Capture Tick ==========
[Tue, 28 Jul 2026 18:29:41 IST] [INFO] Current timestamp: 2026-07-28 18:29:41.1603964 +0530 IST m=+69.009111401
[Tue, 28 Jul 2026 18:29:41 IST] [INFO] HWND: 3935346
[Tue, 28 Jul 2026 18:29:41 IST] [INFO] FindWindowByPID() succeeded: true
[Tue, 28 Jul 2026 18:29:41 IST] [INFO] Process is still alive: true
[Tue, 28 Jul 2026 18:29:41 IST] [INFO] CaptureWindow entered
[Tue, 28 Jul 2026 18:29:41 IST] [INFO] HWND: 3935346
[Tue, 28 Jul 2026 18:29:41 IST] [INFO] Width: 1024, Height: 768
[Tue, 28 Jul 2026 18:29:41 IST] [INFO] GetWindowDC succeeded: true
[Tue, 28 Jul 2026 18:29:41 IST] [INFO] CreateCompatibleDC succeeded: true
[Tue, 28 Jul 2026 18:29:41 IST] [INFO] CreateCompatibleBitmap succeeded: true
[Tue, 28 Jul 2026 18:29:41 IST] [INFO] SelectObject succeeded: true
[Tue, 28 Jul 2026 18:29:41 IST] [INFO] PrintWindow return value: 1
[Tue, 28 Jul 2026 18:29:41 IST] [INFO] Fallback PrintWindow() is executed: false
[Tue, 28 Jul 2026 18:29:41 IST] [INFO] GetDIBits return value: 768
[Tue, 28 Jul 2026 18:29:41 IST] [INFO] Number of scanlines copied: 768
[Tue, 28 Jul 2026 18:29:41 IST] [INFO] GetDIBits Width: 1024
[Tue, 28 Jul 2026 18:29:41 IST] [INFO] GetDIBits Height: 768
[Tue, 28 Jul 2026 18:29:41 IST] [INFO] Bitmap format: BI_RGB (32-bit)
[Tue, 28 Jul 2026 18:29:41 IST] [INFO] Non-black pixels: 494533
[Tue, 28 Jul 2026 18:29:41 IST] [INFO] Transparent pixels: 0
[Tue, 28 Jul 2026 18:29:41 IST] [INFO] Opaque pixels: 786432
[Tue, 28 Jul 2026 18:29:41 IST] [INFO] Dirty rectangle empty
[Tue, 28 Jul 2026 18:29:41 IST] [INFO] ========== Capture Tick ==========
[Tue, 28 Jul 2026 18:29:41 IST] [INFO] Current timestamp: 2026-07-28 18:29:41.2606893 +0530 IST m=+69.109404301
[Tue, 28 Jul 2026 18:29:41 IST] [INFO] HWND: 3935346
[Tue, 28 Jul 2026 18:29:41 IST] [INFO] FindWindowByPID() succeeded: true
[Tue, 28 Jul 2026 18:29:41 IST] [INFO] Process is still alive: true
[Tue, 28 Jul 2026 18:29:41 IST] [INFO] CaptureWindow entered
[Tue, 28 Jul 2026 18:29:41 IST] [INFO] HWND: 3935346
[Tue, 28 Jul 2026 18:29:41 IST] [INFO] Width: 1024, Height: 768
[Tue, 28 Jul 2026 18:29:41 IST] [INFO] GetWindowDC succeeded: true
[Tue, 28 Jul 2026 18:29:41 IST] [INFO] CreateCompatibleDC succeeded: true
[Tue, 28 Jul 2026 18:29:41 IST] [INFO] CreateCompatibleBitmap succeeded: true
[Tue, 28 Jul 2026 18:29:41 IST] [INFO] SelectObject succeeded: true
[Tue, 28 Jul 2026 18:29:41 IST] [INFO] PrintWindow return value: 1
[Tue, 28 Jul 2026 18:29:41 IST] [INFO] Fallback PrintWindow() is executed: false
[Tue, 28 Jul 2026 18:29:41 IST] [INFO] GetDIBits return value: 768
[Tue, 28 Jul 2026 18:29:41 IST] [INFO] Number of scanlines copied: 768
[Tue, 28 Jul 2026 18:29:41 IST] [INFO] GetDIBits Width: 1024
[Tue, 28 Jul 2026 18:29:41 IST] [INFO] GetDIBits Height: 768
[Tue, 28 Jul 2026 18:29:41 IST] [INFO] Bitmap format: BI_RGB (32-bit)
[Tue, 28 Jul 2026 18:29:41 IST] [INFO] Non-black pixels: 494533
[Tue, 28 Jul 2026 18:29:41 IST] [INFO] Transparent pixels: 0
[Tue, 28 Jul 2026 18:29:41 IST] [INFO] Opaque pixels: 786432
[Tue, 28 Jul 2026 18:29:41 IST] [INFO] Dirty rectangle empty
[Tue, 28 Jul 2026 18:29:41 IST] [INFO] ========== Capture Tick ==========
[Tue, 28 Jul 2026 18:29:41 IST] [INFO] Current timestamp: 2026-07-28 18:29:41.3603137 +0530 IST m=+69.209028701
[Tue, 28 Jul 2026 18:29:41 IST] [INFO] HWND: 3935346
[Tue, 28 Jul 2026 18:29:41 IST] [INFO] FindWindowByPID() succeeded: true
[Tue, 28 Jul 2026 18:29:41 IST] [INFO] Process is still alive: true
[Tue, 28 Jul 2026 18:29:41 IST] [INFO] CaptureWindow entered
[Tue, 28 Jul 2026 18:29:41 IST] [INFO] HWND: 3935346
[Tue, 28 Jul 2026 18:29:41 IST] [INFO] Width: 1024, Height: 768
[Tue, 28 Jul 2026 18:29:41 IST] [INFO] GetWindowDC succeeded: true
[Tue, 28 Jul 2026 18:29:41 IST] [INFO] CreateCompatibleDC succeeded: true
[Tue, 28 Jul 2026 18:29:41 IST] [INFO] CreateCompatibleBitmap succeeded: true
[Tue, 28 Jul 2026 18:29:41 IST] [INFO] SelectObject succeeded: true
[Tue, 28 Jul 2026 18:29:41 IST] [INFO] PrintWindow return value: 1
[Tue, 28 Jul 2026 18:29:41 IST] [INFO] Fallback PrintWindow() is executed: false
[Tue, 28 Jul 2026 18:29:41 IST] [INFO] GetDIBits return value: 768
[Tue, 28 Jul 2026 18:29:41 IST] [INFO] Number of scanlines copied: 768
[Tue, 28 Jul 2026 18:29:41 IST] [INFO] GetDIBits Width: 1024
[Tue, 28 Jul 2026 18:29:41 IST] [INFO] GetDIBits Height: 768
[Tue, 28 Jul 2026 18:29:41 IST] [INFO] Bitmap format: BI_RGB (32-bit)
[Tue, 28 Jul 2026 18:29:41 IST] [INFO] Non-black pixels: 494533
[Tue, 28 Jul 2026 18:29:41 IST] [INFO] Transparent pixels: 0
[Tue, 28 Jul 2026 18:29:41 IST] [INFO] Opaque pixels: 786432
[Tue, 28 Jul 2026 18:29:41 IST] [INFO] Dirty rectangle empty
[Tue, 28 Jul 2026 18:29:41 IST] [INFO] ========== Capture Tick ==========
[Tue, 28 Jul 2026 18:29:41 IST] [INFO] Current timestamp: 2026-07-28 18:29:41.4600422 +0530 IST m=+69.308757201
[Tue, 28 Jul 2026 18:29:41 IST] [INFO] HWND: 3935346
[Tue, 28 Jul 2026 18:29:41 IST] [INFO] FindWindowByPID() succeeded: true
[Tue, 28 Jul 2026 18:29:41 IST] [INFO] Process is still alive: true
[Tue, 28 Jul 2026 18:29:41 IST] [INFO] CaptureWindow entered
[Tue, 28 Jul 2026 18:29:41 IST] [INFO] HWND: 3935346
[Tue, 28 Jul 2026 18:29:41 IST] [INFO] Width: 1024, Height: 768
[Tue, 28 Jul 2026 18:29:41 IST] [INFO] GetWindowDC succeeded: true
[Tue, 28 Jul 2026 18:29:41 IST] [INFO] CreateCompatibleDC succeeded: true
[Tue, 28 Jul 2026 18:29:41 IST] [INFO] CreateCompatibleBitmap succeeded: true
[Tue, 28 Jul 2026 18:29:41 IST] [INFO] SelectObject succeeded: true
[Tue, 28 Jul 2026 18:29:41 IST] [INFO] PrintWindow return value: 1
[Tue, 28 Jul 2026 18:29:41 IST] [INFO] Fallback PrintWindow() is executed: false
[Tue, 28 Jul 2026 18:29:41 IST] [INFO] GetDIBits return value: 768
[Tue, 28 Jul 2026 18:29:41 IST] [INFO] Number of scanlines copied: 768
[Tue, 28 Jul 2026 18:29:41 IST] [INFO] GetDIBits Width: 1024
[Tue, 28 Jul 2026 18:29:41 IST] [INFO] GetDIBits Height: 768
[Tue, 28 Jul 2026 18:29:41 IST] [INFO] Bitmap format: BI_RGB (32-bit)
[Tue, 28 Jul 2026 18:29:41 IST] [INFO] Non-black pixels: 494533
[Tue, 28 Jul 2026 18:29:41 IST] [INFO] Transparent pixels: 0
[Tue, 28 Jul 2026 18:29:41 IST] [INFO] Opaque pixels: 786432
[Tue, 28 Jul 2026 18:29:41 IST] [INFO] Dirty rectangle empty
[Tue, 28 Jul 2026 18:29:41 IST] [INFO] ========== Capture Tick ==========
[Tue, 28 Jul 2026 18:29:41 IST] [INFO] Current timestamp: 2026-07-28 18:29:41.5598521 +0530 IST m=+69.408567101
[Tue, 28 Jul 2026 18:29:41 IST] [INFO] HWND: 3935346
[Tue, 28 Jul 2026 18:29:41 IST] [INFO] FindWindowByPID() succeeded: true
[Tue, 28 Jul 2026 18:29:41 IST] [INFO] Process is still alive: true
[Tue, 28 Jul 2026 18:29:41 IST] [INFO] CaptureWindow entered
[Tue, 28 Jul 2026 18:29:41 IST] [INFO] HWND: 3935346
[Tue, 28 Jul 2026 18:29:41 IST] [INFO] Width: 1024, Height: 768
[Tue, 28 Jul 2026 18:29:41 IST] [INFO] GetWindowDC succeeded: true
[Tue, 28 Jul 2026 18:29:41 IST] [INFO] CreateCompatibleDC succeeded: true
[Tue, 28 Jul 2026 18:29:41 IST] [INFO] CreateCompatibleBitmap succeeded: true
[Tue, 28 Jul 2026 18:29:41 IST] [INFO] SelectObject succeeded: true
[Tue, 28 Jul 2026 18:29:41 IST] [INFO] PrintWindow return value: 1
[Tue, 28 Jul 2026 18:29:41 IST] [INFO] Fallback PrintWindow() is executed: false
[Tue, 28 Jul 2026 18:29:41 IST] [INFO] GetDIBits return value: 768
[Tue, 28 Jul 2026 18:29:41 IST] [INFO] Number of scanlines copied: 768
[Tue, 28 Jul 2026 18:29:41 IST] [INFO] GetDIBits Width: 1024
[Tue, 28 Jul 2026 18:29:41 IST] [INFO] GetDIBits Height: 768
[Tue, 28 Jul 2026 18:29:41 IST] [INFO] Bitmap format: BI_RGB (32-bit)
[Tue, 28 Jul 2026 18:29:41 IST] [INFO] Non-black pixels: 494533
[Tue, 28 Jul 2026 18:29:41 IST] [INFO] Transparent pixels: 0
[Tue, 28 Jul 2026 18:29:41 IST] [INFO] Opaque pixels: 786432
[Tue, 28 Jul 2026 18:29:41 IST] [INFO] Dirty rectangle empty
[Tue, 28 Jul 2026 18:29:41 IST] [INFO] ========== Capture Tick ==========
[Tue, 28 Jul 2026 18:29:41 IST] [INFO] Current timestamp: 2026-07-28 18:29:41.6598421 +0530 IST m=+69.508557101
[Tue, 28 Jul 2026 18:29:41 IST] [INFO] HWND: 3935346
[Tue, 28 Jul 2026 18:29:41 IST] [INFO] FindWindowByPID() succeeded: true
[Tue, 28 Jul 2026 18:29:41 IST] [INFO] Process is still alive: true
[Tue, 28 Jul 2026 18:29:41 IST] [INFO] CaptureWindow entered
[Tue, 28 Jul 2026 18:29:41 IST] [INFO] HWND: 3935346
[Tue, 28 Jul 2026 18:29:41 IST] [INFO] Width: 1024, Height: 768
[Tue, 28 Jul 2026 18:29:41 IST] [INFO] GetWindowDC succeeded: true
[Tue, 28 Jul 2026 18:29:41 IST] [INFO] CreateCompatibleDC succeeded: true
[Tue, 28 Jul 2026 18:29:41 IST] [INFO] CreateCompatibleBitmap succeeded: true
[Tue, 28 Jul 2026 18:29:41 IST] [INFO] SelectObject succeeded: true
[Tue, 28 Jul 2026 18:29:41 IST] [INFO] PrintWindow return value: 1
[Tue, 28 Jul 2026 18:29:41 IST] [INFO] Fallback PrintWindow() is executed: false
[Tue, 28 Jul 2026 18:29:41 IST] [INFO] GetDIBits return value: 768
[Tue, 28 Jul 2026 18:29:41 IST] [INFO] Number of scanlines copied: 768
[Tue, 28 Jul 2026 18:29:41 IST] [INFO] GetDIBits Width: 1024
[Tue, 28 Jul 2026 18:29:41 IST] [INFO] GetDIBits Height: 768
[Tue, 28 Jul 2026 18:29:41 IST] [INFO] Bitmap format: BI_RGB (32-bit)
[Tue, 28 Jul 2026 18:29:41 IST] [INFO] Non-black pixels: 494533
[Tue, 28 Jul 2026 18:29:41 IST] [INFO] Transparent pixels: 0
[Tue, 28 Jul 2026 18:29:41 IST] [INFO] Opaque pixels: 786432
[Tue, 28 Jul 2026 18:29:41 IST] [INFO] Dirty rectangle coordinates: (0,0)-(1024,31)
[Tue, 28 Jul 2026 18:29:41 IST] [INFO] Width: 1024
[Tue, 28 Jul 2026 18:29:41 IST] [INFO] Height: 31
[Tue, 28 Jul 2026 18:29:41 IST] [INFO] PNG encoding started
[Tue, 28 Jul 2026 18:29:41 IST] [INFO] PNG encoding finished
[Tue, 28 Jul 2026 18:29:41 IST] [INFO] PNG byte size: 2091
[Tue, 28 Jul 2026 18:29:41 IST] [INFO] Base64 byte size: 2788
[Tue, 28 Jul 2026 18:29:41 IST] [INFO] TX img: Stream ID: 14, Timestamp: 2026-07-28 18:29:41.7083895 +0530 IST m=+69.557104501
[Tue, 28 Jul 2026 18:29:41 IST] [INFO] Queue length: 0
[Tue, 28 Jul 2026 18:29:41 IST] [INFO] Whether send blocks: yes, if queue is full
[Tue, 28 Jul 2026 18:29:41 IST] [INFO] Whether send succeeds: true (queued)
[Tue, 28 Jul 2026 18:29:41 IST] [INFO] TX blob: Stream ID: 14, Blob size: 2788, Timestamp: 2026-07-28 18:29:41.7083895 +0530 IST m=+69.557104501
[Tue, 28 Jul 2026 18:29:41 IST] [INFO] Queue length: 0
[Tue, 28 Jul 2026 18:29:41 IST] [INFO] Whether send blocks: yes, if queue is full
[Tue, 28 Jul 2026 18:29:41 IST] [INFO] Whether send succeeds: true (queued)
[Tue, 28 Jul 2026 18:29:41 IST] [INFO] TX end: Stream ID: 14, Timestamp: 2026-07-28 18:29:41.7083895 +0530 IST m=+69.557104501
[Tue, 28 Jul 2026 18:29:41 IST] [INFO] Queue length: 1
[Tue, 28 Jul 2026 18:29:41 IST] [INFO] Whether send blocks: yes, if queue is full
[Tue, 28 Jul 2026 18:29:41 IST] [INFO] Whether send succeeds: true (queued)
[Tue, 28 Jul 2026 18:29:41 IST] [INFO] TX sync: Timestamp: 2026-07-28 18:29:41.7083895 +0530 IST m=+69.557104501
[Tue, 28 Jul 2026 18:29:41 IST] [INFO] Queue length: 2
[Tue, 28 Jul 2026 18:29:41 IST] [INFO] Whether send blocks: yes, if queue is full
[Tue, 28 Jul 2026 18:29:41 IST] [INFO] Whether send succeeds: true (queued)
[Tue, 28 Jul 2026 18:29:41 IST] [INFO] ========== Capture Tick ==========
[Tue, 28 Jul 2026 18:29:41 IST] [INFO] Current timestamp: 2026-07-28 18:29:41.7603078 +0530 IST m=+69.609022801
[Tue, 28 Jul 2026 18:29:41 IST] [INFO] HWND: 3935346
[Tue, 28 Jul 2026 18:29:41 IST] [INFO] FindWindowByPID() succeeded: true
[Tue, 28 Jul 2026 18:29:41 IST] [INFO] Process is still alive: true
[Tue, 28 Jul 2026 18:29:41 IST] [INFO] CaptureWindow entered
[Tue, 28 Jul 2026 18:29:41 IST] [INFO] HWND: 3935346
[Tue, 28 Jul 2026 18:29:41 IST] [INFO] Width: 1024, Height: 768
[Tue, 28 Jul 2026 18:29:41 IST] [INFO] GetWindowDC succeeded: true
[Tue, 28 Jul 2026 18:29:41 IST] [INFO] CreateCompatibleDC succeeded: true
[Tue, 28 Jul 2026 18:29:41 IST] [INFO] CreateCompatibleBitmap succeeded: true
[Tue, 28 Jul 2026 18:29:41 IST] [INFO] SelectObject succeeded: true
[Tue, 28 Jul 2026 18:29:41 IST] [INFO] PrintWindow return value: 1
[Tue, 28 Jul 2026 18:29:41 IST] [INFO] Fallback PrintWindow() is executed: false
[Tue, 28 Jul 2026 18:29:41 IST] [INFO] GetDIBits return value: 768
[Tue, 28 Jul 2026 18:29:41 IST] [INFO] Number of scanlines copied: 768
[Tue, 28 Jul 2026 18:29:41 IST] [INFO] GetDIBits Width: 1024
[Tue, 28 Jul 2026 18:29:41 IST] [INFO] GetDIBits Height: 768
[Tue, 28 Jul 2026 18:29:41 IST] [INFO] Bitmap format: BI_RGB (32-bit)
[Tue, 28 Jul 2026 18:29:41 IST] [INFO] Non-black pixels: 494533
[Tue, 28 Jul 2026 18:29:41 IST] [INFO] Transparent pixels: 0
[Tue, 28 Jul 2026 18:29:41 IST] [INFO] Opaque pixels: 786432
[Tue, 28 Jul 2026 18:29:41 IST] [INFO] Dirty rectangle coordinates: (0,0)-(1024,31)
[Tue, 28 Jul 2026 18:29:41 IST] [INFO] Width: 1024
[Tue, 28 Jul 2026 18:29:41 IST] [INFO] Height: 31
[Tue, 28 Jul 2026 18:29:41 IST] [INFO] PNG encoding started
[Tue, 28 Jul 2026 18:29:41 IST] [INFO] PNG encoding finished
[Tue, 28 Jul 2026 18:29:41 IST] [INFO] PNG byte size: 2247
[Tue, 28 Jul 2026 18:29:41 IST] [INFO] Base64 byte size: 2996
[Tue, 28 Jul 2026 18:29:41 IST] [INFO] TX img: Stream ID: 15, Timestamp: 2026-07-28 18:29:41.8089197 +0530 IST m=+69.657634701
[Tue, 28 Jul 2026 18:29:41 IST] [INFO] Queue length: 0
[Tue, 28 Jul 2026 18:29:41 IST] [INFO] Whether send blocks: yes, if queue is full
[Tue, 28 Jul 2026 18:29:41 IST] [INFO] Whether send succeeds: true (queued)
[Tue, 28 Jul 2026 18:29:41 IST] [INFO] TX blob: Stream ID: 15, Blob size: 2996, Timestamp: 2026-07-28 18:29:41.8089197 +0530 IST m=+69.657634701
[Tue, 28 Jul 2026 18:29:41 IST] [INFO] Queue length: 0
[Tue, 28 Jul 2026 18:29:41 IST] [INFO] Whether send blocks: yes, if queue is full
[Tue, 28 Jul 2026 18:29:41 IST] [INFO] Whether send succeeds: true (queued)
[Tue, 28 Jul 2026 18:29:41 IST] [INFO] TX end: Stream ID: 15, Timestamp: 2026-07-28 18:29:41.8089197 +0530 IST m=+69.657634701
[Tue, 28 Jul 2026 18:29:41 IST] [INFO] Queue length: 1
[Tue, 28 Jul 2026 18:29:41 IST] [INFO] Whether send blocks: yes, if queue is full
[Tue, 28 Jul 2026 18:29:41 IST] [INFO] Whether send succeeds: true (queued)
[Tue, 28 Jul 2026 18:29:41 IST] [INFO] TX sync: Timestamp: 2026-07-28 18:29:41.8095327 +0530 IST m=+69.658247701
[Tue, 28 Jul 2026 18:29:41 IST] [INFO] Queue length: 2
[Tue, 28 Jul 2026 18:29:41 IST] [INFO] Whether send blocks: yes, if queue is full
[Tue, 28 Jul 2026 18:29:41 IST] [INFO] Whether send succeeds: true (queued)
[Tue, 28 Jul 2026 18:29:41 IST] [INFO] ========== Capture Tick ==========
[Tue, 28 Jul 2026 18:29:41 IST] [INFO] Current timestamp: 2026-07-28 18:29:41.8600001 +0530 IST m=+69.708715101
[Tue, 28 Jul 2026 18:29:41 IST] [INFO] HWND: 3935346
[Tue, 28 Jul 2026 18:29:41 IST] [INFO] FindWindowByPID() succeeded: true
[Tue, 28 Jul 2026 18:29:41 IST] [INFO] Process is still alive: true
[Tue, 28 Jul 2026 18:29:41 IST] [INFO] CaptureWindow entered
[Tue, 28 Jul 2026 18:29:41 IST] [INFO] HWND: 3935346
[Tue, 28 Jul 2026 18:29:41 IST] [INFO] Width: 1024, Height: 768
[Tue, 28 Jul 2026 18:29:41 IST] [INFO] GetWindowDC succeeded: true
[Tue, 28 Jul 2026 18:29:41 IST] [INFO] CreateCompatibleDC succeeded: true
[Tue, 28 Jul 2026 18:29:41 IST] [INFO] CreateCompatibleBitmap succeeded: true
[Tue, 28 Jul 2026 18:29:41 IST] [INFO] SelectObject succeeded: true
[Tue, 28 Jul 2026 18:29:41 IST] [INFO] PrintWindow return value: 1
[Tue, 28 Jul 2026 18:29:41 IST] [INFO] Fallback PrintWindow() is executed: false
[Tue, 28 Jul 2026 18:29:41 IST] [INFO] GetDIBits return value: 768
[Tue, 28 Jul 2026 18:29:41 IST] [INFO] Number of scanlines copied: 768
[Tue, 28 Jul 2026 18:29:41 IST] [INFO] GetDIBits Width: 1024
[Tue, 28 Jul 2026 18:29:41 IST] [INFO] GetDIBits Height: 768
[Tue, 28 Jul 2026 18:29:41 IST] [INFO] Bitmap format: BI_RGB (32-bit)
[Tue, 28 Jul 2026 18:29:41 IST] [INFO] Non-black pixels: 494533
[Tue, 28 Jul 2026 18:29:41 IST] [INFO] Transparent pixels: 0
[Tue, 28 Jul 2026 18:29:41 IST] [INFO] Opaque pixels: 786432
[Tue, 28 Jul 2026 18:29:41 IST] [INFO] Dirty rectangle coordinates: (0,0)-(1024,31)
[Tue, 28 Jul 2026 18:29:41 IST] [INFO] Width: 1024
[Tue, 28 Jul 2026 18:29:41 IST] [INFO] Height: 31
[Tue, 28 Jul 2026 18:29:41 IST] [INFO] PNG encoding started
[Tue, 28 Jul 2026 18:29:41 IST] [INFO] PNG encoding finished
[Tue, 28 Jul 2026 18:29:41 IST] [INFO] PNG byte size: 2782
[Tue, 28 Jul 2026 18:29:41 IST] [INFO] Base64 byte size: 3712
[Tue, 28 Jul 2026 18:29:41 IST] [INFO] TX img: Stream ID: 16, Timestamp: 2026-07-28 18:29:41.9057815 +0530 IST m=+69.754496501
[Tue, 28 Jul 2026 18:29:41 IST] [INFO] Queue length: 0
[Tue, 28 Jul 2026 18:29:41 IST] [INFO] Whether send blocks: yes, if queue is full
[Tue, 28 Jul 2026 18:29:41 IST] [INFO] Whether send succeeds: true (queued)
[Tue, 28 Jul 2026 18:29:41 IST] [INFO] TX blob: Stream ID: 16, Blob size: 3712, Timestamp: 2026-07-28 18:29:41.9057815 +0530 IST m=+69.754496501
[Tue, 28 Jul 2026 18:29:41 IST] [INFO] Queue length: 0
[Tue, 28 Jul 2026 18:29:41 IST] [INFO] Whether send blocks: yes, if queue is full
[Tue, 28 Jul 2026 18:29:41 IST] [INFO] Whether send succeeds: true (queued)
[Tue, 28 Jul 2026 18:29:41 IST] [INFO] TX end: Stream ID: 16, Timestamp: 2026-07-28 18:29:41.9057815 +0530 IST m=+69.754496501
[Tue, 28 Jul 2026 18:29:41 IST] [INFO] Queue length: 1
[Tue, 28 Jul 2026 18:29:41 IST] [INFO] Whether send blocks: yes, if queue is full
[Tue, 28 Jul 2026 18:29:41 IST] [INFO] Whether send succeeds: true (queued)
[Tue, 28 Jul 2026 18:29:41 IST] [INFO] TX sync: Timestamp: 2026-07-28 18:29:41.9057815 +0530 IST m=+69.754496501
[Tue, 28 Jul 2026 18:29:41 IST] [INFO] Queue length: 2
[Tue, 28 Jul 2026 18:29:41 IST] [INFO] Whether send blocks: yes, if queue is full
[Tue, 28 Jul 2026 18:29:41 IST] [INFO] Whether send succeeds: true (queued)
[Tue, 28 Jul 2026 18:29:41 IST] [INFO] ========== Capture Tick ==========
[Tue, 28 Jul 2026 18:29:41 IST] [INFO] Current timestamp: 2026-07-28 18:29:41.9606449 +0530 IST m=+69.809359901
[Tue, 28 Jul 2026 18:29:41 IST] [INFO] HWND: 3935346
[Tue, 28 Jul 2026 18:29:41 IST] [INFO] FindWindowByPID() succeeded: true
[Tue, 28 Jul 2026 18:29:41 IST] [INFO] Process is still alive: true
[Tue, 28 Jul 2026 18:29:41 IST] [INFO] CaptureWindow entered
[Tue, 28 Jul 2026 18:29:41 IST] [INFO] HWND: 3935346
[Tue, 28 Jul 2026 18:29:41 IST] [INFO] Width: 1024, Height: 768
[Tue, 28 Jul 2026 18:29:41 IST] [INFO] GetWindowDC succeeded: true
[Tue, 28 Jul 2026 18:29:41 IST] [INFO] CreateCompatibleDC succeeded: true
[Tue, 28 Jul 2026 18:29:41 IST] [INFO] CreateCompatibleBitmap succeeded: true
[Tue, 28 Jul 2026 18:29:41 IST] [INFO] SelectObject succeeded: true
[Tue, 28 Jul 2026 18:29:41 IST] [INFO] PrintWindow return value: 1
[Tue, 28 Jul 2026 18:29:41 IST] [INFO] Fallback PrintWindow() is executed: false
[Tue, 28 Jul 2026 18:29:41 IST] [INFO] GetDIBits return value: 768
[Tue, 28 Jul 2026 18:29:41 IST] [INFO] Number of scanlines copied: 768
[Tue, 28 Jul 2026 18:29:41 IST] [INFO] GetDIBits Width: 1024
[Tue, 28 Jul 2026 18:29:41 IST] [INFO] GetDIBits Height: 768
[Tue, 28 Jul 2026 18:29:41 IST] [INFO] Bitmap format: BI_RGB (32-bit)
[Tue, 28 Jul 2026 18:29:41 IST] [INFO] Non-black pixels: 494533
[Tue, 28 Jul 2026 18:29:41 IST] [INFO] Transparent pixels: 0
[Tue, 28 Jul 2026 18:29:41 IST] [INFO] Opaque pixels: 786432
[Tue, 28 Jul 2026 18:29:42 IST] [INFO] Dirty rectangle coordinates: (0,0)-(1024,31)
[Tue, 28 Jul 2026 18:29:42 IST] [INFO] Width: 1024
[Tue, 28 Jul 2026 18:29:42 IST] [INFO] Height: 31
[Tue, 28 Jul 2026 18:29:42 IST] [INFO] PNG encoding started
[Tue, 28 Jul 2026 18:29:42 IST] [INFO] PNG encoding finished
[Tue, 28 Jul 2026 18:29:42 IST] [INFO] PNG byte size: 2548
[Tue, 28 Jul 2026 18:29:42 IST] [INFO] Base64 byte size: 3400
[Tue, 28 Jul 2026 18:29:42 IST] [INFO] TX img: Stream ID: 17, Timestamp: 2026-07-28 18:29:42.012037 +0530 IST m=+69.860752001
[Tue, 28 Jul 2026 18:29:42 IST] [INFO] Queue length: 0
[Tue, 28 Jul 2026 18:29:42 IST] [INFO] Whether send blocks: yes, if queue is full
[Tue, 28 Jul 2026 18:29:42 IST] [INFO] Whether send succeeds: true (queued)
[Tue, 28 Jul 2026 18:29:42 IST] [INFO] TX blob: Stream ID: 17, Blob size: 3400, Timestamp: 2026-07-28 18:29:42.0127121 +0530 IST m=+69.861427101
[Tue, 28 Jul 2026 18:29:42 IST] [INFO] Queue length: 0
[Tue, 28 Jul 2026 18:29:42 IST] [INFO] Whether send blocks: yes, if queue is full
[Tue, 28 Jul 2026 18:29:42 IST] [INFO] Whether send succeeds: true (queued)
[Tue, 28 Jul 2026 18:29:42 IST] [INFO] TX end: Stream ID: 17, Timestamp: 2026-07-28 18:29:42.0127121 +0530 IST m=+69.861427101
[Tue, 28 Jul 2026 18:29:42 IST] [INFO] Queue length: 1
[Tue, 28 Jul 2026 18:29:42 IST] [INFO] Whether send blocks: yes, if queue is full
[Tue, 28 Jul 2026 18:29:42 IST] [INFO] Whether send succeeds: true (queued)
[Tue, 28 Jul 2026 18:29:42 IST] [INFO] TX sync: Timestamp: 2026-07-28 18:29:42.0127121 +0530 IST m=+69.861427101
[Tue, 28 Jul 2026 18:29:42 IST] [INFO] Queue length: 2
[Tue, 28 Jul 2026 18:29:42 IST] [INFO] Whether send blocks: yes, if queue is full
[Tue, 28 Jul 2026 18:29:42 IST] [INFO] Whether send succeeds: true (queued)
[Tue, 28 Jul 2026 18:29:42 IST] [INFO] ========== Capture Tick ==========
[Tue, 28 Jul 2026 18:29:42 IST] [INFO] Current timestamp: 2026-07-28 18:29:42.0603173 +0530 IST m=+69.909032301
[Tue, 28 Jul 2026 18:29:42 IST] [INFO] HWND: 3935346
[Tue, 28 Jul 2026 18:29:42 IST] [INFO] FindWindowByPID() succeeded: true
[Tue, 28 Jul 2026 18:29:42 IST] [INFO] Process is still alive: true
[Tue, 28 Jul 2026 18:29:42 IST] [INFO] CaptureWindow entered
[Tue, 28 Jul 2026 18:29:42 IST] [INFO] HWND: 3935346
[Tue, 28 Jul 2026 18:29:42 IST] [INFO] Width: 1024, Height: 768
[Tue, 28 Jul 2026 18:29:42 IST] [INFO] GetWindowDC succeeded: true
[Tue, 28 Jul 2026 18:29:42 IST] [INFO] CreateCompatibleDC succeeded: true
[Tue, 28 Jul 2026 18:29:42 IST] [INFO] CreateCompatibleBitmap succeeded: true
[Tue, 28 Jul 2026 18:29:42 IST] [INFO] SelectObject succeeded: true
[Tue, 28 Jul 2026 18:29:42 IST] [INFO] PrintWindow return value: 1
[Tue, 28 Jul 2026 18:29:42 IST] [INFO] Fallback PrintWindow() is executed: false
[Tue, 28 Jul 2026 18:29:42 IST] [INFO] GetDIBits return value: 768
[Tue, 28 Jul 2026 18:29:42 IST] [INFO] Number of scanlines copied: 768
[Tue, 28 Jul 2026 18:29:42 IST] [INFO] GetDIBits Width: 1024
[Tue, 28 Jul 2026 18:29:42 IST] [INFO] GetDIBits Height: 768
[Tue, 28 Jul 2026 18:29:42 IST] [INFO] Bitmap format: BI_RGB (32-bit)
[Tue, 28 Jul 2026 18:29:42 IST] [INFO] Non-black pixels: 494533
[Tue, 28 Jul 2026 18:29:42 IST] [INFO] Transparent pixels: 0
[Tue, 28 Jul 2026 18:29:42 IST] [INFO] Opaque pixels: 786432
[Tue, 28 Jul 2026 18:29:42 IST] [INFO] Dirty rectangle empty
[Tue, 28 Jul 2026 18:29:42 IST] [INFO] ========== Capture Tick ==========
[Tue, 28 Jul 2026 18:29:42 IST] [INFO] Current timestamp: 2026-07-28 18:29:42.160091 +0530 IST m=+70.008806001
[Tue, 28 Jul 2026 18:29:42 IST] [INFO] HWND: 3935346
[Tue, 28 Jul 2026 18:29:42 IST] [INFO] FindWindowByPID() succeeded: true
[Tue, 28 Jul 2026 18:29:42 IST] [INFO] Process is still alive: true
[Tue, 28 Jul 2026 18:29:42 IST] [INFO] CaptureWindow entered
[Tue, 28 Jul 2026 18:29:42 IST] [INFO] HWND: 3935346
[Tue, 28 Jul 2026 18:29:42 IST] [INFO] Width: 1024, Height: 768
[Tue, 28 Jul 2026 18:29:42 IST] [INFO] GetWindowDC succeeded: true
[Tue, 28 Jul 2026 18:29:42 IST] [INFO] CreateCompatibleDC succeeded: true
[Tue, 28 Jul 2026 18:29:42 IST] [INFO] CreateCompatibleBitmap succeeded: true
[Tue, 28 Jul 2026 18:29:42 IST] [INFO] SelectObject succeeded: true
[Tue, 28 Jul 2026 18:29:42 IST] [INFO] PrintWindow return value: 1
[Tue, 28 Jul 2026 18:29:42 IST] [INFO] Fallback PrintWindow() is executed: false
[Tue, 28 Jul 2026 18:29:42 IST] [INFO] GetDIBits return value: 768
[Tue, 28 Jul 2026 18:29:42 IST] [INFO] Number of scanlines copied: 768
[Tue, 28 Jul 2026 18:29:42 IST] [INFO] GetDIBits Width: 1024
[Tue, 28 Jul 2026 18:29:42 IST] [INFO] GetDIBits Height: 768
[Tue, 28 Jul 2026 18:29:42 IST] [INFO] Bitmap format: BI_RGB (32-bit)
[Tue, 28 Jul 2026 18:29:42 IST] [INFO] Non-black pixels: 494533
[Tue, 28 Jul 2026 18:29:42 IST] [INFO] Transparent pixels: 0
[Tue, 28 Jul 2026 18:29:42 IST] [INFO] Opaque pixels: 786432
[Tue, 28 Jul 2026 18:29:42 IST] [INFO] Dirty rectangle empty
[Tue, 28 Jul 2026 18:29:42 IST] [INFO] ========== Capture Tick ==========
[Tue, 28 Jul 2026 18:29:42 IST] [INFO] Current timestamp: 2026-07-28 18:29:42.2601313 +0530 IST m=+70.108846301
[Tue, 28 Jul 2026 18:29:42 IST] [INFO] HWND: 3935346
[Tue, 28 Jul 2026 18:29:42 IST] [INFO] FindWindowByPID() succeeded: true
[Tue, 28 Jul 2026 18:29:42 IST] [INFO] Process is still alive: true
[Tue, 28 Jul 2026 18:29:42 IST] [INFO] CaptureWindow entered
[Tue, 28 Jul 2026 18:29:42 IST] [INFO] HWND: 3935346
[Tue, 28 Jul 2026 18:29:42 IST] [INFO] Width: 1024, Height: 768
[Tue, 28 Jul 2026 18:29:42 IST] [INFO] GetWindowDC succeeded: true
[Tue, 28 Jul 2026 18:29:42 IST] [INFO] CreateCompatibleDC succeeded: true
[Tue, 28 Jul 2026 18:29:42 IST] [INFO] CreateCompatibleBitmap succeeded: true
[Tue, 28 Jul 2026 18:29:42 IST] [INFO] SelectObject succeeded: true
[Tue, 28 Jul 2026 18:29:42 IST] [INFO] PrintWindow return value: 1
[Tue, 28 Jul 2026 18:29:42 IST] [INFO] Fallback PrintWindow() is executed: false
[Tue, 28 Jul 2026 18:29:42 IST] [INFO] GetDIBits return value: 768
[Tue, 28 Jul 2026 18:29:42 IST] [INFO] Number of scanlines copied: 768
[Tue, 28 Jul 2026 18:29:42 IST] [INFO] GetDIBits Width: 1024
[Tue, 28 Jul 2026 18:29:42 IST] [INFO] GetDIBits Height: 768
[Tue, 28 Jul 2026 18:29:42 IST] [INFO] Bitmap format: BI_RGB (32-bit)
[Tue, 28 Jul 2026 18:29:42 IST] [INFO] Non-black pixels: 494533
[Tue, 28 Jul 2026 18:29:42 IST] [INFO] Transparent pixels: 0
[Tue, 28 Jul 2026 18:29:42 IST] [INFO] Opaque pixels: 786432
[Tue, 28 Jul 2026 18:29:42 IST] [INFO] Dirty rectangle empty
[Tue, 28 Jul 2026 18:29:42 IST] [INFO] ========== Capture Tick ==========
[Tue, 28 Jul 2026 18:29:42 IST] [INFO] Current timestamp: 2026-07-28 18:29:42.3601261 +0530 IST m=+70.208841101
[Tue, 28 Jul 2026 18:29:42 IST] [INFO] HWND: 3935346
[Tue, 28 Jul 2026 18:29:42 IST] [INFO] FindWindowByPID() succeeded: true
[Tue, 28 Jul 2026 18:29:42 IST] [INFO] Process is still alive: true
[Tue, 28 Jul 2026 18:29:42 IST] [INFO] CaptureWindow entered
[Tue, 28 Jul 2026 18:29:42 IST] [INFO] HWND: 3935346
[Tue, 28 Jul 2026 18:29:42 IST] [INFO] Width: 1024, Height: 768
[Tue, 28 Jul 2026 18:29:42 IST] [INFO] GetWindowDC succeeded: true
[Tue, 28 Jul 2026 18:29:42 IST] [INFO] CreateCompatibleDC succeeded: true
[Tue, 28 Jul 2026 18:29:42 IST] [INFO] CreateCompatibleBitmap succeeded: true
[Tue, 28 Jul 2026 18:29:42 IST] [INFO] SelectObject succeeded: true
[Tue, 28 Jul 2026 18:29:42 IST] [INFO] PrintWindow return value: 1
[Tue, 28 Jul 2026 18:29:42 IST] [INFO] Fallback PrintWindow() is executed: false
[Tue, 28 Jul 2026 18:29:42 IST] [INFO] GetDIBits return value: 768
[Tue, 28 Jul 2026 18:29:42 IST] [INFO] Number of scanlines copied: 768
[Tue, 28 Jul 2026 18:29:42 IST] [INFO] GetDIBits Width: 1024
[Tue, 28 Jul 2026 18:29:42 IST] [INFO] GetDIBits Height: 768
[Tue, 28 Jul 2026 18:29:42 IST] [INFO] Bitmap format: BI_RGB (32-bit)
[Tue, 28 Jul 2026 18:29:42 IST] [INFO] Non-black pixels: 494533
[Tue, 28 Jul 2026 18:29:42 IST] [INFO] Transparent pixels: 0
[Tue, 28 Jul 2026 18:29:42 IST] [INFO] Opaque pixels: 786432
[Tue, 28 Jul 2026 18:29:42 IST] [INFO] Dirty rectangle empty
[Tue, 28 Jul 2026 18:29:42 IST] [INFO] ========== Capture Tick ==========
[Tue, 28 Jul 2026 18:29:42 IST] [INFO] Current timestamp: 2026-07-28 18:29:42.4605201 +0530 IST m=+70.309235101
[Tue, 28 Jul 2026 18:29:42 IST] [INFO] HWND: 3935346
[Tue, 28 Jul 2026 18:29:42 IST] [INFO] FindWindowByPID() succeeded: true
[Tue, 28 Jul 2026 18:29:42 IST] [INFO] Process is still alive: true
[Tue, 28 Jul 2026 18:29:42 IST] [INFO] CaptureWindow entered
[Tue, 28 Jul 2026 18:29:42 IST] [INFO] HWND: 3935346
[Tue, 28 Jul 2026 18:29:42 IST] [INFO] Width: 1024, Height: 768
[Tue, 28 Jul 2026 18:29:42 IST] [INFO] GetWindowDC succeeded: true
[Tue, 28 Jul 2026 18:29:42 IST] [INFO] CreateCompatibleDC succeeded: true
[Tue, 28 Jul 2026 18:29:42 IST] [INFO] CreateCompatibleBitmap succeeded: true
[Tue, 28 Jul 2026 18:29:42 IST] [INFO] SelectObject succeeded: true
[Tue, 28 Jul 2026 18:29:42 IST] [INFO] PrintWindow return value: 1
[Tue, 28 Jul 2026 18:29:42 IST] [INFO] Fallback PrintWindow() is executed: false
[Tue, 28 Jul 2026 18:29:42 IST] [INFO] GetDIBits return value: 768
[Tue, 28 Jul 2026 18:29:42 IST] [INFO] Number of scanlines copied: 768
[Tue, 28 Jul 2026 18:29:42 IST] [INFO] GetDIBits Width: 1024
[Tue, 28 Jul 2026 18:29:42 IST] [INFO] GetDIBits Height: 768
[Tue, 28 Jul 2026 18:29:42 IST] [INFO] Bitmap format: BI_RGB (32-bit)
[Tue, 28 Jul 2026 18:29:42 IST] [INFO] Non-black pixels: 494533
[Tue, 28 Jul 2026 18:29:42 IST] [INFO] Transparent pixels: 0
[Tue, 28 Jul 2026 18:29:42 IST] [INFO] Opaque pixels: 786432
[Tue, 28 Jul 2026 18:29:42 IST] [INFO] Dirty rectangle coordinates: (987,1)-(1024,30)
[Tue, 28 Jul 2026 18:29:42 IST] [INFO] Width: 37
[Tue, 28 Jul 2026 18:29:42 IST] [INFO] Height: 29
[Tue, 28 Jul 2026 18:29:42 IST] [INFO] PNG encoding started
[Tue, 28 Jul 2026 18:29:42 IST] [INFO] PNG encoding finished
[Tue, 28 Jul 2026 18:29:42 IST] [INFO] PNG byte size: 268
[Tue, 28 Jul 2026 18:29:42 IST] [INFO] Base64 byte size: 360
[Tue, 28 Jul 2026 18:29:42 IST] [INFO] TX img: Stream ID: 18, Timestamp: 2026-07-28 18:29:42.5016335 +0530 IST m=+70.350348501
[Tue, 28 Jul 2026 18:29:42 IST] [INFO] Queue length: 0
[Tue, 28 Jul 2026 18:29:42 IST] [INFO] Whether send blocks: yes, if queue is full
[Tue, 28 Jul 2026 18:29:42 IST] [INFO] Whether send succeeds: true (queued)
[Tue, 28 Jul 2026 18:29:42 IST] [INFO] TX blob: Stream ID: 18, Blob size: 360, Timestamp: 2026-07-28 18:29:42.5016335 +0530 IST m=+70.350348501
[Tue, 28 Jul 2026 18:29:42 IST] [INFO] Queue length: 0
[Tue, 28 Jul 2026 18:29:42 IST] [INFO] Whether send blocks: yes, if queue is full
[Tue, 28 Jul 2026 18:29:42 IST] [INFO] Whether send succeeds: true (queued)
[Tue, 28 Jul 2026 18:29:42 IST] [INFO] TX end: Stream ID: 18, Timestamp: 2026-07-28 18:29:42.5016335 +0530 IST m=+70.350348501
[Tue, 28 Jul 2026 18:29:42 IST] [INFO] Queue length: 1
[Tue, 28 Jul 2026 18:29:42 IST] [INFO] Whether send blocks: yes, if queue is full
[Tue, 28 Jul 2026 18:29:42 IST] [INFO] Whether send succeeds: true (queued)
[Tue, 28 Jul 2026 18:29:42 IST] [INFO] TX sync: Timestamp: 2026-07-28 18:29:42.5016335 +0530 IST m=+70.350348501
[Tue, 28 Jul 2026 18:29:42 IST] [INFO] Queue length: 2
[Tue, 28 Jul 2026 18:29:42 IST] [INFO] Whether send blocks: yes, if queue is full
[Tue, 28 Jul 2026 18:29:42 IST] [INFO] Whether send succeeds: true (queued)
[Tue, 28 Jul 2026 18:29:42 IST] [INFO] ========== Capture Tick ==========
[Tue, 28 Jul 2026 18:29:42 IST] [INFO] Current timestamp: 2026-07-28 18:29:42.5604285 +0530 IST m=+70.409143501
[Tue, 28 Jul 2026 18:29:42 IST] [INFO] HWND: 3935346
[Tue, 28 Jul 2026 18:29:42 IST] [INFO] FindWindowByPID() succeeded: true
[Tue, 28 Jul 2026 18:29:42 IST] [INFO] Process is still alive: true
[Tue, 28 Jul 2026 18:29:42 IST] [INFO] CaptureWindow entered
[Tue, 28 Jul 2026 18:29:42 IST] [INFO] HWND: 3935346
[Tue, 28 Jul 2026 18:29:42 IST] [INFO] Width: 1024, Height: 768
[Tue, 28 Jul 2026 18:29:42 IST] [INFO] GetWindowDC succeeded: true
[Tue, 28 Jul 2026 18:29:42 IST] [INFO] CreateCompatibleDC succeeded: true
[Tue, 28 Jul 2026 18:29:42 IST] [INFO] CreateCompatibleBitmap succeeded: true
[Tue, 28 Jul 2026 18:29:42 IST] [INFO] SelectObject succeeded: true
[Tue, 28 Jul 2026 18:29:42 IST] [INFO] PrintWindow return value: 1
[Tue, 28 Jul 2026 18:29:42 IST] [INFO] Fallback PrintWindow() is executed: false
[Tue, 28 Jul 2026 18:29:42 IST] [INFO] GetDIBits return value: 768
[Tue, 28 Jul 2026 18:29:42 IST] [INFO] Number of scanlines copied: 768
[Tue, 28 Jul 2026 18:29:42 IST] [INFO] GetDIBits Width: 1024
[Tue, 28 Jul 2026 18:29:42 IST] [INFO] GetDIBits Height: 768
[Tue, 28 Jul 2026 18:29:42 IST] [INFO] Bitmap format: BI_RGB (32-bit)
[Tue, 28 Jul 2026 18:29:42 IST] [INFO] Non-black pixels: 494533
[Tue, 28 Jul 2026 18:29:42 IST] [INFO] Transparent pixels: 0
[Tue, 28 Jul 2026 18:29:42 IST] [INFO] Opaque pixels: 786432
[Tue, 28 Jul 2026 18:29:42 IST] [INFO] Dirty rectangle coordinates: (987,1)-(1024,30)
[Tue, 28 Jul 2026 18:29:42 IST] [INFO] Width: 37
[Tue, 28 Jul 2026 18:29:42 IST] [INFO] Height: 29
[Tue, 28 Jul 2026 18:29:42 IST] [INFO] PNG encoding started
[Tue, 28 Jul 2026 18:29:42 IST] [INFO] PNG encoding finished
[Tue, 28 Jul 2026 18:29:42 IST] [INFO] PNG byte size: 264
[Tue, 28 Jul 2026 18:29:42 IST] [INFO] Base64 byte size: 352
[Tue, 28 Jul 2026 18:29:42 IST] [INFO] TX img: Stream ID: 19, Timestamp: 2026-07-28 18:29:42.6103063 +0530 IST m=+70.459021301
[Tue, 28 Jul 2026 18:29:42 IST] [INFO] Queue length: 0
[Tue, 28 Jul 2026 18:29:42 IST] [INFO] Whether send blocks: yes, if queue is full
[Tue, 28 Jul 2026 18:29:42 IST] [INFO] Whether send succeeds: true (queued)
[Tue, 28 Jul 2026 18:29:42 IST] [INFO] TX blob: Stream ID: 19, Blob size: 352, Timestamp: 2026-07-28 18:29:42.6103063 +0530 IST m=+70.459021301
[Tue, 28 Jul 2026 18:29:42 IST] [INFO] Queue length: 0
[Tue, 28 Jul 2026 18:29:42 IST] [INFO] Whether send blocks: yes, if queue is full
[Tue, 28 Jul 2026 18:29:42 IST] [INFO] Whether send succeeds: true (queued)
[Tue, 28 Jul 2026 18:29:42 IST] [INFO] TX end: Stream ID: 19, Timestamp: 2026-07-28 18:29:42.6109132 +0530 IST m=+70.459628201
[Tue, 28 Jul 2026 18:29:42 IST] [INFO] Queue length: 1
[Tue, 28 Jul 2026 18:29:42 IST] [INFO] Whether send blocks: yes, if queue is full
[Tue, 28 Jul 2026 18:29:42 IST] [INFO] Whether send succeeds: true (queued)
[Tue, 28 Jul 2026 18:29:42 IST] [INFO] TX sync: Timestamp: 2026-07-28 18:29:42.6109132 +0530 IST m=+70.459628201
[Tue, 28 Jul 2026 18:29:42 IST] [INFO] Queue length: 2
[Tue, 28 Jul 2026 18:29:42 IST] [INFO] Whether send blocks: yes, if queue is full
[Tue, 28 Jul 2026 18:29:42 IST] [INFO] Whether send succeeds: true (queued)
[Tue, 28 Jul 2026 18:29:42 IST] [INFO] ========== Capture Tick ==========
[Tue, 28 Jul 2026 18:29:42 IST] [INFO] Current timestamp: 2026-07-28 18:29:42.6606396 +0530 IST m=+70.509354601
[Tue, 28 Jul 2026 18:29:42 IST] [INFO] HWND: 3935346
[Tue, 28 Jul 2026 18:29:42 IST] [INFO] FindWindowByPID() succeeded: true
[Tue, 28 Jul 2026 18:29:42 IST] [INFO] Process is still alive: true
[Tue, 28 Jul 2026 18:29:42 IST] [INFO] CaptureWindow entered
[Tue, 28 Jul 2026 18:29:42 IST] [INFO] HWND: 3935346
[Tue, 28 Jul 2026 18:29:42 IST] [INFO] Width: 1024, Height: 768
[Tue, 28 Jul 2026 18:29:42 IST] [INFO] GetWindowDC succeeded: true
[Tue, 28 Jul 2026 18:29:42 IST] [INFO] CreateCompatibleDC succeeded: true
[Tue, 28 Jul 2026 18:29:42 IST] [INFO] CreateCompatibleBitmap succeeded: true
[Tue, 28 Jul 2026 18:29:42 IST] [INFO] SelectObject succeeded: true
[Tue, 28 Jul 2026 18:29:42 IST] [INFO] PrintWindow return value: 1
[Tue, 28 Jul 2026 18:29:42 IST] [INFO] Fallback PrintWindow() is executed: false
[Tue, 28 Jul 2026 18:29:42 IST] [INFO] GetDIBits return value: 768
[Tue, 28 Jul 2026 18:29:42 IST] [INFO] Number of scanlines copied: 768
[Tue, 28 Jul 2026 18:29:42 IST] [INFO] GetDIBits Width: 1024
[Tue, 28 Jul 2026 18:29:42 IST] [INFO] GetDIBits Height: 768
[Tue, 28 Jul 2026 18:29:42 IST] [INFO] Bitmap format: BI_RGB (32-bit)
[Tue, 28 Jul 2026 18:29:42 IST] [INFO] Non-black pixels: 494533
[Tue, 28 Jul 2026 18:29:42 IST] [INFO] Transparent pixels: 0
[Tue, 28 Jul 2026 18:29:42 IST] [INFO] Opaque pixels: 786432
[Tue, 28 Jul 2026 18:29:42 IST] [INFO] Dirty rectangle coordinates: (987,1)-(1024,30)
[Tue, 28 Jul 2026 18:29:42 IST] [INFO] Width: 37
[Tue, 28 Jul 2026 18:29:42 IST] [INFO] Height: 29
[Tue, 28 Jul 2026 18:29:42 IST] [INFO] PNG encoding started
[Tue, 28 Jul 2026 18:29:42 IST] [INFO] PNG encoding finished
[Tue, 28 Jul 2026 18:29:42 IST] [INFO] PNG byte size: 254
[Tue, 28 Jul 2026 18:29:42 IST] [INFO] Base64 byte size: 340
[Tue, 28 Jul 2026 18:29:42 IST] [INFO] TX img: Stream ID: 20, Timestamp: 2026-07-28 18:29:42.7059848 +0530 IST m=+70.554699801
[Tue, 28 Jul 2026 18:29:42 IST] [INFO] Queue length: 0
[Tue, 28 Jul 2026 18:29:42 IST] [INFO] Whether send blocks: yes, if queue is full
[Tue, 28 Jul 2026 18:29:42 IST] [INFO] Whether send succeeds: true (queued)
[Tue, 28 Jul 2026 18:29:42 IST] [INFO] TX blob: Stream ID: 20, Blob size: 340, Timestamp: 2026-07-28 18:29:42.7059848 +0530 IST m=+70.554699801
[Tue, 28 Jul 2026 18:29:42 IST] [INFO] Queue length: 0
[Tue, 28 Jul 2026 18:29:42 IST] [INFO] Whether send blocks: yes, if queue is full
[Tue, 28 Jul 2026 18:29:42 IST] [INFO] Whether send succeeds: true (queued)
[Tue, 28 Jul 2026 18:29:42 IST] [INFO] TX end: Stream ID: 20, Timestamp: 2026-07-28 18:29:42.7059848 +0530 IST m=+70.554699801
[Tue, 28 Jul 2026 18:29:42 IST] [INFO] Queue length: 1
[Tue, 28 Jul 2026 18:29:42 IST] [INFO] Whether send blocks: yes, if queue is full
[Tue, 28 Jul 2026 18:29:42 IST] [INFO] Whether send succeeds: true (queued)
[Tue, 28 Jul 2026 18:29:42 IST] [INFO] TX sync: Timestamp: 2026-07-28 18:29:42.7059848 +0530 IST m=+70.554699801
[Tue, 28 Jul 2026 18:29:42 IST] [INFO] Queue length: 2
[Tue, 28 Jul 2026 18:29:42 IST] [INFO] Whether send blocks: yes, if queue is full
[Tue, 28 Jul 2026 18:29:42 IST] [INFO] Whether send succeeds: true (queued)
[Tue, 28 Jul 2026 18:29:42 IST] [INFO] ========== Capture Tick ==========
[Tue, 28 Jul 2026 18:29:42 IST] [INFO] Current timestamp: 2026-07-28 18:29:42.7605377 +0530 IST m=+70.609252701
[Tue, 28 Jul 2026 18:29:42 IST] [INFO] HWND: 0
[Tue, 28 Jul 2026 18:29:42 IST] [INFO] FindWindowByPID() succeeded: false
[Tue, 28 Jul 2026 18:29:42 IST] [INFO] Process is still alive: true
[Tue, 28 Jul 2026 18:29:42 IST] [INFO] [ProcessMonitor] FreeRDP (PID: 54752) exited unexpectedly with error: exit status 131
[Tue, 28 Jul 2026 18:29:42 IST] [INFO] [StartRendering] FreeRDP process died during capture: exit status 131
